query_id,star_size,answers,match_ms,drain_ms,total_ms
0,-1,0,0.011,0.000,0.011
1,-1,0,0.003,0.000,0.003
2,-1,0,0.002,0.000,0.002
3,-1,0,0.015,0.000,0.015
4,-1,0,0.007,0.000,0.007
5,-1,5,0.004,0.000,0.004
6,-1,0,0.001,0.000,0.001
7,-1,0,0.010,0.000,0.010
8,-1,12,0.007,0.000,0.007
9,-1,4,0.003,0.000,0.004
10,-1,0,0.010,0.000,0.010
11,-1,0,0.022,0.000,0.023
12,-1,0,0.002,0.000,0.002
13,-1,0,0.001,0.000,0.001
14,-1,0,0.005,0.000,0.005
15,-1,0,0.004,0.000,0.004
16,-1,8,0.005,0.000,0.005
17,-1,0,0.025,0.000,0.025
18,-1,0,0.012,0.000,0.012
19,-1,0,0.014,0.000,0.014
20,-1,0,0.011,0.000,0.011
21,-1,0,0.056,0.000,0.057
22,-1,0,0.004,0.000,0.005
23,-1,0,0.017,0.000,0.018
24,-1,0,0.001,0.000,0.001
25,-1,3,0.006,0.000,0.006
26,-1,0,0.004,0.000,0.004
27,-1,0,0.003,0.000,0.003
28,-1,0,0.001,0.000,0.001
29,-1,0,0.010,0.000,0.010
30,-1,1,0.069,0.000,0.069
31,-1,0,0.012,0.000,0.013
32,-1,0,0.010,0.000,0.010
33,-1,0,0.001,0.000,0.001
34,-1,1,0.328,0.000,0.328
35,-1,0,0.009,0.000,0.009
36,-1,0,0.004,0.000,0.004
37,-1,0,0.004,0.000,0.004
38,-1,0,0.001,0.000,0.001
39,-1,0,0.013,0.000,0.013
40,-1,0,0.009,0.000,0.009
41,-1,0,0.001,0.000,0.002
42,-1,0,0.001,0.000,0.001
43,-1,5,0.002,0.000,0.002
44,-1,0,0.001,0.000,0.001
45,-1,1,0.001,0.000,0.002
46,-1,0,0.012,0.000,0.012
47,-1,0,0.006,0.000,0.006
48,-1,0,0.014,0.000,0.014
49,-1,0,0.001,0.000,0.001
50,-1,0,0.005,0.000,0.005
51,-1,0,0.001,0.000,0.001
52,-1,0,0.005,0.000,0.005
53,-1,0,0.001,0.000,0.001
54,-1,1,0.001,0.000,0.002
55,-1,1,0.235,0.000,0.235
56,-1,0,0.001,0.000,0.001
57,-1,4,0.002,0.000,0.002
58,-1,0,0.022,0.000,0.022
59,-1,0,0.001,0.000,0.001
60,-1,0,0.001,0.000,0.001
61,-1,0,0.026,0.000,0.026
62,-1,0,0.002,0.000,0.002
63,-1,0,0.015,0.000,0.015
64,-1,1,0.082,0.000,0.082
65,-1,0,0.002,0.000,0.003
66,-1,1,0.019,0.000,0.020
67,-1,0,0.013,0.000,0.013
68,-1,0,0.001,0.000,0.001
69,-1,1,0.006,0.000,0.006
70,-1,0,0.012,0.000,0.012
71,-1,0,0.023,0.000,0.023
72,-1,0,0.001,0.000,0.001
73,-1,0,0.001,0.000,0.001
74,-1,0,0.024,0.000,0.024
75,-1,0,0.028,0.000,0.028
76,-1,0,0.003,0.000,0.003
77,-1,0,0.001,0.000,0.001
78,-1,0,0.001,0.000,0.002
79,-1,0,0.004,0.000,0.005
80,-1,0,0.001,0.000,0.001
81,-1,0,0.001,0.000,0.001
82,-1,0,0.015,0.000,0.015
83,-1,3,0.002,0.000,0.002
84,-1,0,0.006,0.000,0.006
85,-1,0,0.001,0.000,0.001
86,-1,1,0.017,0.000,0.017
87,-1,0,0.001,0.000,0.001
88,-1,0,0.232,0.000,0.232
89,-1,0,0.006,0.000,0.006
90,-1,0,0.031,0.000,0.031
91,-1,0,0.004,0.000,0.004
92,-1,0,0.005,0.000,0.005
93,-1,0,0.002,0.000,0.002
94,-1,0,0.014,0.000,0.014
95,-1,0,0.001,0.000,0.001
96,-1,3,0.003,0.000,0.003
97,-1,0,0.005,0.000,0.005
98,-1,1,0.021,0.000,0.021
99,-1,0,0.001,0.000,0.001
100,-1,3,0.003,0.000,0.003
101,-1,0,0.001,0.000,0.001
102,-1,5,0.003,0.000,0.003
103,-1,0,0.914,0.001,0.915
104,-1,3,0.003,0.000,0.003
105,-1,0,0.005,0.000,0.005
106,-1,4,0.628,0.000,0.629
107,-1,7,0.005,0.000,0.005
108,-1,0,0.002,0.000,0.002
109,-1,2,0.002,0.000,0.002
110,-1,0,0.011,0.000,0.011
111,-1,0,0.001,0.000,0.001
112,-1,0,0.020,0.000,0.020
113,-1,2,0.002,0.000,0.002
114,-1,0,0.001,0.000,0.001
115,-1,0,0.001,0.000,0.001
116,-1,0,0.001,0.000,0.001
117,-1,0,0.006,0.000,0.006
118,-1,0,0.001,0.000,0.001
119,-1,0,0.006,0.000,0.006
120,-1,0,0.001,0.000,0.001
121,-1,0,0.001,0.000,0.001
122,-1,0,0.004,0.000,0.004
123,-1,0,0.035,0.000,0.035
124,-1,0,0.007,0.000,0.007
125,-1,0,0.008,0.000,0.009
126,-1,0,0.001,0.000,0.001
127,-1,0,0.001,0.000,0.001
128,-1,0,0.016,0.000,0.016
129,-1,0,0.001,0.000,0.001
130,-1,0,0.006,0.000,0.006
131,-1,0,0.038,0.000,0.039
132,-1,29,0.011,0.000,0.011
133,-1,0,0.001,0.000,0.001
134,-1,0,0.007,0.000,0.007
135,-1,0,0.106,0.000,0.107
136,-1,0,0.005,0.000,0.005
137,-1,0,0.012,0.000,0.012
138,-1,0,0.009,0.000,0.009
139,-1,0,0.001,0.000,0.001
140,-1,0,0.001,0.000,0.001
141,-1,0,0.002,0.000,0.002
142,-1,23,0.005,0.000,0.005
143,-1,0,0.002,0.000,0.002
144,-1,0,0.001,0.000,0.001
145,-1,0,0.001,0.000,0.001
146,-1,0,0.001,0.000,0.001
147,-1,6,0.003,0.000,0.003
148,-1,0,0.001,0.000,0.001
149,-1,0,0.010,0.000,0.010
150,-1,0,0.001,0.000,0.001
151,-1,0,0.005,0.000,0.006
152,-1,0,0.137,0.000,0.137
153,-1,0,0.001,0.000,0.001
154,-1,0,0.001,0.000,0.001
155,-1,0,0.008,0.000,0.008
156,-1,0,0.006,0.000,0.006
157,-1,0,0.010,0.000,0.010
158,-1,0,0.001,0.000,0.001
159,-1,2,0.002,0.000,0.002
160,-1,0,0.003,0.000,0.003
161,-1,0,0.013,0.000,0.013
162,-1,0,0.003,0.000,0.003
163,-1,0,0.013,0.000,0.013
164,-1,0,0.011,0.000,0.011
165,-1,0,0.002,0.000,0.002
166,-1,0,0.004,0.000,0.005
167,-1,0,0.002,0.000,0.002
168,-1,0,0.001,0.000,0.001
169,-1,0,0.009,0.000,0.010
170,-1,0,0.001,0.000,0.001
171,-1,1,0.113,0.000,0.113
172,-1,0,0.024,0.000,0.024
173,-1,0,0.001,0.000,0.001
174,-1,0,0.001,0.000,0.001
175,-1,0,0.001,0.000,0.001
176,-1,0,0.001,0.000,0.001
177,-1,0,0.003,0.000,0.004
178,-1,0,0.012,0.000,0.012
179,-1,0,0.001,0.000,0.001
180,-1,23,0.010,0.000,0.010
181,-1,0,0.001,0.000,0.001
182,-1,0,0.012,0.000,0.012
183,-1,0,0.007,0.000,0.007
184,-1,0,0.011,0.000,0.011
185,-1,0,0.436,0.000,0.437
186,-1,1,0.002,0.000,0.002
187,-1,0,0.016,0.000,0.016
188,-1,0,0.012,0.000,0.012
189,-1,0,0.001,0.000,0.001
190,-1,0,0.006,0.000,0.006
191,-1,0,0.014,0.000,0.015
192,-1,2,0.311,0.000,0.311
193,-1,2,0.002,0.000,0.002
194,-1,0,0.012,0.000,0.013
195,-1,0,0.004,0.000,0.005
196,-1,0,0.001,0.000,0.001
197,-1,0,0.006,0.000,0.006
198,-1,0,0.005,0.000,0.005
199,-1,0,0.011,0.000,0.011
200,-1,1,0.001,0.000,0.001
201,-1,0,0.001,0.000,0.001
202,-1,0,0.003,0.000,0.003
203,-1,0,0.009,0.000,0.010
204,-1,0,0.001,0.000,0.001
205,-1,0,0.001,0.000,0.001
206,-1,0,0.006,0.000,0.007
207,-1,0,0.001,0.000,0.001
208,-1,0,0.004,0.000,0.004
209,-1,2,0.002,0.000,0.002
210,-1,0,0.012,0.000,0.012
211,-1,0,0.009,0.000,0.009
212,-1,0,0.101,0.000,0.101
213,-1,0,0.003,0.000,0.003
214,-1,0,0.001,0.000,0.001
215,-1,0,0.015,0.000,0.015
216,-1,0,0.006,0.000,0.006
217,-1,0,0.023,0.000,0.023
218,-1,0,0.001,0.000,0.001
219,-1,0,0.001,0.000,0.001
220,-1,0,0.001,0.000,0.001
221,-1,0,0.001,0.000,0.001
222,-1,0,0.004,0.000,0.005
223,-1,0,0.022,0.000,0.022
224,-1,0,0.001,0.000,0.002
225,-1,0,0.001,0.000,0.001
226,-1,0,0.001,0.000,0.001
227,-1,0,0.004,0.000,0.005
228,-1,0,0.002,0.000,0.002
229,-1,0,0.011,0.000,0.011
230,-1,0,0.004,0.000,0.004
231,-1,0,0.005,0.000,0.005
232,-1,0,0.003,0.000,0.003
233,-1,0,0.021,0.000,0.021
234,-1,0,0.180,0.000,0.180
235,-1,2,1.065,0.000,1.066
236,-1,2,0.003,0.000,0.003
237,-1,0,0.001,0.000,0.001
238,-1,0,0.006,0.000,0.006
239,-1,0,0.027,0.000,0.027
240,-1,0,0.001,0.000,0.001
241,-1,2,0.014,0.000,0.014
242,-1,3,0.196,0.000,0.196
243,-1,0,0.001,0.000,0.001
244,-1,0,0.005,0.000,0.005
245,-1,10,1.652,0.000,1.653
246,-1,0,0.001,0.000,0.001
247,-1,0,0.001,0.000,0.001
248,-1,0,0.011,0.000,0.011
249,-1,0,0.004,0.000,0.004
250,-1,0,0.004,0.000,0.004
251,-1,0,0.015,0.000,0.015
252,-1,0,0.029,0.000,0.029
253,-1,0,0.001,0.000,0.002
254,-1,0,0.001,0.000,0.001
255,-1,0,0.001,0.000,0.001
256,-1,0,0.014,0.000,0.014
257,-1,1,0.173,0.000,0.174
258,-1,39,0.007,0.000,0.007
259,-1,0,0.001,0.000,0.001
260,-1,0,0.002,0.000,0.002
261,-1,0,0.001,0.000,0.001
262,-1,1,0.212,0.000,0.212
263,-1,0,0.004,0.000,0.004
264,-1,0,0.003,0.000,0.003
265,-1,0,0.002,0.000,0.002
266,-1,0,0.018,0.000,0.018
267,-1,0,0.001,0.000,0.001
268,-1,0,0.003,0.000,0.003
269,-1,0,0.001,0.000,0.001
270,-1,2,0.003,0.000,0.003
271,-1,0,0.011,0.000,0.011
272,-1,0,0.004,0.000,0.004
273,-1,0,0.001,0.000,0.002
274,-1,0,0.021,0.000,0.021
275,-1,0,0.019,0.000,0.020
276,-1,1,0.245,0.000,0.246
277,-1,0,0.003,0.000,0.003
278,-1,0,0.001,0.000,0.001
279,-1,0,0.001,0.000,0.001
280,-1,0,0.001,0.000,0.001
281,-1,17,0.008,0.000,0.008
282,-1,0,0.016,0.000,0.016
283,-1,1,0.022,0.000,0.022
284,-1,7,0.003,0.000,0.003
285,-1,0,0.032,0.000,0.032
286,-1,7,0.004,0.000,0.004
287,-1,3,0.002,0.000,0.002
288,-1,0,0.001,0.000,0.001
289,-1,0,0.018,0.000,0.019
290,-1,0,0.001,0.000,0.001
291,-1,1,0.018,0.000,0.018
292,-1,0,0.001,0.000,0.001
293,-1,0,0.003,0.000,0.003
294,-1,0,0.002,0.000,0.002
295,-1,0,0.001,0.000,0.001
296,-1,0,0.001,0.000,0.002
297,-1,0,0.001,0.000,0.001
298,-1,0,0.008,0.000,0.008
299,-1,0,0.003,0.000,0.003
300,-1,0,0.001,0.000,0.001
301,-1,0,0.002,0.000,0.002
302,-1,5,0.003,0.000,0.003
303,-1,2,0.002,0.000,0.002
304,-1,1,0.001,0.000,0.002
305,-1,0,0.005,0.000,0.005
306,-1,0,0.001,0.000,0.001
307,-1,0,0.015,0.000,0.015
308,-1,0,0.006,0.000,0.006
309,-1,0,0.038,0.000,0.038
310,-1,0,0.001,0.000,0.001
311,-1,0,0.223,0.000,0.224
312,-1,0,0.004,0.000,0.004
313,-1,32,0.010,0.000,0.011
314,-1,0,0.011,0.000,0.012
315,-1,0,0.012,0.000,0.012
316,-1,0,0.004,0.000,0.004
317,-1,3,0.002,0.000,0.002
318,-1,0,0.007,0.000,0.007
319,-1,0,0.001,0.000,0.001
320,-1,0,0.001,0.000,0.001
321,-1,0,0.028,0.000,0.028
322,-1,0,0.001,0.000,0.001
323,-1,0,0.001,0.000,0.001
324,-1,0,0.001,0.000,0.001
325,-1,2,0.002,0.000,0.002
326,-1,0,0.010,0.000,0.010
327,-1,0,0.004,0.000,0.004
328,-1,0,0.001,0.000,0.001
329,-1,0,0.001,0.000,0.001
330,-1,0,0.013,0.000,0.014
331,-1,6,0.003,0.000,0.003
332,-1,0,0.031,0.000,0.031
333,-1,0,0.004,0.000,0.004
334,-1,0,0.001,0.000,0.001
335,-1,0,0.001,0.000,0.001
336,-1,0,0.001,0.000,0.001
337,-1,0,0.013,0.000,0.013
338,-1,0,0.004,0.000,0.004
339,-1,0,0.013,0.000,0.013
340,-1,1,0.014,0.000,0.014
341,-1,8,0.004,0.000,0.004
342,-1,2,0.002,0.000,0.002
343,-1,0,0.001,0.000,0.001
344,-1,0,0.001,0.000,0.001
345,-1,0,0.001,0.000,0.001
346,-1,0,0.006,0.000,0.006
347,-1,0,0.003,0.000,0.003
348,-1,1,0.001,0.000,0.001
349,-1,0,0.001,0.000,0.001
350,-1,0,0.170,0.000,0.171
351,-1,0,0.001,0.000,0.001
352,-1,0,0.001,0.000,0.001
353,-1,0,0.016,0.000,0.016
354,-1,0,0.005,0.000,0.005
355,-1,0,0.007,0.000,0.008
356,-1,0,0.001,0.000,0.001
357,-1,0,0.051,0.000,0.051
358,-1,0,0.001,0.000,0.001
359,-1,0,0.097,0.000,0.097
360,-1,0,0.001,0.000,0.001
361,-1,0,0.009,0.000,0.009
362,-1,0,0.074,0.000,0.074
363,-1,0,0.011,0.000,0.011
364,-1,0,0.001,0.000,0.001
365,-1,0,0.007,0.000,0.007
366,-1,5,0.003,0.000,0.004
367,-1,0,0.015,0.000,0.015
368,-1,0,0.001,0.000,0.001
369,-1,0,0.003,0.000,0.003
370,-1,0,0.467,0.000,0.467
371,-1,0,0.011,0.000,0.012
372,-1,0,0.134,0.000,0.134
373,-1,0,0.001,0.000,0.001
374,-1,0,0.045,0.000,0.045
375,-1,0,0.001,0.000,0.001
376,-1,0,0.010,0.000,0.010
377,-1,0,0.024,0.000,0.024
378,-1,1,0.001,0.000,0.001
379,-1,0,0.001,0.000,0.001
380,-1,0,0.001,0.000,0.001
381,-1,0,0.003,0.000,0.003
382,-1,0,0.001,0.000,0.001
383,-1,0,0.006,0.000,0.006
384,-1,0,0.012,0.000,0.012
385,-1,0,0.010,0.000,0.010
386,-1,0,0.010,0.000,0.011
387,-1,0,0.005,0.000,0.005
388,-1,2,0.006,0.000,0.006
389,-1,0,0.005,0.000,0.005
390,-1,0,0.219,0.000,0.219
391,-1,0,0.001,0.000,0.001
392,-1,0,0.041,0.000,0.041
393,-1,0,0.002,0.000,0.002
394,-1,0,0.006,0.000,0.006
395,-1,0,0.000,0.000,0.001
396,-1,0,0.004,0.000,0.004
397,-1,1,0.119,0.000,0.119
398,-1,4,0.613,0.000,0.613
399,-1,0,0.001,0.000,0.001
400,-1,0,0.016,0.000,0.016
401,-1,0,0.001,0.000,0.001
402,-1,0,0.201,0.000,0.201
403,-1,0,0.001,0.000,0.001
404,-1,0,0.001,0.000,0.001
405,-1,0,0.001,0.000,0.001
406,-1,0,0.008,0.000,0.009
407,-1,0,0.011,0.000,0.011
408,-1,0,0.001,0.000,0.001
409,-1,0,0.016,0.000,0.016
410,-1,3,0.002,0.000,0.002
411,-1,0,0.001,0.000,0.001
412,-1,0,0.002,0.000,0.002
413,-1,0,0.054,0.000,0.054
414,-1,0,0.006,0.000,0.006
415,-1,0,0.042,0.000,0.042
416,-1,0,0.029,0.000,0.030
417,-1,0,0.004,0.000,0.004
418,-1,0,0.001,0.000,0.001
419,-1,0,0.001,0.000,0.001
420,-1,0,0.001,0.000,0.001
421,-1,1,0.001,0.000,0.001
422,-1,0,0.004,0.000,0.004
423,-1,0,0.062,0.000,0.062
424,-1,0,0.006,0.000,0.006
425,-1,0,0.004,0.000,0.004
426,-1,0,0.001,0.000,0.001
427,-1,0,0.004,0.000,0.005
428,-1,0,0.001,0.000,0.001
429,-1,0,0.001,0.000,0.001
430,-1,0,0.001,0.000,0.001
431,-1,0,0.001,0.000,0.001
432,-1,0,0.006,0.000,0.006
433,-1,0,0.001,0.000,0.001
434,-1,1,0.105,0.000,0.105
435,-1,0,0.001,0.000,0.001
436,-1,0,0.004,0.000,0.004
437,-1,0,0.009,0.000,0.009
438,-1,4,0.002,0.000,0.002
439,-1,0,0.091,0.000,0.091
440,-1,1,0.337,0.000,0.338
441,-1,0,0.026,0.000,0.026
442,-1,0,0.005,0.000,0.005
443,-1,0,0.006,0.000,0.006
444,-1,0,0.001,0.000,0.001
445,-1,0,0.001,0.000,0.001
446,-1,0,0.013,0.000,0.013
447,-1,0,0.018,0.000,0.018
448,-1,0,0.001,0.000,0.001
449,-1,0,0.005,0.000,0.005
450,-1,0,0.004,0.000,0.004
451,-1,0,0.001,0.000,0.001
452,-1,0,0.004,0.000,0.004
453,-1,0,0.006,0.000,0.006
454,-1,5,1.177,0.000,1.177
455,-1,0,0.003,0.000,0.003
456,-1,0,0.005,0.000,0.005
457,-1,7,0.003,0.000,0.003
458,-1,0,0.003,0.000,0.003
459,-1,0,0.000,0.000,0.001
460,-1,0,0.001,0.000,0.001
461,-1,0,0.001,0.000,0.001
462,-1,0,0.011,0.000,0.011
463,-1,0,0.015,0.000,0.015
464,-1,1,0.001,0.000,0.001
465,-1,0,0.001,0.000,0.001
466,-1,1,0.098,0.000,0.098
467,-1,0,0.002,0.000,0.002
468,-1,0,0.001,0.000,0.001
469,-1,0,0.008,0.000,0.008
470,-1,0,0.006,0.000,0.006
471,-1,0,0.003,0.000,0.003
472,-1,0,0.001,0.000,0.001
473,-1,0,0.002,0.000,0.003
474,-1,0,0.005,0.000,0.005
475,-1,0,0.000,0.000,0.001
476,-1,0,0.010,0.000,0.010
477,-1,0,0.018,0.000,0.018
478,-1,1,0.197,0.000,0.197
479,-1,0,0.014,0.000,0.014
480,-1,0,0.001,0.000,0.001
481,-1,1,0.001,0.000,0.001
482,-1,5,0.003,0.000,0.003
483,-1,0,0.001,0.000,0.001
484,-1,0,0.008,0.000,0.008
485,-1,0,0.002,0.000,0.002
486,-1,0,0.003,0.000,0.003
487,-1,0,0.001,0.000,0.001
488,-1,0,0.003,0.000,0.003
489,-1,0,0.001,0.000,0.001
490,-1,0,0.001,0.000,0.001
491,-1,0,0.009,0.000,0.009
492,-1,0,0.004,0.000,0.004
493,-1,0,0.014,0.000,0.014
494,-1,0,0.001,0.000,0.001
495,-1,0,0.013,0.000,0.013
496,-1,0,0.003,0.000,0.004
497,-1,0,0.002,0.000,0.002
498,-1,5,1.030,0.000,1.030
499,-1,0,0.001,0.000,0.001
500,-1,0,0.001,0.000,0.001
501,-1,0,0.499,0.000,0.499
502,-1,0,0.020,0.000,0.020
503,-1,0,0.003,0.000,0.003
504,-1,0,0.001,0.000,0.001
505,-1,0,0.004,0.000,0.004
506,-1,0,0.002,0.000,0.002
507,-1,0,0.001,0.000,0.001
508,-1,2,0.336,0.000,0.336
509,-1,0,0.001,0.000,0.001
510,-1,10,0.005,0.000,0.005
511,-1,0,0.003,0.000,0.003
512,-1,0,0.223,0.000,0.223
513,-1,0,0.001,0.000,0.001
514,-1,0,0.014,0.000,0.014
515,-1,0,0.001,0.000,0.001
516,-1,0,0.086,0.000,0.086
517,-1,0,0.208,0.000,0.208
518,-1,1,0.007,0.000,0.007
519,-1,0,0.011,0.000,0.011
520,-1,0,0.064,0.000,0.065
521,-1,0,0.001,0.000,0.001
522,-1,0,0.014,0.000,0.014
523,-1,0,0.002,0.000,0.002
524,-1,1,0.001,0.000,0.001
525,-1,0,0.006,0.000,0.006
526,-1,0,0.001,0.000,0.001
527,-1,3,0.002,0.000,0.002
528,-1,0,0.004,0.000,0.004
529,-1,0,0.001,0.000,0.001
530,-1,0,0.010,0.000,0.010
531,-1,0,0.001,0.000,0.001
532,-1,0,0.001,0.000,0.001
533,-1,0,0.001,0.000,0.001
534,-1,0,0.001,0.000,0.001
535,-1,0,0.005,0.000,0.006
536,-1,0,0.008,0.000,0.008
537,-1,0,0.010,0.000,0.010
538,-1,0,0.003,0.000,0.003
539,-1,0,0.003,0.000,0.003
540,-1,0,0.013,0.000,0.013
541,-1,0,0.001,0.000,0.001
542,-1,0,0.004,0.000,0.004
543,-1,0,0.013,0.000,0.013
544,-1,1,0.001,0.000,0.001
545,-1,0,0.001,0.000,0.001
546,-1,0,0.006,0.000,0.006
547,-1,0,0.001,0.000,0.001
548,-1,0,0.001,0.000,0.001
549,-1,0,0.103,0.000,0.103
550,-1,0,0.052,0.000,0.052
551,-1,2,0.002,0.000,0.002
552,-1,1,0.588,0.000,0.588
553,-1,0,0.011,0.000,0.011
554,-1,23,0.005,0.000,0.005
555,-1,0,0.001,0.000,0.001
556,-1,0,0.001,0.000,0.001
557,-1,0,0.010,0.000,0.010
558,-1,0,0.001,0.000,0.001
559,-1,0,0.001,0.000,0.001
560,-1,0,0.009,0.000,0.009
561,-1,0,0.041,0.000,0.041
562,-1,1,0.059,0.000,0.059
563,-1,0,0.083,0.000,0.084
564,-1,0,0.001,0.000,0.001
565,-1,0,0.001,0.000,0.001
566,-1,0,0.003,0.000,0.003
567,-1,1,0.015,0.000,0.015
568,-1,23,0.008,0.000,0.008
569,-1,0,0.001,0.000,0.001
570,-1,0,0.001,0.000,0.001
571,-1,0,0.001,0.000,0.001
572,-1,0,0.010,0.000,0.010
573,-1,0,0.001,0.000,0.001
574,-1,0,0.025,0.000,0.025
575,-1,1,0.425,0.000,0.426
576,-1,2,0.001,0.000,0.001
577,-1,0,0.003,0.000,0.003
578,-1,1,0.261,0.000,0.261
579,-1,0,0.001,0.000,0.001
580,-1,0,0.003,0.000,0.003
581,-1,0,0.004,0.000,0.004
582,-1,0,0.001,0.000,0.001
583,-1,0,0.015,0.000,0.015
584,-1,0,0.042,0.000,0.042
585,-1,0,0.001,0.000,0.001
586,-1,0,0.001,0.000,0.001
587,-1,5,0.003,0.000,0.003
588,-1,0,0.006,0.000,0.006
589,-1,0,0.108,0.000,0.108
590,-1,0,0.002,0.000,0.002
591,-1,0,0.080,0.000,0.080
592,-1,23,0.005,0.000,0.005
593,-1,0,0.001,0.000,0.001
594,-1,0,0.001,0.000,0.001
595,-1,0,0.001,0.000,0.001
596,-1,0,0.004,0.000,0.004
597,-1,2,0.002,0.000,0.002
598,-1,0,0.002,0.000,0.002
599,-1,0,0.001,0.000,0.001
600,-1,0,0.011,0.000,0.011
601,-1,0,0.006,0.000,0.007
602,-1,0,0.001,0.000,0.001
603,-1,0,0.004,0.000,0.004
604,-1,0,0.001,0.000,0.001
605,-1,1,0.001,0.000,0.001
606,-1,0,0.001,0.000,0.001
607,-1,6,0.002,0.000,0.002
608,-1,0,0.001,0.000,0.001
609,-1,0,0.015,0.000,0.015
610,-1,0,0.173,0.000,0.173
611,-1,0,0.001,0.000,0.001
612,-1,0,0.001,0.000,0.001
613,-1,0,0.004,0.000,0.004
614,-1,0,0.001,0.000,0.001
615,-1,0,0.002,0.000,0.002
616,-1,32,0.005,0.000,0.005
617,-1,0,0.001,0.000,0.001
618,-1,0,0.014,0.000,0.014
619,-1,0,0.364,0.000,0.365
620,-1,0,0.077,0.000,0.077
621,-1,2,0.002,0.000,0.002
622,-1,0,0.001,0.000,0.001
623,-1,0,0.005,0.000,0.005
624,-1,2,0.002,0.000,0.002
625,-1,0,0.009,0.000,0.009
626,-1,1,0.170,0.000,0.170
627,-1,0,0.010,0.000,0.010
628,-1,0,0.033,0.000,0.033
629,-1,0,0.013,0.000,0.013
630,-1,0,0.011,0.000,0.011
631,-1,10,1.600,0.000,1.601
632,-1,0,0.017,0.000,0.017
633,-1,1,0.001,0.000,0.001
634,-1,0,0.001,0.000,0.001
635,-1,0,0.001,0.000,0.001
636,-1,1,0.263,0.000,0.264
637,-1,5,0.003,0.000,0.003
638,-1,0,0.040,0.000,0.040
639,-1,0,0.008,0.000,0.008
640,-1,0,0.001,0.000,0.001
641,-1,0,0.002,0.000,0.002
642,-1,0,0.006,0.000,0.006
643,-1,0,0.001,0.000,0.001
644,-1,0,0.001,0.000,0.001
645,-1,0,0.004,0.000,0.004
646,-1,0,0.005,0.000,0.005
647,-1,0,0.011,0.000,0.011
648,-1,0,0.001,0.000,0.001
649,-1,0,0.001,0.000,0.001
650,-1,0,0.001,0.000,0.001
651,-1,0,0.001,0.000,0.001
652,-1,0,0.003,0.000,0.003
653,-1,0,0.001,0.000,0.001
654,-1,0,0.019,0.000,0.019
655,-1,0,0.000,0.000,0.001
656,-1,0,0.002,0.000,0.002
657,-1,0,0.001,0.000,0.001
658,-1,0,0.006,0.000,0.006
659,-1,0,0.004,0.000,0.004
660,-1,0,0.002,0.000,0.002
661,-1,0,0.003,0.000,0.003
662,-1,0,0.077,0.000,0.077
663,-1,2,0.001,0.000,0.001
664,-1,0,0.001,0.000,0.001
665,-1,0,0.001,0.000,0.001
666,-1,0,0.001,0.000,0.001
667,-1,1,0.096,0.000,0.096
668,-1,0,0.007,0.000,0.007
669,-1,0,0.003,0.000,0.004
670,-1,0,0.000,0.000,0.001
671,-1,1,0.001,0.000,0.001
672,-1,0,0.013,0.000,0.013
673,-1,0,0.001,0.000,0.001
674,-1,0,0.001,0.000,0.001
675,-1,0,0.003,0.000,0.003
676,-1,0,0.001,0.000,0.001
677,-1,0,0.000,0.000,0.000
678,-1,0,0.395,0.000,0.396
679,-1,0,0.003,0.000,0.003
680,-1,0,0.006,0.000,0.006
681,-1,0,0.001,0.000,0.001
682,-1,0,0.005,0.000,0.005
683,-1,0,0.000,0.000,0.000
684,-1,5,0.909,0.000,0.909
685,-1,0,0.001,0.000,0.001
686,-1,0,0.001,0.000,0.001
687,-1,0,0.002,0.000,0.002
688,-1,5,0.002,0.000,0.002
689,-1,0,0.004,0.000,0.004
690,-1,0,0.003,0.000,0.003
691,-1,0,0.003,0.000,0.003
692,-1,2,0.992,0.000,0.992
693,-1,1,0.073,0.000,0.073
694,-1,0,0.001,0.000,0.001
695,-1,0,0.002,0.000,0.002
696,-1,0,0.001,0.000,0.001
697,-1,0,0.001,0.000,0.001
698,-1,0,0.010,0.000,0.010
699,-1,0,0.028,0.000,0.028
700,-1,0,0.001,0.000,0.001
701,-1,0,0.004,0.000,0.004
702,-1,0,0.009,0.000,0.009
703,-1,0,0.005,0.000,0.005
704,-1,0,0.002,0.000,0.002
705,-1,0,0.001,0.000,0.001
706,-1,0,0.000,0.000,0.000
707,-1,0,0.008,0.000,0.009
708,-1,0,0.010,0.000,0.010
709,-1,1,0.001,0.000,0.001
710,-1,0,0.002,0.000,0.003
711,-1,0,0.001,0.000,0.001
712,-1,0,0.002,0.000,0.002
713,-1,0,0.003,0.000,0.003
714,-1,0,0.010,0.000,0.010
715,-1,0,0.005,0.000,0.005
716,-1,28,0.005,0.000,0.005
717,-1,0,0.004,0.000,0.004
718,-1,0,0.001,0.000,0.001
719,-1,0,0.050,0.000,0.050
720,-1,0,0.002,0.000,0.002
721,-1,0,0.005,0.000,0.005
722,-1,0,0.001,0.000,0.001
723,-1,12,0.004,0.000,0.004
724,-1,5,0.945,0.000,0.946
725,-1,0,0.004,0.000,0.004
726,-1,3,0.002,0.000,0.002
727,-1,0,0.065,0.000,0.065
728,-1,0,0.020,0.000,0.020
729,-1,0,0.096,0.000,0.096
730,-1,1,0.001,0.000,0.001
731,-1,10,1.583,0.000,1.584
732,-1,3,0.122,0.000,0.122
733,-1,0,0.016,0.000,0.016
734,-1,32,0.005,0.000,0.005
735,-1,0,0.001,0.000,0.001
736,-1,10,1.527,0.000,1.527
737,-1,0,0.006,0.000,0.006
738,-1,0,0.038,0.000,0.038
739,-1,0,0.008,0.000,0.008
740,-1,1,0.001,0.000,0.001
741,-1,0,0.005,0.000,0.005
742,-1,0,0.003,0.000,0.003
743,-1,1,0.001,0.000,0.001
744,-1,2,0.321,0.000,0.321
745,-1,0,0.013,0.000,0.013
746,-1,0,0.018,0.000,0.018
747,-1,0,0.008,0.000,0.008
748,-1,0,0.003,0.000,0.003
749,-1,5,0.002,0.000,0.002
750,-1,0,0.001,0.000,0.001
751,-1,0,0.001,0.000,0.001
752,-1,1,0.105,0.000,0.105
753,-1,0,0.001,0.000,0.001
754,-1,5,0.002,0.000,0.002
755,-1,0,0.001,0.000,0.001
756,-1,0,0.001,0.000,0.001
757,-1,0,0.004,0.000,0.004
758,-1,5,0.003,0.000,0.003
759,-1,10,0.002,0.000,0.003
760,-1,0,0.001,0.000,0.001
761,-1,0,0.001,0.000,0.001
762,-1,0,0.001,0.000,0.001
763,-1,0,0.001,0.000,0.001
764,-1,1,0.001,0.000,0.001
765,-1,0,0.001,0.000,0.001
766,-1,0,0.001,0.000,0.001
767,-1,0,0.020,0.000,0.021
768,-1,5,0.003,0.000,0.003
769,-1,0,0.003,0.000,0.003
770,-1,1,0.046,0.000,0.046
771,-1,0,0.012,0.000,0.012
772,-1,0,0.005,0.000,0.005
773,-1,0,0.012,0.000,0.012
774,-1,0,0.001,0.000,0.001
775,-1,0,0.012,0.000,0.012
776,-1,0,0.004,0.000,0.004
777,-1,0,0.046,0.000,0.046
778,-1,0,0.001,0.000,0.001
779,-1,1,0.001,0.000,0.001
780,-1,0,0.010,0.000,0.010
781,-1,0,0.000,0.000,0.000
782,-1,0,0.001,0.000,0.001
783,-1,1,0.163,0.000,0.163
784,-1,0,0.001,0.000,0.001
785,-1,0,0.001,0.000,0.001
786,-1,0,0.005,0.000,0.005
787,-1,0,0.028,0.000,0.028
788,-1,0,0.005,0.000,0.005
789,-1,4,0.002,0.000,0.002
790,-1,0,0.008,0.000,0.008
791,-1,0,0.005,0.000,0.005
792,-1,0,0.001,0.000,0.001
793,-1,0,0.004,0.000,0.004
794,-1,0,0.001,0.000,0.001
795,-1,0,0.004,0.000,0.004
796,-1,0,0.000,0.000,0.001
797,-1,0,0.001,0.000,0.001
798,-1,0,0.001,0.000,0.001
799,-1,0,0.003,0.000,0.003
800,-1,0,0.002,0.000,0.002
801,-1,0,0.002,0.000,0.002
802,-1,0,0.001,0.000,0.001
803,-1,0,0.010,0.000,0.010
804,-1,0,0.003,0.000,0.003
805,-1,0,0.013,0.000,0.013
806,-1,0,0.001,0.000,0.001
807,-1,2,0.002,0.000,0.002
808,-1,0,0.011,0.000,0.011
809,-1,0,0.001,0.000,0.001
810,-1,10,0.004,0.000,0.004
811,-1,0,0.003,0.000,0.003
812,-1,3,0.001,0.000,0.001
813,-1,0,0.043,0.000,0.043
814,-1,0,0.001,0.000,0.001
815,-1,0,0.001,0.000,0.001
816,-1,0,0.001,0.000,0.001
817,-1,0,0.001,0.000,0.001
818,-1,0,0.001,0.000,0.001
819,-1,0,0.001,0.000,0.001
820,-1,0,0.011,0.000,0.011
821,-1,0,0.007,0.000,0.007
822,-1,0,0.001,0.000,0.001
823,-1,1,0.016,0.000,0.016
824,-1,0,0.143,0.000,0.143
825,-1,0,0.006,0.000,0.006
826,-1,0,0.008,0.000,0.008
827,-1,0,0.000,0.000,0.000
828,-1,0,0.010,0.000,0.010
829,-1,0,0.007,0.000,0.007
830,-1,0,0.017,0.000,0.017
831,-1,0,0.005,0.000,0.005
832,-1,0,0.009,0.000,0.009
833,-1,0,0.006,0.000,0.006
834,-1,4,0.002,0.000,0.002
835,-1,0,0.001,0.000,0.001
836,-1,0,0.009,0.000,0.009
837,-1,0,0.014,0.000,0.014
838,-1,0,0.005,0.000,0.005
839,-1,26,0.005,0.000,0.006
840,-1,0,0.001,0.000,0.001
841,-1,0,0.001,0.000,0.001
842,-1,0,0.001,0.000,0.001
843,-1,24,0.005,0.000,0.005
844,-1,0,0.004,0.000,0.004
845,-1,0,0.007,0.000,0.007
846,-1,0,0.003,0.000,0.003
847,-1,0,0.001,0.000,0.001
848,-1,0,0.014,0.000,0.014
849,-1,1,0.001,0.000,0.001
850,-1,0,0.001,0.000,0.001
851,-1,0,0.001,0.000,0.001
852,-1,0,0.001,0.000,0.001
853,-1,0,0.023,0.000,0.023
854,-1,3,0.002,0.000,0.002
855,-1,0,0.001,0.000,0.001
856,-1,0,0.012,0.000,0.012
857,-1,0,0.005,0.000,0.005
858,-1,0,0.009,0.000,0.009
859,-1,0,0.010,0.000,0.010
860,-1,0,0.000,0.000,0.000
861,-1,0,0.003,0.000,0.003
862,-1,0,0.013,0.000,0.013
863,-1,0,0.001,0.000,0.001
864,-1,0,0.009,0.000,0.009
865,-1,26,0.005,0.000,0.005
866,-1,0,0.001,0.000,0.001
867,-1,1,0.001,0.000,0.001
868,-1,0,0.001,0.000,0.001
869,-1,0,0.005,0.000,0.005
870,-1,0,0.068,0.000,0.068
871,-1,0,0.009,0.000,0.009
872,-1,0,0.013,0.000,0.013
873,-1,0,0.001,0.000,0.001
874,-1,0,0.012,0.000,0.012
875,-1,0,0.000,0.000,0.000
876,-1,0,0.001,0.000,0.001
877,-1,0,0.001,0.000,0.001
878,-1,0,0.004,0.000,0.004
879,-1,0,0.005,0.000,0.005
880,-1,0,0.003,0.000,0.003
881,-1,0,0.001,0.000,0.001
882,-1,0,0.001,0.000,0.001
883,-1,0,0.079,0.000,0.079
884,-1,0,0.004,0.000,0.004
885,-1,0,0.001,0.000,0.001
886,-1,0,0.002,0.000,0.002
887,-1,0,0.001,0.000,0.001
888,-1,0,0.013,0.000,0.013
889,-1,0,0.001,0.000,0.001
890,-1,25,0.007,0.000,0.008
891,-1,0,0.001,0.000,0.001
892,-1,0,0.001,0.000,0.001
893,-1,0,0.003,0.000,0.003
894,-1,0,0.000,0.000,0.001
895,-1,0,0.001,0.000,0.001
896,-1,0,0.017,0.000,0.017
897,-1,0,0.004,0.000,0.005
898,-1,0,0.009,0.000,0.010
899,-1,0,0.011,0.000,0.011
900,-1,0,0.000,0.000,0.000
901,-1,0,0.006,0.000,0.006
902,-1,0,0.013,0.000,0.013
903,-1,0,0.001,0.000,0.001
904,-1,0,0.001,0.000,0.001
905,-1,2,0.002,0.000,0.002
906,-1,0,0.009,0.000,0.010
907,-1,0,0.002,0.000,0.002
908,-1,0,0.004,0.000,0.004
909,-1,0,0.001,0.000,0.001
910,-1,0,0.007,0.000,0.007
911,-1,0,0.001,0.000,0.001
912,-1,0,0.001,0.000,0.001
913,-1,0,0.000,0.000,0.000
914,-1,0,0.001,0.000,0.001
915,-1,0,0.017,0.000,0.017
916,-1,0,0.003,0.000,0.003
917,-1,0,0.003,0.000,0.003
918,-1,0,0.003,0.000,0.003
919,-1,10,1.664,0.000,1.664
920,-1,0,0.007,0.000,0.007
921,-1,0,0.101,0.000,0.101
922,-1,0,0.004,0.000,0.004
923,-1,10,1.845,0.000,1.845
924,-1,0,0.001,0.000,0.001
925,-1,0,0.013,0.000,0.013
926,-1,0,0.001,0.000,0.001
927,-1,0,0.014,0.000,0.014
928,-1,0,0.001,0.000,0.001
929,-1,0,0.005,0.000,0.005
930,-1,2,0.354,0.000,0.354
931,-1,5,0.008,0.000,0.008
932,-1,0,0.014,0.000,0.014
933,-1,0,0.010,0.000,0.011
934,-1,0,0.003,0.000,0.004
935,-1,0,0.001,0.000,0.001
936,-1,0,0.001,0.000,0.001
937,-1,1,0.017,0.000,0.017
938,-1,4,0.002,0.000,0.002
939,-1,0,0.014,0.000,0.014
940,-1,0,0.001,0.000,0.001
941,-1,0,0.001,0.000,0.001
942,-1,1,0.080,0.000,0.080
943,-1,0,0.004,0.000,0.004
944,-1,0,0.000,0.000,0.001
945,-1,0,0.001,0.000,0.001
946,-1,0,0.003,0.000,0.003
947,-1,0,0.006,0.000,0.006
948,-1,0,0.007,0.000,0.007
949,-1,0,0.001,0.000,0.001
950,-1,0,0.003,0.000,0.004
951,-1,1,0.021,0.000,0.021
952,-1,0,0.013,0.000,0.013
953,-1,0,0.008,0.000,0.008
954,-1,2,0.001,0.000,0.001
955,-1,0,0.002,0.000,0.002
956,-1,4,0.528,0.000,0.528
957,-1,0,0.010,0.000,0.010
958,-1,0,0.003,0.000,0.003
959,-1,0,0.001,0.000,0.001
960,-1,0,0.020,0.000,0.020
961,-1,1,0.001,0.000,0.001
962,-1,2,0.001,0.000,0.001
963,-1,0,0.010,0.000,0.010
964,-1,0,0.001,0.000,0.001
965,-1,10,1.578,0.000,1.578
966,-1,0,0.007,0.000,0.008
967,-1,0,0.001,0.000,0.001
968,-1,0,0.001,0.000,0.001
969,-1,0,0.006,0.000,0.006
970,-1,0,0.000,0.000,0.001
971,-1,0,0.001,0.000,0.001
972,-1,0,0.001,0.000,0.001
973,-1,0,0.001,0.000,0.001
974,-1,0,0.019,0.000,0.019
975,-1,0,0.011,0.000,0.011
976,-1,0,0.001,0.000,0.001
977,-1,0,0.003,0.000,0.003
978,-1,0,0.003,0.000,0.003
979,-1,0,0.002,0.000,0.002
980,-1,2,0.002,0.000,0.002
981,-1,4,0.553,0.000,0.553
982,-1,0,0.027,0.000,0.027
983,-1,0,0.001,0.000,0.001
984,-1,0,0.001,0.000,0.001
985,-1,0,0.001,0.000,0.001
986,-1,3,0.001,0.000,0.001
987,-1,0,0.032,0.000,0.032
988,-1,5,0.003,0.000,0.003
989,-1,0,0.001,0.000,0.001
990,-1,0,0.009,0.000,0.009
991,-1,0,0.001,0.000,0.001
992,-1,0,0.039,0.000,0.039
993,-1,4,0.002,0.000,0.003
994,-1,0,0.002,0.000,0.002
995,-1,0,0.009,0.000,0.010
996,-1,0,0.002,0.000,0.002
997,-1,0,0.472,0.000,0.472
998,-1,0,0.001,0.000,0.001
999,-1,0,0.001,0.000,0.001
1000,-1,0,0.001,0.000,0.001
1001,-1,6,0.002,0.000,0.002
1002,-1,0,0.004,0.000,0.004
1003,-1,0,0.001,0.000,0.001
1004,-1,0,0.001,0.000,0.001
1005,-1,10,1.423,0.000,1.423
1006,-1,0,0.054,0.000,0.054
1007,-1,0,0.002,0.000,0.002
1008,-1,0,0.001,0.000,0.001
1009,-1,1,0.108,0.000,0.108
1010,-1,0,0.001,0.000,0.001
1011,-1,0,0.008,0.000,0.008
1012,-1,0,0.034,0.000,0.034
1013,-1,4,0.578,0.000,0.578
1014,-1,0,0.001,0.000,0.001
1015,-1,2,0.002,0.000,0.002
1016,-1,0,0.001,0.000,0.001
1017,-1,0,0.001,0.000,0.001
1018,-1,0,0.001,0.000,0.001
1019,-1,0,0.001,0.000,0.001
1020,-1,10,0.004,0.000,0.005
1021,-1,0,0.003,0.000,0.004
1022,-1,0,0.012,0.000,0.012
1023,-1,6,0.002,0.000,0.002
1024,-1,0,0.003,0.000,0.003
1025,-1,0,0.002,0.000,0.002
1026,-1,0,0.004,0.000,0.004
1027,-1,0,0.003,0.000,0.003
1028,-1,0,0.004,0.000,0.004
1029,-1,0,0.001,0.000,0.001
1030,-1,1,0.102,0.000,0.103
1031,-1,0,0.003,0.000,0.003
1032,-1,0,0.000,0.000,0.001
1033,-1,0,0.001,0.000,0.001
1034,-1,0,0.016,0.000,0.016
1035,-1,0,0.001,0.000,0.001
1036,-1,0,0.002,0.000,0.002
1037,-1,0,0.001,0.000,0.001
1038,-1,0,0.009,0.000,0.010
1039,-1,0,0.009,0.000,0.009
1040,-1,0,0.000,0.000,0.000
1041,-1,0,0.005,0.000,0.005
1042,-1,0,0.003,0.000,0.003
1043,-1,0,0.334,0.000,0.334
1044,-1,0,0.001,0.000,0.001
1045,-1,0,0.001,0.000,0.001
1046,-1,1,0.001,0.000,0.001
1047,-1,0,0.002,0.000,0.002
1048,-1,0,0.001,0.000,0.001
1049,-1,0,0.017,0.000,0.017
1050,-1,3,0.002,0.000,0.002
1051,-1,0,0.001,0.000,0.001
1052,-1,0,0.001,0.000,0.001
1053,-1,0,0.001,0.000,0.001
1054,-1,0,0.001,0.000,0.001
1055,-1,32,0.011,0.000,0.011
1056,-1,0,0.004,0.000,0.004
1057,-1,0,0.001,0.000,0.001
1058,-1,0,0.000,0.000,0.000
1059,-1,0,0.001,0.000,0.001
1060,-1,0,0.000,0.000,0.001
1061,-1,0,0.010,0.000,0.010
1062,-1,0,0.009,0.000,0.009
1063,-1,0,0.066,0.000,0.067
1064,-1,0,0.002,0.000,0.002
1065,-1,0,0.005,0.000,0.005
1066,-1,0,0.016,0.000,0.016
1067,-1,1,0.180,0.000,0.180
1068,-1,5,0.003,0.000,0.003
1069,-1,0,0.019,0.000,0.019
1070,-1,0,0.001,0.000,0.001
1071,-1,10,0.004,0.000,0.004
1072,-1,0,0.003,0.000,0.003
1073,-1,4,0.001,0.000,0.001
1074,-1,0,0.001,0.000,0.001
1075,-1,0,0.011,0.000,0.011
1076,-1,24,0.007,0.000,0.007
1077,-1,0,0.001,0.000,0.001
1078,-1,0,0.001,0.000,0.001
1079,-1,0,0.025,0.000,0.025
1080,-1,0,0.000,0.000,0.000
1081,-1,0,0.032,0.000,0.032
1082,-1,0,0.003,0.000,0.003
1083,-1,0,0.021,0.000,0.021
1084,-1,5,1.009,0.000,1.010
1085,-1,0,0.001,0.000,0.001
1086,-1,0,0.042,0.000,0.042
1087,-1,0,0.004,0.000,0.004
1088,-1,0,0.001,0.000,0.001
1089,-1,6,0.003,0.000,0.003
1090,-1,0,0.001,0.000,0.001
1091,-1,0,0.023,0.000,0.023
1092,-1,0,0.005,0.000,0.005
1093,-1,0,0.001,0.000,0.001
1094,-1,0,0.001,0.000,0.001
1095,-1,0,0.001,0.000,0.001
1096,-1,0,0.001,0.000,0.001
1097,-1,1,0.001,0.000,0.001
1098,-1,0,0.019,0.000,0.019
1099,-1,0,0.004,0.000,0.004
1100,-1,0,0.001,0.000,0.001
1101,-1,0,0.172,0.000,0.172
1102,-1,0,0.007,0.000,0.007
1103,-1,0,0.001,0.000,0.001
1104,-1,0,0.003,0.000,0.003
1105,-1,1,0.001,0.000,0.001
1106,-1,0,0.001,0.000,0.001
1107,-1,0,0.001,0.000,0.001
1108,-1,0,0.002,0.000,0.002
1109,-1,0,0.003,0.000,0.003
1110,-1,0,0.005,0.000,0.005
1111,-1,3,0.002,0.000,0.002
1112,-1,0,0.006,0.000,0.006
1113,-1,0,0.168,0.000,0.169
1114,-1,0,0.001,0.000,0.001
1115,-1,0,0.005,0.000,0.005
1116,-1,3,0.002,0.000,0.002
1117,-1,0,0.001,0.000,0.001
1118,-1,0,0.001,0.000,0.001
1119,-1,0,0.003,0.000,0.003
1120,-1,2,0.001,0.000,0.001
1121,-1,0,0.407,0.000,0.407
1122,-1,0,0.001,0.000,0.001
1123,-1,0,0.014,0.000,0.014
1124,-1,0,0.009,0.000,0.009
1125,-1,0,0.197,0.000,0.198
1126,-1,0,0.013,0.000,0.013
1127,-1,0,0.003,0.000,0.003
1128,-1,0,0.003,0.000,0.004
1129,-1,0,0.001,0.000,0.001
1130,-1,0,0.001,0.000,0.001
1131,-1,0,0.004,0.000,0.004
1132,-1,5,0.002,0.000,0.002
1133,-1,0,0.001,0.000,0.001
1134,-1,0,0.014,0.000,0.014
1135,-1,0,0.003,0.000,0.003
1136,-1,36,0.006,0.000,0.006
1137,-1,6,0.002,0.000,0.002
1138,-1,0,0.001,0.000,0.001
1139,-1,10,1.796,0.000,1.797
1140,-1,0,0.001,0.000,0.001
1141,-1,0,0.001,0.000,0.001
1142,-1,0,0.005,0.000,0.005
1143,-1,17,0.004,0.000,0.004
1144,-1,0,0.173,0.000,0.173
1145,-1,0,0.001,0.000,0.001
1146,-1,0,0.006,0.000,0.006
1147,-1,0,0.004,0.000,0.004
1148,-1,0,0.005,0.000,0.005
1149,-1,0,0.001,0.000,0.001
1150,-1,0,0.001,0.000,0.001
1151,-1,0,0.001,0.000,0.001
1152,-1,0,0.001,0.000,0.001
1153,-1,0,0.001,0.000,0.001
1154,-1,0,0.001,0.000,0.001
1155,-1,0,0.040,0.000,0.040
1156,-1,0,0.013,0.000,0.013
1157,-1,0,0.003,0.000,0.003
1158,-1,0,0.001,0.000,0.001
1159,-1,0,0.219,0.000,0.219
1160,-1,0,0.001,0.000,0.001
1161,-1,0,0.262,0.000,0.262
1162,-1,0,0.001,0.000,0.001
1163,-1,0,0.041,0.000,0.041
1164,-1,0,0.013,0.000,0.014
1165,-1,0,0.001,0.000,0.001
1166,-1,0,0.001,0.000,0.001
1167,-1,0,0.002,0.000,0.002
1168,-1,0,0.003,0.000,0.003
1169,-1,0,0.003,0.000,0.003
1170,-1,0,0.001,0.000,0.001
1171,-1,0,0.011,0.000,0.011
1172,-1,0,0.003,0.000,0.003
1173,-1,0,0.003,0.000,0.003
1174,-1,0,0.001,0.000,0.001
1175,-1,1,0.001,0.000,0.001
1176,-1,0,0.001,0.000,0.001
1177,-1,0,0.005,0.000,0.005
1178,-1,0,0.002,0.000,0.002
1179,-1,0,0.009,0.000,0.009
1180,-1,0,0.007,0.000,0.007
1181,-1,0,0.009,0.000,0.009
1182,-1,0,0.003,0.000,0.003
1183,-1,0,0.017,0.000,0.017
1184,-1,0,0.014,0.000,0.014
1185,-1,0,0.030,0.000,0.030
1186,-1,4,0.012,0.000,0.012
1187,-1,0,0.001,0.000,0.001
1188,-1,0,0.044,0.000,0.044
1189,-1,1,0.062,0.000,0.062
1190,-1,0,0.004,0.000,0.004
1191,-1,0,0.008,0.000,0.008
1192,-1,0,0.006,0.000,0.006
1193,-1,10,1.639,0.000,1.640
1194,-1,1,0.064,0.000,0.065
1195,-1,0,0.014,0.000,0.014
1196,-1,0,0.001,0.000,0.001
1197,-1,0,0.001,0.000,0.001
1198,-1,1,0.001,0.000,0.001
1199,-1,0,0.001,0.000,0.001
1200,-1,0,0.001,0.000,0.001
1201,-1,0,0.001,0.000,0.001
1202,-1,0,0.002,0.000,0.002
1203,-1,0,0.000,0.000,0.001
1204,-1,0,0.003,0.000,0.003
1205,-1,0,0.004,0.000,0.004
1206,-1,13,0.005,0.000,0.005
1207,-1,0,0.000,0.000,0.001
1208,-1,0,0.000,0.000,0.001
1209,-1,0,0.006,0.000,0.006
1210,-1,0,0.001,0.000,0.001
1211,-1,0,0.367,0.000,0.368
1212,-1,3,0.002,0.000,0.002
1213,-1,0,0.010,0.000,0.010
1214,-1,0,0.005,0.000,0.005
1215,-1,0,0.003,0.000,0.003
1216,-1,0,0.001,0.000,0.001
1217,-1,0,0.004,0.000,0.004
1218,-1,0,0.001,0.000,0.001
1219,-1,0,0.001,0.000,0.001
1220,-1,0,0.001,0.000,0.001
1221,-1,0,0.002,0.000,0.002
1222,-1,0,0.024,0.000,0.024
1223,-1,0,0.003,0.000,0.003
1224,-1,0,0.001,0.000,0.001
1225,-1,0,0.104,0.000,0.105
1226,-1,0,0.172,0.000,0.172
1227,-1,1,0.014,0.000,0.014
1228,-1,1,0.001,0.000,0.001
1229,-1,2,0.001,0.000,0.001
1230,-1,0,0.004,0.000,0.004
1231,-1,0,0.009,0.000,0.009
1232,-1,0,0.015,0.000,0.015
1233,-1,0,0.001,0.000,0.001
1234,-1,0,0.001,0.000,0.001
1235,-1,0,0.003,0.000,0.003
1236,-1,0,0.001,0.000,0.001
1237,-1,0,0.001,0.000,0.001
1238,-1,0,0.004,0.000,0.004
1239,-1,0,0.008,0.000,0.008
1240,-1,0,0.015,0.000,0.015
1241,-1,0,0.001,0.000,0.001
1242,-1,0,0.003,0.000,0.003
1243,-1,0,0.001,0.000,0.001
1244,-1,0,0.013,0.000,0.013
1245,-1,7,0.003,0.000,0.003
1246,-1,0,0.001,0.000,0.001
1247,-1,0,0.004,0.000,0.004
1248,-1,5,0.002,0.000,0.002
1249,-1,0,0.007,0.000,0.007
1250,-1,0,0.009,0.000,0.009
1251,-1,0,0.002,0.000,0.002
1252,-1,0,0.001,0.000,0.001
1253,-1,5,0.950,0.000,0.950
1254,-1,0,0.031,0.000,0.031
1255,-1,0,0.017,0.000,0.017
1256,-1,0,0.016,0.000,0.016
1257,-1,0,0.020,0.000,0.020
1258,-1,0,0.006,0.000,0.006
1259,-1,0,0.019,0.000,0.019
1260,-1,0,0.001,0.000,0.001
1261,-1,0,0.005,0.000,0.005
1262,-1,0,0.001,0.000,0.001
1263,-1,1,0.111,0.000,0.111
1264,-1,2,0.001,0.000,0.001
1265,-1,0,0.001,0.000,0.001
1266,-1,0,0.154,0.000,0.155
1267,-1,0,0.001,0.000,0.001
1268,-1,0,0.002,0.000,0.002
1269,-1,0,0.186,0.000,0.186
1270,-1,0,0.005,0.000,0.005
1271,-1,0,0.001,0.000,0.001
1272,-1,0,0.005,0.000,0.005
1273,-1,0,0.005,0.000,0.005
1274,-1,7,0.003,0.000,0.003
1275,-1,3,0.002,0.000,0.002
1276,-1,0,0.019,0.000,0.019
1277,-1,0,0.001,0.000,0.001
1278,-1,4,0.593,0.000,0.593
1279,-1,0,0.004,0.000,0.004
1280,-1,0,0.006,0.000,0.006
1281,-1,0,0.001,0.000,0.001
1282,-1,3,0.004,0.000,0.004
1283,-1,0,0.002,0.000,0.002
1284,-1,0,0.016,0.000,0.016
1285,-1,0,0.001,0.000,0.001
1286,-1,0,0.017,0.000,0.017
1287,-1,0,0.001,0.000,0.001
1288,-1,0,0.007,0.000,0.007
1289,-1,2,0.001,0.000,0.001
1290,-1,0,0.000,0.000,0.000
1291,-1,0,0.001,0.000,0.001
1292,-1,3,0.001,0.000,0.001
1293,-1,0,0.001,0.000,0.001
1294,-1,0,0.003,0.000,0.003
1295,-1,0,0.014,0.000,0.014
1296,-1,0,0.009,0.000,0.009
1297,-1,0,0.000,0.000,0.000
1298,-1,0,0.002,0.000,0.002
1299,-1,0,0.001,0.000,0.001
1300,-1,0,0.000,0.000,0.001
1301,-1,0,0.013,0.000,0.013
1302,-1,1,0.009,0.000,0.009
1303,-1,0,0.012,0.000,0.012
1304,-1,0,0.001,0.000,0.001
1305,-1,0,0.001,0.000,0.001
1306,-1,0,0.001,0.000,0.001
1307,-1,4,0.002,0.000,0.002
1308,-1,0,0.001,0.000,0.001
1309,-1,0,0.001,0.000,0.001
1310,-1,0,0.002,0.000,0.002
1311,-1,0,0.009,0.000,0.009
1312,-1,0,0.004,0.000,0.004
1313,-1,0,0.004,0.000,0.004
1314,-1,3,0.001,0.000,0.001
1315,-1,0,0.064,0.000,0.064
1316,-1,0,0.003,0.000,0.003
1317,-1,0,0.005,0.000,0.005
1318,-1,0,0.001,0.000,0.001
1319,-1,10,1.703,0.000,1.703
1320,-1,0,0.001,0.000,0.001
1321,-1,2,0.002,0.000,0.002
1322,-1,0,0.001,0.000,0.001
1323,-1,9,0.004,0.000,0.004
1324,-1,0,0.002,0.000,0.002
1325,-1,0,0.000,0.000,0.000
1326,-1,0,0.010,0.000,0.010
1327,-1,0,0.015,0.000,0.015
1328,-1,0,0.004,0.000,0.004
1329,-1,0,0.001,0.000,0.001
1330,-1,0,0.002,0.000,0.002
1331,-1,10,0.003,0.000,0.003
1332,-1,0,0.003,0.000,0.003
1333,-1,0,0.003,0.000,0.003
1334,-1,0,0.004,0.000,0.004
1335,-1,0,0.000,0.000,0.000
1336,-1,0,0.003,0.000,0.003
1337,-1,0,0.016,0.000,0.016
1338,-1,0,0.000,0.000,0.000
1339,-1,0,0.007,0.000,0.007
1340,-1,0,0.003,0.000,0.003
1341,-1,5,0.002,0.000,0.002
1342,-1,0,0.041,0.000,0.041
1343,-1,2,0.002,0.000,0.002
1344,-1,0,0.059,0.000,0.059
1345,-1,3,0.430,0.000,0.430
1346,-1,0,0.003,0.000,0.003
1347,-1,0,0.011,0.000,0.011
1348,-1,0,0.002,0.000,0.002
1349,-1,0,0.000,0.000,0.001
1350,-1,0,0.005,0.000,0.005
1351,-1,0,0.002,0.000,0.002
1352,-1,10,1.618,0.000,1.618
1353,-1,0,0.005,0.000,0.005
1354,-1,0,0.010,0.000,0.011
1355,-1,0,0.015,0.000,0.015
1356,-1,0,0.035,0.000,0.035
1357,-1,0,0.004,0.000,0.004
1358,-1,0,0.009,0.000,0.009
1359,-1,0,0.002,0.000,0.002
1360,-1,0,0.008,0.000,0.008
1361,-1,0,0.001,0.000,0.001
1362,-1,4,0.002,0.000,0.002
1363,-1,0,0.027,0.000,0.028
1364,-1,0,0.011,0.000,0.011
1365,-1,0,0.001,0.000,0.001
1366,-1,0,0.001,0.000,0.001
1367,-1,0,0.003,0.000,0.003
1368,-1,0,0.002,0.000,0.002
1369,-1,0,0.017,0.000,0.017
1370,-1,0,0.002,0.000,0.002
1371,-1,0,0.001,0.000,0.001
1372,-1,0,0.001,0.000,0.001
1373,-1,0,0.048,0.000,0.048
1374,-1,0,0.131,0.000,0.131
1375,-1,0,0.001,0.000,0.001
1376,-1,3,0.002,0.000,0.002
1377,-1,0,0.001,0.000,0.001
1378,-1,0,0.001,0.000,0.001
1379,-1,0,0.000,0.000,0.001
1380,-1,0,0.001,0.000,0.001
1381,-1,0,0.001,0.000,0.001
1382,-1,0,0.001,0.000,0.001
1383,-1,0,0.008,0.000,0.008
1384,-1,0,0.002,0.000,0.002
1385,-1,0,0.000,0.000,0.000
1386,-1,0,0.001,0.000,0.001
1387,-1,0,0.005,0.000,0.005
1388,-1,0,0.001,0.000,0.001
1389,-1,0,0.000,0.000,0.001
1390,-1,0,0.007,0.000,0.007
1391,-1,4,0.001,0.000,0.002
1392,-1,0,0.001,0.000,0.001
1393,-1,0,0.039,0.000,0.039
1394,-1,0,0.000,0.000,0.000
1395,-1,0,0.024,0.000,0.024
1396,-1,4,0.002,0.000,0.002
1397,-1,2,0.001,0.000,0.001
1398,-1,0,0.000,0.000,0.001
1399,-1,0,0.001,0.000,0.001
1400,-1,1,0.001,0.000,0.001
1401,-1,0,0.018,0.000,0.018
1402,-1,0,0.006,0.000,0.006
1403,-1,0,0.001,0.000,0.001
1404,-1,0,0.001,0.000,0.001
1405,-1,0,0.002,0.000,0.002
1406,-1,0,0.011,0.000,0.011
1407,-1,0,0.198,0.000,0.198
1408,-1,0,0.011,0.000,0.011
1409,-1,1,0.001,0.000,0.001
1410,-1,0,0.002,0.000,0.002
1411,-1,0,0.001,0.000,0.001
1412,-1,3,0.002,0.000,0.003
1413,-1,36,0.007,0.000,0.007
1414,-1,0,0.007,0.000,0.007
1415,-1,5,0.003,0.000,0.003
1416,-1,0,0.005,0.000,0.005
1417,-1,0,0.005,0.000,0.005
1418,-1,0,0.001,0.000,0.001
1419,-1,0,0.003,0.000,0.003
1420,-1,10,1.994,0.000,1.995
1421,-1,0,0.112,0.000,0.112
1422,-1,0,0.007,0.000,0.007
1423,-1,0,0.001,0.000,0.001
1424,-1,2,0.002,0.000,0.002
1425,-1,2,0.002,0.000,0.002
1426,-1,0,0.001,0.000,0.001
1427,-1,0,0.004,0.000,0.004
1428,-1,0,0.001,0.000,0.001
1429,-1,0,0.005,0.000,0.005
1430,-1,0,0.001,0.000,0.001
1431,-1,1,0.001,0.000,0.001
1432,-1,2,0.001,0.000,0.001
1433,-1,0,0.003,0.000,0.004
1434,-1,0,0.041,0.000,0.041
1435,-1,0,0.002,0.000,0.002
1436,-1,0,0.030,0.000,0.030
1437,-1,0,0.001,0.000,0.001
1438,-1,0,0.005,0.000,0.005
1439,-1,0,0.012,0.000,0.012
1440,-1,0,0.001,0.000,0.001
1441,-1,0,0.001,0.000,0.001
1442,-1,0,0.039,0.000,0.039
1443,-1,0,0.004,0.000,0.004
1444,-1,0,0.051,0.000,0.051
1445,-1,0,0.049,0.000,0.049
1446,-1,0,0.011,0.000,0.011
1447,-1,0,0.000,0.000,0.000
1448,-1,0,0.001,0.000,0.001
1449,-1,0,0.002,0.000,0.002
1450,-1,0,0.012,0.000,0.012
1451,-1,0,0.003,0.000,0.003
1452,-1,0,0.001,0.000,0.001
1453,-1,0,0.004,0.000,0.004
1454,-1,0,0.012,0.000,0.012
1455,-1,2,0.982,0.000,0.982
1456,-1,0,0.001,0.000,0.001
1457,-1,4,0.002,0.000,0.002
1458,-1,0,0.012,0.000,0.012
1459,-1,0,0.004,0.000,0.004
1460,-1,0,0.005,0.000,0.005
1461,-1,0,0.007,0.000,0.007
1462,-1,0,0.001,0.000,0.001
1463,-1,0,0.001,0.000,0.001
1464,-1,0,0.001,0.000,0.001
1465,-1,0,0.010,0.000,0.010
1466,-1,0,0.005,0.000,0.005
1467,-1,0,0.001,0.000,0.001
1468,-1,0,0.005,0.000,0.005
1469,-1,0,0.009,0.000,0.009
1470,-1,1,0.160,0.000,0.161
1471,-1,0,0.086,0.000,0.086
1472,-1,0,0.276,0.000,0.276
1473,-1,0,0.011,0.000,0.011
1474,-1,5,0.003,0.000,0.003
1475,-1,0,0.002,0.000,0.002
1476,-1,0,0.002,0.000,0.002
1477,-1,0,0.001,0.000,0.001
1478,-1,0,0.001,0.000,0.001
1479,-1,3,0.001,0.000,0.002
1480,-1,10,1.578,0.000,1.579
1481,-1,0,0.001,0.000,0.001
1482,-1,1,0.001,0.000,0.001
1483,-1,2,0.932,0.000,0.932
1484,-1,0,0.072,0.000,0.073
1485,-1,0,0.006,0.000,0.007
1486,-1,1,0.001,0.000,0.001
1487,-1,0,0.010,0.000,0.010
1488,-1,0,0.004,0.000,0.004
1489,-1,0,0.015,0.000,0.015
1490,-1,0,0.001,0.000,0.001
1491,-1,0,0.001,0.000,0.001
1492,-1,0,0.004,0.000,0.004
1493,-1,2,0.002,0.000,0.002
1494,-1,0,0.020,0.000,0.020
1495,-1,0,0.003,0.000,0.003
1496,-1,0,0.000,0.000,0.001
1497,-1,0,0.001,0.000,0.001
1498,-1,0,0.001,0.000,0.001
1499,-1,0,0.009,0.000,0.010
1500,-1,0,0.001,0.000,0.001
1501,-1,0,0.011,0.000,0.011
1502,-1,0,0.057,0.000,0.057
1503,-1,0,0.001,0.000,0.001
1504,-1,0,0.007,0.000,0.008
1505,-1,0,0.001,0.000,0.001
1506,-1,0,0.003,0.000,0.003
1507,-1,0,0.001,0.000,0.001
1508,-1,0,0.001,0.000,0.001
1509,-1,0,0.004,0.000,0.004
1510,-1,0,0.006,0.000,0.006
1511,-1,0,0.011,0.000,0.012
1512,-1,0,0.001,0.000,0.001
1513,-1,0,0.056,0.000,0.056
1514,-1,0,0.005,0.000,0.005
1515,-1,0,0.010,0.000,0.010
1516,-1,0,0.009,0.000,0.010
1517,-1,28,0.005,0.000,0.005
1518,-1,0,0.004,0.000,0.004
1519,-1,1,0.158,0.000,0.158
1520,-1,1,0.017,0.000,0.017
1521,-1,0,0.017,0.000,0.018
1522,-1,0,0.017,0.000,0.017
1523,-1,0,0.002,0.000,0.002
1524,-1,0,0.010,0.000,0.010
1525,-1,0,0.111,0.000,0.111
1526,-1,8,0.005,0.000,0.005
1527,-1,5,1.179,0.000,1.179
1528,-1,0,0.003,0.000,0.003
1529,-1,0,0.088,0.000,0.088
1530,-1,0,0.001,0.000,0.001
1531,-1,0,0.007,0.000,0.007
1532,-1,0,0.009,0.000,0.009
1533,-1,0,0.002,0.000,0.002
1534,-1,0,0.002,0.000,0.002
1535,-1,0,0.072,0.000,0.072
1536,-1,0,0.009,0.000,0.010
1537,-1,0,0.003,0.000,0.003
1538,-1,5,0.002,0.000,0.002
1539,-1,0,0.002,0.000,0.002
1540,-1,0,0.017,0.000,0.017
1541,-1,0,0.006,0.000,0.006
1542,-1,0,0.003,0.000,0.003
1543,-1,0,0.000,0.000,0.001
1544,-1,0,0.019,0.000,0.019
1545,-1,0,0.009,0.000,0.009
1546,-1,0,0.003,0.000,0.003
1547,-1,0,0.001,0.000,0.001
1548,-1,0,0.001,0.000,0.001
1549,-1,5,0.834,0.000,0.834
1550,-1,0,0.001,0.000,0.001
1551,-1,0,0.001,0.000,0.001
1552,-1,0,0.001,0.000,0.001
1553,-1,30,0.005,0.000,0.005
1554,-1,0,0.001,0.000,0.002
1555,-1,0,0.011,0.000,0.012
1556,-1,0,0.001,0.000,0.001
1557,-1,0,0.006,0.000,0.006
1558,-1,0,0.005,0.000,0.005
1559,-1,0,0.002,0.000,0.002
1560,-1,0,0.001,0.000,0.001
1561,-1,15,0.006,0.000,0.006
1562,-1,0,0.001,0.000,0.001
1563,-1,0,0.001,0.000,0.001
1564,-1,0,0.001,0.000,0.001
1565,-1,0,0.001,0.000,0.001
1566,-1,0,0.027,0.000,0.027
1567,-1,0,0.004,0.000,0.004
1568,-1,0,0.001,0.000,0.001
1569,-1,0,0.002,0.000,0.002
1570,-1,0,0.091,0.000,0.091
1571,-1,3,0.002,0.000,0.002
1572,-1,0,0.004,0.000,0.004
1573,-1,1,0.499,0.000,0.499
1574,-1,0,0.003,0.000,0.003
1575,-1,0,0.015,0.000,0.015
1576,-1,0,0.095,0.000,0.095
1577,-1,0,0.014,0.000,0.014
1578,-1,0,0.003,0.000,0.003
1579,-1,0,0.001,0.000,0.001
1580,-1,0,0.003,0.000,0.003
1581,-1,0,0.001,0.000,0.001
1582,-1,0,0.001,0.000,0.001
1583,-1,0,0.012,0.000,0.012
1584,-1,0,0.033,0.000,0.033
1585,-1,0,0.003,0.000,0.003
1586,-1,0,0.014,0.000,0.014
1587,-1,0,0.035,0.000,0.035
1588,-1,0,0.006,0.000,0.006
1589,-1,1,0.016,0.000,0.016
1590,-1,0,0.001,0.000,0.001
1591,-1,0,0.001,0.000,0.001
1592,-1,0,0.003,0.000,0.003
1593,-1,0,0.005,0.000,0.005
1594,-1,0,0.106,0.000,0.106
1595,-1,3,0.002,0.000,0.002
1596,-1,0,0.001,0.000,0.001
1597,-1,0,0.001,0.000,0.001
1598,-1,0,0.001,0.000,0.001
1599,-1,1,0.012,0.000,0.012
1600,-1,0,0.020,0.000,0.020
1601,-1,0,0.003,0.000,0.003
1602,-1,0,0.003,0.000,0.003
1603,-1,1,0.018,0.000,0.018
1604,-1,0,0.006,0.000,0.006
1605,-1,0,0.003,0.000,0.003
1606,-1,0,0.000,0.000,0.000
1607,-1,0,0.000,0.000,0.001
1608,-1,0,0.006,0.000,0.006
1609,-1,0,0.000,0.000,0.001
1610,-1,0,0.001,0.000,0.001
1611,-1,0,0.017,0.000,0.017
1612,-1,0,0.002,0.000,0.002
1613,-1,0,0.001,0.000,0.001
1614,-1,0,0.008,0.000,0.008
1615,-1,0,0.022,0.000,0.022
1616,-1,0,0.001,0.000,0.001
1617,-1,0,0.002,0.000,0.002
1618,-1,0,0.003,0.000,0.003
1619,-1,0,0.001,0.000,0.001
1620,-1,0,0.001,0.000,0.001
1621,-1,0,0.001,0.000,0.001
1622,-1,0,0.001,0.000,0.001
1623,-1,0,0.008,0.000,0.009
1624,-1,0,0.007,0.000,0.007
1625,-1,0,0.000,0.000,0.000
1626,-1,0,0.009,0.000,0.009
1627,-1,10,1.507,0.000,1.508
1628,-1,0,0.059,0.000,0.060
1629,-1,0,0.002,0.000,0.002
1630,-1,0,0.004,0.000,0.004
1631,-1,0,0.012,0.000,0.012
1632,-1,0,0.001,0.000,0.001
1633,-1,0,0.001,0.000,0.001
1634,-1,0,0.000,0.000,0.000
1635,-1,0,0.001,0.000,0.001
1636,-1,1,0.405,0.000,0.406
1637,-1,0,0.003,0.000,0.004
1638,-1,0,0.016,0.000,0.016
1639,-1,0,0.004,0.000,0.004
1640,-1,0,0.010,0.000,0.010
1641,-1,5,0.003,0.000,0.003
1642,-1,0,0.005,0.000,0.006
1643,-1,0,0.055,0.000,0.055
1644,-1,0,0.004,0.000,0.004
1645,-1,0,0.001,0.000,0.001
1646,-1,0,0.001,0.000,0.001
1647,-1,0,0.001,0.000,0.001
1648,-1,0,0.005,0.000,0.005
1649,-1,0,0.000,0.000,0.001
1650,-1,0,0.363,0.000,0.363
1651,-1,0,0.001,0.000,0.001
1652,-1,0,0.003,0.000,0.004
1653,-1,0,0.004,0.000,0.004
1654,-1,0,0.001,0.000,0.001
1655,-1,0,0.015,0.000,0.015
1656,-1,0,0.006,0.000,0.006
1657,-1,0,0.003,0.000,0.003
1658,-1,0,0.001,0.000,0.001
1659,-1,0,0.001,0.000,0.001
1660,-1,1,0.213,0.000,0.213
1661,-1,0,0.003,0.000,0.003
1662,-1,0,0.006,0.000,0.007
1663,-1,5,0.003,0.000,0.003
1664,-1,0,0.003,0.000,0.003
1665,-1,0,0.001,0.000,0.001
1666,-1,5,0.003,0.000,0.003
1667,-1,1,0.002,0.000,0.002
1668,-1,0,0.003,0.000,0.003
1669,-1,0,0.019,0.000,0.019
1670,-1,0,0.074,0.000,0.074
1671,-1,0,0.006,0.000,0.006
1672,-1,0,0.014,0.000,0.014
1673,-1,1,0.022,0.000,0.022
1674,-1,0,0.003,0.000,0.003
1675,-1,1,0.001,0.000,0.001
1676,-1,0,0.010,0.000,0.010
1677,-1,0,0.001,0.000,0.001
1678,-1,23,0.005,0.000,0.005
1679,-1,26,0.005,0.000,0.005
1680,-1,0,0.001,0.000,0.001
1681,-1,0,0.004,0.000,0.004
1682,-1,0,0.001,0.000,0.001
1683,-1,3,0.002,0.000,0.002
1684,-1,0,0.005,0.000,0.005
1685,-1,1,0.001,0.000,0.001
1686,-1,0,0.001,0.000,0.001
1687,-1,0,0.001,0.000,0.001
1688,-1,0,0.005,0.000,0.005
1689,-1,0,0.001,0.000,0.001
1690,-1,0,0.008,0.000,0.008
1691,-1,0,0.008,0.000,0.008
1692,-1,0,0.146,0.000,0.146
1693,-1,0,0.001,0.000,0.001
1694,-1,0,0.001,0.000,0.001
1695,-1,0,0.001,0.000,0.001
1696,-1,0,0.005,0.000,0.005
1697,-1,0,0.001,0.000,0.001
1698,-1,0,0.001,0.000,0.001
1699,-1,0,0.006,0.000,0.006
1700,-1,0,0.001,0.000,0.001
1701,-1,0,0.001,0.000,0.001
1702,-1,0,0.032,0.000,0.032
1703,-1,1,0.235,0.000,0.235
1704,-1,0,0.002,0.000,0.002
1705,-1,0,0.001,0.000,0.001
1706,-1,0,0.007,0.000,0.007
1707,-1,4,0.018,0.000,0.018
1708,-1,0,0.002,0.000,0.002
1709,-1,0,0.012,0.000,0.012
1710,-1,0,0.010,0.000,0.010
1711,-1,0,0.041,0.000,0.041
1712,-1,0,0.000,0.000,0.001
1713,-1,0,0.001,0.000,0.001
1714,-1,0,0.008,0.000,0.008
1715,-1,0,0.001,0.000,0.001
1716,-1,0,0.001,0.000,0.001
1717,-1,0,0.004,0.000,0.004
1718,-1,0,0.000,0.000,0.000
1719,-1,0,0.014,0.000,0.014
1720,-1,0,0.001,0.000,0.001
1721,-1,0,0.271,0.000,0.271
1722,-1,0,0.008,0.000,0.009
1723,-1,0,0.001,0.000,0.001
1724,-1,0,0.001,0.000,0.001
1725,-1,0,0.004,0.000,0.004
1726,-1,0,0.003,0.000,0.003
1727,-1,0,0.001,0.000,0.001
1728,-1,0,0.001,0.000,0.001
1729,-1,0,0.001,0.000,0.001
1730,-1,0,0.005,0.000,0.005
1731,-1,0,0.003,0.000,0.003
1732,-1,0,0.160,0.000,0.160
1733,-1,5,0.982,0.000,0.982
1734,-1,0,0.006,0.000,0.006
1735,-1,0,0.187,0.000,0.187
1736,-1,0,0.001,0.000,0.001
1737,-1,0,0.014,0.000,0.014
1738,-1,0,0.005,0.000,0.005
1739,-1,0,0.019,0.000,0.019
1740,-1,4,0.002,0.000,0.002
1741,-1,0,0.001,0.000,0.001
1742,-1,0,0.007,0.000,0.007
1743,-1,0,0.002,0.000,0.003
1744,-1,0,0.001,0.000,0.001
1745,-1,0,0.004,0.000,0.004
1746,-1,0,0.170,0.000,0.170
1747,-1,34,0.007,0.000,0.007
1748,-1,2,0.001,0.000,0.001
1749,-1,0,0.001,0.000,0.001
1750,-1,0,0.003,0.000,0.003
1751,-1,0,0.000,0.000,0.000
1752,-1,0,0.002,0.000,0.002
1753,-1,0,0.009,0.000,0.010
1754,-1,0,0.006,0.000,0.006
1755,-1,0,0.001,0.000,0.001
1756,-1,0,0.013,0.000,0.013
1757,-1,0,0.004,0.000,0.005
1758,-1,0,0.001,0.000,0.001
1759,-1,0,0.000,0.000,0.001
1760,-1,0,0.001,0.000,0.001
1761,-1,0,0.001,0.000,0.001
1762,-1,0,0.127,0.000,0.128
1763,-1,0,0.008,0.000,0.008
1764,-1,0,0.013,0.000,0.013
1765,-1,0,0.001,0.000,0.001
1766,-1,0,0.001,0.000,0.001
1767,-1,0,0.004,0.000,0.004
1768,-1,0,0.004,0.000,0.004
1769,-1,0,0.002,0.000,0.002
1770,-1,2,0.002,0.000,0.002
1771,-1,0,0.011,0.000,0.011
1772,-1,0,0.004,0.000,0.004
1773,-1,1,0.001,0.000,0.001
1774,-1,0,0.001,0.000,0.001
1775,-1,0,0.013,0.000,0.013
1776,-1,0,0.004,0.000,0.004
1777,-1,0,0.004,0.000,0.004
1778,-1,0,0.042,0.000,0.042
1779,-1,0,0.001,0.000,0.001
1780,-1,7,0.003,0.000,0.003
1781,-1,0,0.015,0.000,0.015
1782,-1,1,0.001,0.000,0.001
1783,-1,0,0.001,0.000,0.001
1784,-1,0,0.001,0.000,0.001
1785,-1,5,0.002,0.000,0.003
1786,-1,0,0.001,0.000,0.001
1787,-1,0,0.002,0.000,0.002
1788,-1,1,0.148,0.000,0.148
1789,-1,0,0.016,0.000,0.016
1790,-1,0,0.010,0.000,0.010
1791,-1,0,0.001,0.000,0.001
1792,-1,0,0.001,0.000,0.001
1793,-1,0,0.003,0.000,0.004
1794,-1,0,0.001,0.000,0.001
1795,-1,0,0.001,0.000,0.001
1796,-1,0,0.011,0.000,0.011
1797,-1,0,0.001,0.000,0.001
1798,-1,0,0.001,0.000,0.001
1799,-1,0,0.002,0.000,0.002
1800,-1,0,0.002,0.000,0.002
1801,-1,0,0.003,0.000,0.003
1802,-1,0,0.022,0.000,0.022
1803,-1,0,0.004,0.000,0.004
1804,-1,0,0.003,0.000,0.003
1805,-1,0,0.001,0.000,0.001
1806,-1,1,0.001,0.000,0.001
1807,-1,0,0.147,0.000,0.147
1808,-1,5,0.002,0.000,0.002
1809,-1,0,0.001,0.000,0.001
1810,-1,0,0.006,0.000,0.006
1811,-1,0,0.020,0.000,0.020
1812,-1,0,0.001,0.000,0.001
1813,-1,0,0.001,0.000,0.001
1814,-1,3,0.002,0.000,0.002
1815,-1,0,0.003,0.000,0.003
1816,-1,0,0.001,0.000,0.001
1817,-1,0,0.004,0.000,0.004
1818,-1,0,0.001,0.000,0.001
1819,-1,3,0.002,0.000,0.002
1820,-1,0,0.001,0.000,0.001
1821,-1,0,0.001,0.000,0.001
1822,-1,0,0.000,0.000,0.000
1823,-1,1,0.001,0.000,0.001
1824,-1,0,0.001,0.000,0.001
1825,-1,0,0.002,0.000,0.002
1826,-1,0,0.003,0.000,0.004
1827,-1,0,0.004,0.000,0.004
1828,-1,0,0.038,0.000,0.038
1829,-1,0,0.001,0.000,0.001
1830,-1,0,0.001,0.000,0.001
1831,-1,0,0.004,0.000,0.004
1832,-1,0,0.003,0.000,0.003
1833,-1,5,1.053,0.000,1.053
1834,-1,0,0.001,0.000,0.001
1835,-1,0,0.005,0.000,0.006
1836,-1,0,0.001,0.000,0.001
1837,-1,0,0.011,0.000,0.011
1838,-1,0,0.010,0.000,0.010
1839,-1,0,0.001,0.000,0.001
1840,-1,0,0.006,0.000,0.006
1841,-1,0,0.005,0.000,0.005
1842,-1,0,0.001,0.000,0.001
1843,-1,1,0.001,0.000,0.001
1844,-1,0,0.003,0.000,0.003
1845,-1,0,0.011,0.000,0.011
1846,-1,2,0.001,0.000,0.001
1847,-1,0,0.005,0.000,0.005
1848,-1,0,0.001,0.000,0.001
1849,-1,0,0.001,0.000,0.001
1850,-1,0,0.013,0.000,0.013
1851,-1,0,0.003,0.000,0.004
1852,-1,0,0.003,0.000,0.003
1853,-1,0,0.009,0.000,0.009
1854,-1,0,0.001,0.000,0.001
1855,-1,0,0.008,0.000,0.008
1856,-1,0,0.012,0.000,0.012
1857,-1,2,0.001,0.000,0.002
1858,-1,0,0.015,0.000,0.015
1859,-1,0,0.009,0.000,0.009
1860,-1,0,0.005,0.000,0.005
1861,-1,0,0.021,0.000,0.021
1862,-1,0,0.003,0.000,0.003
1863,-1,0,0.001,0.000,0.001
1864,-1,0,0.001,0.000,0.001
1865,-1,0,0.051,0.000,0.051
1866,-1,0,0.013,0.000,0.013
1867,-1,0,0.333,0.000,0.333
1868,-1,0,0.001,0.000,0.001
1869,-1,0,0.001,0.000,0.001
1870,-1,1,0.001,0.000,0.001
1871,-1,0,0.001,0.000,0.001
1872,-1,1,0.001,0.000,0.001
1873,-1,0,0.003,0.000,0.003
1874,-1,0,0.001,0.000,0.001
1875,-1,0,0.001,0.000,0.001
1876,-1,0,0.009,0.000,0.009
1877,-1,0,0.000,0.000,0.000
1878,-1,3,0.002,0.000,0.002
1879,-1,0,0.001,0.000,0.001
1880,-1,0,0.001,0.000,0.001
1881,-1,0,0.006,0.000,0.006
1882,-1,3,0.002,0.000,0.002
1883,-1,0,0.002,0.000,0.002
1884,-1,0,0.005,0.000,0.005
1885,-1,1,0.001,0.000,0.001
1886,-1,0,0.001,0.000,0.001
1887,-1,0,0.012,0.000,0.012
1888,-1,0,0.061,0.000,0.061
1889,-1,1,0.008,0.000,0.008
1890,-1,0,0.112,0.000,0.112
1891,-1,0,0.004,0.000,0.004
1892,-1,2,0.001,0.000,0.001
1893,-1,0,0.001,0.000,0.001
1894,-1,0,0.086,0.000,0.086
1895,-1,1,0.001,0.000,0.001
1896,-1,0,0.001,0.000,0.001
1897,-1,0,0.002,0.000,0.002
1898,-1,0,0.001,0.000,0.001
1899,-1,0,0.057,0.000,0.057
1900,-1,0,0.005,0.000,0.005
1901,-1,0,0.004,0.000,0.004
1902,-1,32,0.005,0.000,0.005
1903,-1,0,0.001,0.000,0.001
1904,-1,0,0.002,0.000,0.002
1905,-1,0,0.001,0.000,0.001
1906,-1,0,0.016,0.000,0.016
1907,-1,0,0.001,0.000,0.001
1908,-1,0,0.037,0.000,0.037
1909,-1,0,0.001,0.000,0.001
1910,-1,0,0.003,0.000,0.003
1911,-1,0,0.003,0.000,0.003
1912,-1,0,0.001,0.000,0.001
1913,-1,0,0.001,0.000,0.001
1914,-1,0,0.003,0.000,0.003
1915,-1,0,0.001,0.000,0.001
1916,-1,42,0.013,0.000,0.013
1917,-1,0,0.001,0.000,0.002
1918,-1,3,0.001,0.000,0.001
1919,-1,0,0.003,0.000,0.003
1920,-1,0,0.054,0.000,0.054
1921,-1,0,0.001,0.000,0.001
1922,-1,0,0.004,0.000,0.004
1923,-1,0,0.002,0.000,0.003
1924,-1,0,0.003,0.000,0.003
1925,-1,0,0.002,0.000,0.002
1926,-1,36,0.006,0.000,0.006
1927,-1,0,0.025,0.000,0.025
1928,-1,0,0.009,0.000,0.009
1929,-1,0,0.101,0.000,0.101
1930,-1,0,0.001,0.000,0.001
1931,-1,0,0.001,0.000,0.001
1932,-1,0,0.001,0.000,0.001
1933,-1,0,0.003,0.000,0.003
1934,-1,0,0.004,0.000,0.004
1935,-1,0,0.001,0.000,0.001
1936,-1,0,0.002,0.000,0.002
1937,-1,0,0.004,0.000,0.004
1938,-1,0,0.001,0.000,0.001
1939,-1,0,0.001,0.000,0.001
1940,-1,0,0.010,0.000,0.010
1941,-1,2,0.927,0.000,0.927
1942,-1,0,0.001,0.000,0.001
1943,-1,0,0.005,0.000,0.005
1944,-1,0,0.004,0.000,0.004
1945,-1,0,0.196,0.000,0.196
1946,-1,1,0.516,0.000,0.516
1947,-1,0,0.001,0.000,0.001
1948,-1,1,0.059,0.000,0.059
1949,-1,0,0.001,0.000,0.001
1950,-1,0,0.006,0.000,0.006
1951,-1,0,0.013,0.000,0.013
1952,-1,0,0.239,0.000,0.239
1953,-1,0,0.009,0.000,0.009
1954,-1,0,0.319,0.000,0.319
1955,-1,0,0.002,0.000,0.002
1956,-1,5,1.027,0.000,1.027
1957,-1,0,0.002,0.000,0.002
1958,-1,0,0.001,0.000,0.001
1959,-1,0,0.001,0.000,0.001
1960,-1,0,0.011,0.000,0.011
1961,-1,0,0.004,0.000,0.005
1962,-1,0,0.006,0.000,0.006
1963,-1,0,0.028,0.000,0.028
1964,-1,0,0.003,0.000,0.003
1965,-1,1,0.001,0.000,0.001
1966,-1,5,0.002,0.000,0.002
1967,-1,0,0.018,0.000,0.018
1968,-1,1,0.001,0.000,0.001
1969,-1,0,0.011,0.000,0.011
1970,-1,0,0.001,0.000,0.001
1971,-1,0,0.001,0.000,0.001
1972,-1,2,0.001,0.000,0.001
1973,-1,0,0.004,0.000,0.004
1974,-1,0,0.004,0.000,0.004
1975,-1,0,0.017,0.000,0.017
1976,-1,0,0.001,0.000,0.001
1977,-1,0,0.000,0.000,0.000
1978,-1,0,0.012,0.000,0.012
1979,-1,0,0.002,0.000,0.003
1980,-1,0,0.001,0.000,0.001
1981,-1,0,0.010,0.000,0.010
1982,-1,0,0.001,0.000,0.001
1983,-1,0,0.000,0.000,0.000
1984,-1,0,0.002,0.000,0.003
1985,-1,6,0.002,0.000,0.002
1986,-1,0,0.001,0.000,0.001
1987,-1,0,0.000,0.000,0.001
1988,-1,0,0.005,0.000,0.005
1989,-1,0,0.001,0.000,0.001
1990,-1,0,0.002,0.000,0.003
1991,-1,7,0.002,0.000,0.002
1992,-1,0,0.001,0.000,0.001
1993,-1,0,0.001,0.000,0.001
1994,-1,0,0.000,0.000,0.001
1995,-1,0,0.015,0.000,0.016
1996,-1,0,0.015,0.000,0.015
1997,-1,0,0.001,0.000,0.001
1998,-1,0,0.010,0.000,0.010
1999,-1,0,0.001,0.000,0.001
2000,-1,3,0.002,0.000,0.002
2001,-1,0,0.001,0.000,0.001
2002,-1,3,0.002,0.000,0.002
2003,-1,0,0.012,0.000,0.012
2004,-1,1,0.522,0.000,0.522
2005,-1,0,0.075,0.000,0.075
2006,-1,0,0.049,0.000,0.049
2007,-1,0,0.008,0.000,0.008
2008,-1,0,0.008,0.000,0.008
2009,-1,0,0.239,0.000,0.239
2010,-1,6,0.003,0.000,0.003
2011,-1,0,0.004,0.000,0.005
2012,-1,5,0.003,0.000,0.003
2013,-1,0,0.042,0.000,0.042
2014,-1,0,0.005,0.000,0.005
2015,-1,0,0.001,0.000,0.001
2016,-1,0,0.004,0.000,0.004
2017,-1,0,0.004,0.000,0.004
2018,-1,0,0.070,0.000,0.070
2019,-1,0,0.001,0.000,0.001
2020,-1,0,0.001,0.000,0.001
2021,-1,0,0.002,0.000,0.002
2022,-1,0,0.001,0.000,0.001
2023,-1,0,0.001,0.000,0.001
2024,-1,0,0.000,0.000,0.000
2025,-1,0,0.001,0.000,0.001
2026,-1,0,0.001,0.000,0.001
2027,-1,0,0.001,0.000,0.001
2028,-1,5,1.286,0.000,1.286
2029,-1,0,0.073,0.000,0.073
2030,-1,0,0.022,0.000,0.022
2031,-1,0,0.001,0.000,0.001
2032,-1,0,0.004,0.000,0.004
2033,-1,1,0.001,0.000,0.001
2034,-1,0,0.001,0.000,0.001
2035,-1,0,0.007,0.000,0.007
2036,-1,0,0.002,0.000,0.002
2037,-1,0,0.003,0.000,0.003
2038,-1,0,0.001,0.000,0.001
2039,-1,0,0.001,0.000,0.001
2040,-1,3,0.002,0.000,0.002
2041,-1,0,0.001,0.000,0.001
2042,-1,5,1.076,0.000,1.076
2043,-1,1,0.192,0.000,0.192
2044,-1,0,0.010,0.000,0.010
2045,-1,0,0.004,0.000,0.004
2046,-1,0,0.007,0.000,0.007
2047,-1,0,0.003,0.000,0.003
2048,-1,0,0.005,0.000,0.005
2049,-1,0,0.156,0.000,0.156
2050,-1,0,0.009,0.000,0.009
2051,-1,0,0.002,0.000,0.002
2052,-1,0,0.009,0.000,0.009
2053,-1,23,0.004,0.000,0.004
2054,-1,0,0.000,0.000,0.000
2055,-1,2,0.001,0.000,0.001
2056,-1,0,0.014,0.000,0.014
2057,-1,0,0.004,0.000,0.004
2058,-1,0,0.000,0.000,0.000
2059,-1,0,0.001,0.000,0.001
2060,-1,25,0.008,0.000,0.008
2061,-1,0,0.001,0.000,0.001
2062,-1,0,0.004,0.000,0.004
2063,-1,0,0.004,0.000,0.004
2064,-1,0,0.090,0.000,0.090
2065,-1,0,0.009,0.000,0.009
2066,-1,0,0.026,0.000,0.027
2067,-1,0,0.004,0.000,0.004
2068,-1,0,0.009,0.000,0.009
2069,-1,10,1.562,0.000,1.562
2070,-1,5,1.014,0.000,1.015
2071,-1,0,0.011,0.000,0.011
2072,-1,0,0.002,0.000,0.002
2073,-1,0,0.001,0.000,0.001
2074,-1,0,0.001,0.000,0.001
2075,-1,0,0.004,0.000,0.004
2076,-1,0,0.001,0.000,0.001
2077,-1,0,0.006,0.000,0.006
2078,-1,0,0.009,0.000,0.009
2079,-1,0,0.004,0.000,0.004
2080,-1,0,0.005,0.000,0.006
2081,-1,0,0.001,0.000,0.001
2082,-1,1,0.014,0.000,0.014
2083,-1,0,0.003,0.000,0.003
2084,-1,0,0.001,0.000,0.001
2085,-1,0,0.005,0.000,0.005
2086,-1,0,0.003,0.000,0.003
2087,-1,0,0.001,0.000,0.001
2088,-1,0,0.001,0.000,0.001
2089,-1,0,0.004,0.000,0.004
2090,-1,0,0.015,0.000,0.015
2091,-1,0,0.009,0.000,0.009
2092,-1,0,0.003,0.000,0.003
2093,-1,0,0.007,0.000,0.007
2094,-1,1,0.001,0.000,0.001
2095,-1,0,0.031,0.000,0.031
2096,-1,0,0.448,0.000,0.449
2097,-1,0,0.061,0.000,0.062
2098,-1,0,0.007,0.000,0.007
2099,-1,0,0.002,0.000,0.002
2100,-1,0,0.001,0.000,0.001
2101,-1,0,0.011,0.000,0.011
2102,-1,0,0.009,0.000,0.009
2103,-1,0,0.005,0.000,0.005
2104,-1,1,0.001,0.000,0.001
2105,-1,4,0.001,0.000,0.002
2106,-1,0,0.248,0.000,0.248
2107,-1,0,0.001,0.000,0.002
2108,-1,0,0.001,0.000,0.001
2109,-1,0,0.001,0.000,0.001
2110,-1,0,0.001,0.000,0.001
2111,-1,0,0.011,0.000,0.011
2112,-1,0,0.013,0.000,0.013
2113,-1,2,0.315,0.000,0.315
2114,-1,0,0.108,0.000,0.108
2115,-1,0,0.055,0.000,0.055
2116,-1,0,0.003,0.000,0.003
2117,-1,0,0.005,0.000,0.005
2118,-1,0,0.005,0.000,0.005
2119,-1,0,0.001,0.000,0.001
2120,-1,0,0.056,0.000,0.056
2121,-1,1,0.013,0.000,0.013
2122,-1,0,0.002,0.000,0.002
2123,-1,0,0.124,0.000,0.124
2124,-1,0,0.001,0.000,0.001
2125,-1,3,0.002,0.000,0.002
2126,-1,0,0.001,0.000,0.001
2127,-1,0,0.001,0.000,0.001
2128,-1,0,0.001,0.000,0.001
2129,-1,23,0.004,0.000,0.004
2130,-1,1,0.001,0.000,0.001
2131,-1,4,0.540,0.000,0.540
2132,-1,0,0.004,0.000,0.004
2133,-1,0,0.001,0.000,0.001
2134,-1,0,0.009,0.000,0.009
2135,-1,0,0.001,0.000,0.001
2136,-1,0,0.003,0.000,0.003
2137,-1,0,0.007,0.000,0.007
2138,-1,1,0.147,0.000,0.147
2139,-1,0,0.002,0.000,0.003
2140,-1,0,0.002,0.000,0.003
2141,-1,0,0.001,0.000,0.001
2142,-1,0,0.002,0.000,0.002
2143,-1,0,0.011,0.000,0.011
2144,-1,0,0.081,0.000,0.081
2145,-1,0,0.004,0.000,0.005
2146,-1,0,0.038,0.000,0.039
2147,-1,0,0.041,0.000,0.041
2148,-1,0,0.000,0.000,0.001
2149,-1,0,0.001,0.000,0.001
2150,-1,6,0.003,0.000,0.003
2151,-1,0,0.001,0.000,0.001
2152,-1,2,0.923,0.000,0.923
2153,-1,0,0.001,0.000,0.001
2154,-1,0,0.063,0.000,0.063
2155,-1,0,0.009,0.000,0.009
2156,-1,0,0.005,0.000,0.005
2157,-1,0,0.005,0.000,0.006
2158,-1,0,0.001,0.000,0.001
2159,-1,0,0.001,0.000,0.001
2160,-1,28,0.005,0.000,0.006
2161,-1,0,0.009,0.000,0.009
2162,-1,0,0.008,0.000,0.008
2163,-1,0,0.013,0.000,0.014
2164,-1,0,0.011,0.000,0.011
2165,-1,1,0.479,0.000,0.479
2166,-1,0,0.004,0.000,0.004
2167,-1,0,0.001,0.000,0.001
2168,-1,0,0.009,0.000,0.009
2169,-1,0,0.505,0.000,0.505
2170,-1,0,0.001,0.000,0.001
2171,-1,0,0.001,0.000,0.001
2172,-1,7,0.003,0.000,0.003
2173,-1,0,0.011,0.000,0.011
2174,-1,0,0.006,0.000,0.006
2175,-1,0,0.071,0.000,0.071
2176,-1,0,0.014,0.000,0.014
2177,-1,0,0.004,0.000,0.004
2178,-1,0,0.200,0.000,0.200
2179,-1,0,0.010,0.000,0.010
2180,-1,0,0.001,0.000,0.001
2181,-1,0,0.003,0.000,0.003
2182,-1,0,0.001,0.000,0.001
2183,-1,5,1.048,0.000,1.048
2184,-1,0,0.002,0.000,0.002
2185,-1,0,0.008,0.000,0.008
2186,-1,0,0.002,0.000,0.002
2187,-1,0,0.004,0.000,0.004
2188,-1,0,0.004,0.000,0.004
2189,-1,0,0.001,0.000,0.001
2190,-1,5,0.003,0.000,0.003
2191,-1,0,0.001,0.000,0.001
2192,-1,1,0.281,0.000,0.281
2193,-1,10,1.649,0.000,1.649
2194,-1,0,0.002,0.000,0.002
2195,-1,0,0.001,0.000,0.001
2196,-1,0,0.001,0.000,0.001
2197,-1,0,0.001,0.000,0.001
2198,-1,0,0.026,0.000,0.026
2199,-1,0,0.001,0.000,0.001
2200,-1,0,0.003,0.000,0.003
2201,-1,0,0.002,0.000,0.002
2202,-1,0,0.018,0.000,0.019
2203,-1,0,0.016,0.000,0.016
2204,-1,0,0.007,0.000,0.007
2205,-1,2,0.002,0.000,0.002
2206,-1,0,0.474,0.000,0.474
2207,-1,10,1.554,0.000,1.554
2208,-1,2,0.925,0.000,0.925
2209,-1,0,0.001,0.000,0.001
2210,-1,0,0.001,0.000,0.001
2211,-1,2,0.002,0.000,0.002
2212,-1,3,0.002,0.000,0.002
2213,-1,0,0.002,0.000,0.002
2214,-1,0,0.016,0.000,0.016
2215,-1,0,0.001,0.000,0.001
2216,-1,0,0.010,0.000,0.011
2217,-1,0,0.004,0.000,0.004
2218,-1,0,0.001,0.000,0.001
2219,-1,5,0.003,0.000,0.003
2220,-1,0,0.008,0.000,0.008
2221,-1,5,0.003,0.000,0.003
2222,-1,0,0.004,0.000,0.004
2223,-1,7,0.001,0.000,0.002
2224,-1,0,0.001,0.000,0.001
2225,-1,0,0.001,0.000,0.001
2226,-1,0,0.003,0.000,0.003
2227,-1,0,0.005,0.000,0.005
2228,-1,0,0.009,0.000,0.009
2229,-1,0,0.053,0.000,0.053
2230,-1,0,0.005,0.000,0.005
2231,-1,0,0.478,0.000,0.478
2232,-1,0,0.003,0.000,0.003
2233,-1,0,0.005,0.000,0.005
2234,-1,0,0.003,0.000,0.003
2235,-1,0,0.001,0.000,0.001
2236,-1,0,0.010,0.000,0.010
2237,-1,0,0.004,0.000,0.004
2238,-1,0,0.009,0.000,0.009
2239,-1,0,0.000,0.000,0.001
2240,-1,0,0.001,0.000,0.001
2241,-1,0,0.003,0.000,0.003
2242,-1,0,0.002,0.000,0.002
2243,-1,0,0.066,0.000,0.066
2244,-1,0,0.010,0.000,0.010
2245,-1,0,0.006,0.000,0.006
2246,-1,0,0.001,0.000,0.001
2247,-1,0,0.018,0.000,0.018
2248,-1,0,0.001,0.000,0.001
2249,-1,0,0.006,0.000,0.006
2250,-1,0,0.003,0.000,0.003
2251,-1,0,0.001,0.000,0.001
2252,-1,0,0.001,0.000,0.001
2253,-1,0,0.004,0.000,0.004
2254,-1,0,0.001,0.000,0.001
2255,-1,0,0.007,0.000,0.007
2256,-1,0,0.008,0.000,0.008
2257,-1,0,0.001,0.000,0.001
2258,-1,0,0.001,0.000,0.001
2259,-1,34,0.012,0.000,0.012
2260,-1,0,0.027,0.000,0.027
2261,-1,0,0.001,0.000,0.001
2262,-1,1,0.001,0.000,0.001
2263,-1,0,0.001,0.000,0.001
2264,-1,0,0.001,0.000,0.001
2265,-1,0,0.003,0.000,0.003
2266,-1,31,0.006,0.000,0.006
2267,-1,0,0.003,0.000,0.003
2268,-1,1,0.001,0.000,0.001
2269,-1,0,0.007,0.000,0.007
2270,-1,0,0.001,0.000,0.001
2271,-1,0,0.004,0.000,0.004
2272,-1,0,0.006,0.000,0.006
2273,-1,0,0.001,0.000,0.001
2274,-1,2,0.012,0.000,0.012
2275,-1,0,0.001,0.000,0.001
2276,-1,0,0.002,0.000,0.003
2277,-1,0,0.001,0.000,0.002
2278,-1,0,0.000,0.000,0.000
2279,-1,0,0.003,0.000,0.003
2280,-1,0,0.009,0.000,0.009
2281,-1,0,0.000,0.000,0.001
2282,-1,0,0.008,0.000,0.008
2283,-1,1,0.003,0.000,0.003
2284,-1,0,0.008,0.000,0.008
2285,-1,0,0.001,0.000,0.001
2286,-1,0,0.003,0.000,0.003
2287,-1,1,0.001,0.000,0.001
2288,-1,0,0.002,0.000,0.002
2289,-1,0,0.000,0.000,0.000
2290,-1,0,0.001,0.000,0.001
2291,-1,0,0.001,0.000,0.001
2292,-1,4,0.002,0.000,0.002
2293,-1,2,0.001,0.000,0.001
2294,-1,0,0.001,0.000,0.001
2295,-1,0,0.001,0.000,0.001
2296,-1,1,0.052,0.000,0.052
2297,-1,0,0.047,0.000,0.047
2298,-1,1,0.001,0.000,0.001
2299,-1,0,0.005,0.000,0.005
2300,-1,0,0.186,0.000,0.186
2301,-1,0,0.001,0.000,0.001
2302,-1,0,0.010,0.000,0.010
2303,-1,0,0.001,0.000,0.001
2304,-1,0,0.047,0.000,0.047
2305,-1,0,0.003,0.000,0.004
2306,-1,5,0.002,0.000,0.002
2307,-1,0,0.009,0.000,0.009
2308,-1,13,0.003,0.000,0.003
2309,-1,0,0.001,0.000,0.001
2310,-1,0,0.001,0.000,0.001
2311,-1,0,0.003,0.000,0.003
2312,-1,0,0.003,0.000,0.003
2313,-1,0,0.059,0.000,0.059
2314,-1,2,0.977,0.000,0.977
2315,-1,0,0.001,0.000,0.001
2316,-1,0,0.004,0.000,0.005
2317,-1,0,0.001,0.000,0.001
2318,-1,0,0.001,0.000,0.001
2319,-1,0,0.003,0.000,0.003
2320,-1,0,0.016,0.000,0.016
2321,-1,0,0.001,0.000,0.001
2322,-1,0,0.001,0.000,0.001
2323,-1,0,0.001,0.000,0.001
2324,-1,0,0.010,0.000,0.010
2325,-1,0,0.009,0.000,0.009
2326,-1,0,0.071,0.000,0.071
2327,-1,0,0.001,0.000,0.001
2328,-1,0,0.002,0.000,0.002
2329,-1,4,0.002,0.000,0.002
2330,-1,0,0.016,0.000,0.016
2331,-1,0,0.001,0.000,0.001
2332,-1,0,0.014,0.000,0.014
2333,-1,0,0.001,0.000,0.001
2334,-1,0,0.006,0.000,0.006
2335,-1,0,0.062,0.000,0.062
2336,-1,0,0.014,0.000,0.014
2337,-1,0,0.003,0.000,0.003
2338,-1,0,0.006,0.000,0.006
2339,-1,0,0.086,0.000,0.086
2340,-1,1,0.120,0.000,0.120
2341,-1,0,0.001,0.000,0.001
2342,-1,1,0.001,0.000,0.001
2343,-1,1,0.062,0.000,0.062
2344,-1,0,0.007,0.000,0.007
2345,-1,0,0.001,0.000,0.001
2346,-1,0,0.000,0.000,0.001
2347,-1,0,0.001,0.000,0.001
2348,-1,0,0.004,0.000,0.004
2349,-1,0,0.001,0.000,0.001
2350,-1,1,0.008,0.000,0.009
2351,-1,0,0.018,0.000,0.018
2352,-1,0,0.005,0.000,0.005
2353,-1,0,0.001,0.000,0.001
2354,-1,0,0.006,0.000,0.006
2355,-1,0,0.005,0.000,0.005
2356,-1,0,0.008,0.000,0.008
2357,-1,0,0.015,0.000,0.015
2358,-1,0,0.001,0.000,0.001
2359,-1,0,0.003,0.000,0.003
2360,-1,0,0.010,0.000,0.010
2361,-1,1,0.120,0.000,0.121
2362,-1,1,0.020,0.000,0.020
2363,-1,0,0.001,0.000,0.001
2364,-1,1,0.001,0.000,0.001
2365,-1,0,0.001,0.000,0.001
2366,-1,0,0.003,0.000,0.003
2367,-1,0,0.015,0.000,0.015
2368,-1,0,0.062,0.000,0.062
2369,-1,2,0.035,0.000,0.035
2370,-1,0,0.009,0.000,0.009
2371,-1,0,0.013,0.000,0.013
2372,-1,0,0.000,0.000,0.001
2373,-1,0,0.009,0.000,0.009
2374,-1,0,0.004,0.000,0.004
2375,-1,0,0.002,0.000,0.002
2376,-1,0,0.001,0.000,0.001
2377,-1,0,0.003,0.000,0.003
2378,-1,0,0.009,0.000,0.009
2379,-1,0,0.001,0.000,0.001
2380,-1,0,0.001,0.000,0.001
2381,-1,5,0.002,0.000,0.002
2382,-1,0,0.011,0.000,0.011
2383,-1,1,0.108,0.000,0.108
2384,-1,4,0.550,0.000,0.550
2385,-1,0,0.013,0.000,0.013
2386,-1,1,0.001,0.000,0.001
2387,-1,0,0.004,0.000,0.004
2388,-1,0,0.009,0.000,0.009
2389,-1,0,0.004,0.000,0.005
2390,-1,0,0.001,0.000,0.001
2391,-1,0,0.096,0.000,0.096
2392,-1,0,0.001,0.000,0.001
2393,-1,0,0.009,0.000,0.009
2394,-1,0,0.001,0.000,0.001
2395,-1,0,0.000,0.000,0.000
2396,-1,3,0.002,0.000,0.002
2397,-1,0,0.001,0.000,0.001
2398,-1,0,0.195,0.000,0.195
2399,-1,0,0.004,0.000,0.005
2400,-1,2,0.001,0.000,0.001
2401,-1,0,0.019,0.000,0.020
2402,-1,0,0.004,0.000,0.004
2403,-1,0,0.004,0.000,0.004
2404,-1,0,0.038,0.000,0.038
2405,-1,0,0.001,0.000,0.001
2406,-1,0,0.000,0.000,0.000
2407,-1,0,0.001,0.000,0.001
2408,-1,0,0.012,0.000,0.012
2409,-1,0,0.000,0.000,0.000
2410,-1,0,0.006,0.000,0.006
2411,-1,1,0.001,0.000,0.001
2412,-1,0,0.028,0.000,0.028
2413,-1,0,0.000,0.000,0.000
2414,-1,0,0.009,0.000,0.009
2415,-1,0,0.002,0.000,0.002
2416,-1,0,0.002,0.000,0.003
2417,-1,0,0.001,0.000,0.001
2418,-1,0,0.001,0.000,0.001
2419,-1,0,0.006,0.000,0.006
2420,-1,0,0.001,0.000,0.001
2421,-1,0,0.005,0.000,0.005
2422,-1,0,0.001,0.000,0.001
2423,-1,0,0.004,0.000,0.004
2424,-1,0,0.009,0.000,0.009
2425,-1,0,0.001,0.000,0.001
2426,-1,0,0.000,0.000,0.000
2427,-1,0,0.003,0.000,0.003
2428,-1,0,0.002,0.000,0.002
2429,-1,0,0.023,0.000,0.024
2430,-1,0,0.002,0.000,0.002
2431,-1,0,0.000,0.000,0.000
2432,-1,1,0.001,0.000,0.001
2433,-1,0,0.119,0.000,0.119
2434,-1,0,0.010,0.000,0.010
2435,-1,5,0.003,0.000,0.003
2436,-1,0,0.009,0.000,0.010
2437,-1,0,0.002,0.000,0.002
2438,-1,0,0.009,0.000,0.010
2439,-1,0,0.009,0.000,0.009
2440,-1,0,0.003,0.000,0.003
2441,-1,0,0.001,0.000,0.001
2442,-1,0,0.001,0.000,0.001
2443,-1,0,0.001,0.000,0.001
2444,-1,0,0.003,0.000,0.003
2445,-1,0,0.001,0.000,0.001
2446,-1,0,0.000,0.000,0.001
2447,-1,0,0.001,0.000,0.001
2448,-1,0,0.013,0.000,0.013
2449,-1,0,0.001,0.000,0.001
2450,-1,0,0.003,0.000,0.003
2451,-1,0,0.001,0.000,0.001
2452,-1,0,0.004,0.000,0.004
2453,-1,0,0.001,0.000,0.001
2454,-1,0,0.065,0.000,0.065
2455,-1,0,0.008,0.000,0.008
2456,-1,0,0.017,0.000,0.017
2457,-1,0,0.041,0.000,0.042
2458,-1,0,0.001,0.000,0.001
2459,-1,2,0.001,0.000,0.001
2460,-1,0,0.001,0.000,0.001
2461,-1,3,0.002,0.000,0.002
2462,-1,0,0.026,0.000,0.026
2463,-1,0,0.014,0.000,0.014
2464,-1,0,0.004,0.000,0.004
2465,-1,0,0.011,0.000,0.011
2466,-1,0,0.002,0.000,0.003
2467,-1,0,0.004,0.000,0.004
2468,-1,0,0.008,0.000,0.008
2469,-1,0,0.002,0.000,0.003
2470,-1,0,0.062,0.000,0.062
2471,-1,0,0.009,0.000,0.009
2472,-1,0,0.000,0.000,0.000
2473,-1,0,0.000,0.000,0.001
2474,-1,0,0.001,0.000,0.001
2475,-1,10,1.687,0.000,1.687
2476,-1,0,0.001,0.000,0.001
2477,-1,1,0.071,0.000,0.071
2478,-1,0,0.001,0.000,0.001
2479,-1,16,0.006,0.000,0.006
2480,-1,0,0.005,0.000,0.005
2481,-1,1,0.001,0.000,0.002
2482,-1,0,0.006,0.000,0.006
2483,-1,0,0.010,0.000,0.010
2484,-1,0,0.016,0.000,0.016
2485,-1,0,0.005,0.000,0.005
2486,-1,0,0.001,0.000,0.001
2487,-1,0,0.065,0.000,0.065
2488,-1,0,0.005,0.000,0.005
2489,-1,0,0.001,0.000,0.001
2490,-1,0,0.173,0.000,0.173
2491,-1,0,0.003,0.000,0.003
2492,-1,0,0.001,0.000,0.001
2493,-1,0,0.016,0.000,0.016
2494,-1,0,0.005,0.000,0.005
2495,-1,25,0.008,0.000,0.008
2496,-1,0,0.010,0.000,0.010
2497,-1,0,0.009,0.000,0.009
2498,-1,0,0.065,0.000,0.065
2499,-1,0,0.001,0.000,0.001
2500,-1,0,0.009,0.000,0.009
2501,-1,0,0.020,0.000,0.020
2502,-1,0,0.000,0.000,0.000
2503,-1,0,0.037,0.000,0.038
2504,-1,0,0.000,0.000,0.000
2505,-1,0,0.012,0.000,0.012
2506,-1,0,0.001,0.000,0.001
2507,-1,0,0.005,0.000,0.005
2508,-1,0,0.004,0.000,0.005
2509,-1,0,0.001,0.000,0.001
2510,-1,0,0.009,0.000,0.010
2511,-1,0,0.001,0.000,0.001
2512,-1,0,0.005,0.000,0.005
2513,-1,1,0.001,0.000,0.001
2514,-1,0,0.031,0.000,0.031
2515,-1,0,0.000,0.000,0.001
2516,-1,0,0.003,0.000,0.003
2517,-1,1,0.001,0.000,0.001
2518,-1,0,0.013,0.000,0.013
2519,-1,10,0.004,0.000,0.004
2520,-1,0,0.001,0.000,0.001
2521,-1,0,0.009,0.000,0.009
2522,-1,0,0.004,0.000,0.004
2523,-1,0,0.001,0.000,0.001
2524,-1,0,0.009,0.000,0.009
2525,-1,0,0.001,0.000,0.001
2526,-1,0,0.000,0.000,0.000
2527,-1,0,0.016,0.000,0.016
2528,-1,0,0.004,0.000,0.004
2529,-1,0,0.000,0.000,0.000
2530,-1,0,0.002,0.000,0.003
2531,-1,5,1.027,0.000,1.027
2532,-1,0,0.005,0.000,0.005
2533,-1,0,0.001,0.000,0.001
2534,-1,0,0.002,0.000,0.002
2535,-1,0,0.001,0.000,0.001
2536,-1,5,1.073,0.000,1.073
2537,-1,2,0.001,0.000,0.002
2538,-1,0,0.008,0.000,0.008
2539,-1,0,0.001,0.000,0.001
2540,-1,0,0.005,0.000,0.005
2541,-1,0,0.004,0.000,0.004
2542,-1,0,0.001,0.000,0.001
2543,-1,0,0.004,0.000,0.004
2544,-1,0,0.001,0.000,0.001
2545,-1,0,0.001,0.000,0.001
2546,-1,0,0.016,0.000,0.016
2547,-1,0,0.006,0.000,0.006
2548,-1,0,0.000,0.000,0.001
2549,-1,0,0.000,0.000,0.001
2550,-1,0,0.001,0.000,0.001
2551,-1,0,0.001,0.000,0.001
2552,-1,1,0.001,0.000,0.001
2553,-1,44,0.008,0.000,0.008
2554,-1,0,0.003,0.000,0.003
2555,-1,0,0.011,0.000,0.011
2556,-1,0,0.001,0.000,0.001
2557,-1,0,0.001,0.000,0.001
2558,-1,0,0.003,0.000,0.003
2559,-1,0,0.011,0.000,0.011
2560,-1,0,0.001,0.000,0.001
2561,-1,0,0.009,0.000,0.009
2562,-1,1,0.005,0.000,0.005
2563,-1,0,0.045,0.000,0.045
2564,-1,0,0.000,0.000,0.001
2565,-1,0,0.008,0.000,0.008
2566,-1,1,0.171,0.000,0.171
2567,-1,4,0.012,0.000,0.012
2568,-1,0,0.017,0.000,0.017
2569,-1,0,0.012,0.000,0.012
2570,-1,0,0.006,0.000,0.006
2571,-1,0,0.009,0.000,0.009
2572,-1,0,0.008,0.000,0.008
2573,-1,0,0.001,0.000,0.001
2574,-1,0,0.002,0.000,0.002
2575,-1,0,0.007,0.000,0.007
2576,-1,0,0.004,0.000,0.004
2577,-1,0,0.004,0.000,0.004
2578,-1,0,0.008,0.000,0.008
2579,-1,0,0.001,0.000,0.001
2580,-1,0,0.004,0.000,0.005
2581,-1,0,0.002,0.000,0.002
2582,-1,0,0.163,0.000,0.163
2583,-1,0,0.078,0.000,0.078
2584,-1,0,0.001,0.000,0.001
2585,-1,0,0.056,0.000,0.056
2586,-1,0,0.001,0.000,0.002
2587,-1,0,0.004,0.000,0.004
2588,-1,0,0.001,0.000,0.001
2589,-1,0,0.002,0.000,0.002
2590,-1,0,0.001,0.000,0.001
2591,-1,0,0.001,0.000,0.002
2592,-1,0,0.001,0.000,0.001
2593,-1,0,0.009,0.000,0.009
2594,-1,0,0.001,0.000,0.001
2595,-1,0,0.000,0.000,0.000
2596,-1,0,0.009,0.000,0.009
2597,-1,0,0.001,0.000,0.001
2598,-1,1,0.035,0.000,0.035
2599,-1,0,0.016,0.000,0.016
2600,-1,0,0.023,0.000,0.023
2601,-1,0,0.001,0.000,0.001
2602,-1,0,0.001,0.000,0.001
2603,-1,0,0.001,0.000,0.001
2604,-1,0,0.001,0.000,0.001
2605,-1,0,0.001,0.000,0.001
2606,-1,0,0.001,0.000,0.001
2607,-1,0,0.001,0.000,0.001
2608,-1,0,0.007,0.000,0.007
2609,-1,1,0.001,0.000,0.001
2610,-1,0,0.004,0.000,0.004
2611,-1,0,0.002,0.000,0.002
2612,-1,0,0.003,0.000,0.003
2613,-1,0,0.001,0.000,0.001
2614,-1,0,0.013,0.000,0.013
2615,-1,0,0.003,0.000,0.003
2616,-1,0,0.017,0.000,0.017
2617,-1,0,0.002,0.000,0.002
2618,-1,0,0.011,0.000,0.011
2619,-1,0,0.003,0.000,0.003
2620,-1,0,0.001,0.000,0.001
2621,-1,0,0.009,0.000,0.009
2622,-1,0,0.172,0.000,0.172
2623,-1,0,0.012,0.000,0.012
2624,-1,0,0.001,0.000,0.001
2625,-1,0,0.003,0.000,0.003
2626,-1,0,0.011,0.000,0.011
2627,-1,0,0.005,0.000,0.005
2628,-1,0,0.001,0.000,0.001
2629,-1,0,0.003,0.000,0.003
2630,-1,0,0.004,0.000,0.004
2631,-1,0,0.001,0.000,0.001
2632,-1,0,0.012,0.000,0.013
2633,-1,0,0.001,0.000,0.001
2634,-1,0,0.012,0.000,0.012
2635,-1,0,0.001,0.000,0.001
2636,-1,0,0.079,0.000,0.079
2637,-1,0,0.009,0.000,0.009
2638,-1,0,0.003,0.000,0.003
2639,-1,0,0.005,0.000,0.006
2640,-1,0,0.003,0.000,0.003
2641,-1,0,0.003,0.000,0.003
2642,-1,0,0.001,0.000,0.001
2643,-1,0,0.011,0.000,0.011
2644,-1,0,0.003,0.000,0.003
2645,-1,0,0.188,0.000,0.188
2646,-1,0,0.004,0.000,0.004
2647,-1,0,0.001,0.000,0.001
2648,-1,2,0.001,0.000,0.002
2649,-1,1,0.044,0.000,0.044
2650,-1,0,0.002,0.000,0.002
2651,-1,0,0.001,0.000,0.001
2652,-1,5,0.003,0.000,0.003
2653,-1,0,0.002,0.000,0.002
2654,-1,0,0.001,0.000,0.001
2655,-1,0,0.004,0.000,0.004
2656,-1,0,0.001,0.000,0.001
2657,-1,0,0.002,0.000,0.002
2658,-1,0,0.007,0.000,0.007
2659,-1,0,0.005,0.000,0.005
2660,-1,0,0.009,0.000,0.009
2661,-1,0,0.008,0.000,0.008
2662,-1,0,0.003,0.000,0.003
2663,-1,2,0.204,0.000,0.205
2664,-1,0,0.104,0.000,0.105
2665,-1,0,0.001,0.000,0.001
2666,-1,1,0.011,0.000,0.011
2667,-1,1,0.001,0.000,0.001
2668,-1,0,0.003,0.000,0.003
2669,-1,0,0.003,0.000,0.003
2670,-1,0,0.001,0.000,0.001
2671,-1,0,0.009,0.000,0.009
2672,-1,0,0.003,0.000,0.003
2673,-1,0,0.001,0.000,0.001
2674,-1,0,0.005,0.000,0.005
2675,-1,0,0.004,0.000,0.004
2676,-1,0,0.010,0.000,0.010
2677,-1,0,0.001,0.000,0.001
2678,-1,0,0.001,0.000,0.001
2679,-1,0,0.003,0.000,0.003
2680,-1,0,0.005,0.000,0.005
2681,-1,0,0.001,0.000,0.001
2682,-1,0,0.001,0.000,0.001
2683,-1,0,0.033,0.000,0.033
2684,-1,0,0.010,0.000,0.010
2685,-1,0,0.009,0.000,0.009
2686,-1,0,0.001,0.000,0.001
2687,-1,0,0.005,0.000,0.005
2688,-1,0,0.003,0.000,0.003
2689,-1,0,0.001,0.000,0.001
2690,-1,0,0.001,0.000,0.001
2691,-1,0,0.000,0.000,0.001
2692,-1,0,0.004,0.000,0.004
2693,-1,0,0.001,0.000,0.001
2694,-1,0,0.004,0.000,0.005
2695,-1,0,0.001,0.000,0.002
2696,-1,3,0.001,0.000,0.001
2697,-1,0,0.003,0.000,0.003
2698,-1,0,0.050,0.000,0.050
2699,-1,0,0.003,0.000,0.004
2700,-1,0,0.003,0.000,0.003
2701,-1,2,0.001,0.000,0.001
2702,-1,0,0.006,0.000,0.006
2703,-1,0,0.003,0.000,0.003
2704,-1,0,0.003,0.000,0.003
2705,-1,0,0.003,0.000,0.003
2706,-1,0,0.000,0.000,0.000
2707,-1,0,0.028,0.000,0.029
2708,-1,0,0.001,0.000,0.001
2709,-1,0,0.003,0.000,0.003
2710,-1,2,0.001,0.000,0.001
2711,-1,0,0.009,0.000,0.009
2712,-1,67,0.015,0.000,0.015
2713,-1,0,0.001,0.000,0.001
2714,-1,0,0.001,0.000,0.001
2715,-1,0,0.002,0.000,0.002
2716,-1,0,0.001,0.000,0.001
2717,-1,0,0.017,0.000,0.017
2718,-1,0,0.008,0.000,0.008
2719,-1,0,0.012,0.000,0.012
2720,-1,0,0.001,0.000,0.001
2721,-1,0,0.002,0.000,0.002
2722,-1,0,0.000,0.000,0.000
2723,-1,0,0.001,0.000,0.001
2724,-1,0,0.022,0.000,0.022
2725,-1,0,0.001,0.000,0.001
2726,-1,1,0.094,0.000,0.094
2727,-1,0,0.004,0.000,0.004
2728,-1,0,0.003,0.000,0.004
2729,-1,0,0.004,0.000,0.004
2730,-1,0,0.001,0.000,0.001
2731,-1,0,0.007,0.000,0.007
2732,-1,0,0.002,0.000,0.002
2733,-1,0,0.003,0.000,0.003
2734,-1,0,0.001,0.000,0.001
2735,-1,0,0.003,0.000,0.003
2736,-1,0,0.001,0.000,0.001
2737,-1,0,0.001,0.000,0.001
2738,-1,2,0.001,0.000,0.001
2739,-1,0,0.009,0.000,0.009
2740,-1,0,0.084,0.000,0.084
2741,-1,0,0.040,0.000,0.040
2742,-1,0,0.103,0.000,0.104
2743,-1,0,0.012,0.000,0.013
2744,-1,1,0.086,0.000,0.086
2745,-1,1,0.094,0.000,0.094
2746,-1,0,0.023,0.000,0.023
2747,-1,0,0.004,0.000,0.004
2748,-1,0,0.010,0.000,0.010
2749,-1,0,0.004,0.000,0.004
2750,-1,0,0.002,0.000,0.002
2751,-1,1,0.001,0.000,0.001
2752,-1,0,0.003,0.000,0.003
2753,-1,0,0.195,0.000,0.195
2754,-1,0,0.001,0.000,0.001
2755,-1,0,0.001,0.000,0.001
2756,-1,0,0.001,0.000,0.001
2757,-1,0,0.000,0.000,0.001
2758,-1,0,0.003,0.000,0.003
2759,-1,0,0.001,0.000,0.001
2760,-1,0,0.002,0.000,0.002
2761,-1,0,0.007,0.000,0.008
2762,-1,10,1.613,0.000,1.613
2763,-1,0,0.019,0.000,0.019
2764,-1,0,0.005,0.000,0.005
2765,-1,2,0.001,0.000,0.001
2766,-1,0,0.004,0.000,0.004
2767,-1,0,0.004,0.000,0.004
2768,-1,0,0.009,0.000,0.009
2769,-1,1,0.220,0.000,0.220
2770,-1,0,0.055,0.000,0.055
2771,-1,0,0.004,0.000,0.004
2772,-1,5,1.004,0.000,1.005
2773,-1,0,0.011,0.000,0.011
2774,-1,3,0.002,0.000,0.002
2775,-1,0,0.001,0.000,0.001
2776,-1,0,0.001,0.000,0.001
2777,-1,0,0.044,0.000,0.044
2778,-1,0,0.008,0.000,0.008
2779,-1,0,0.004,0.000,0.004
2780,-1,0,0.003,0.000,0.004
2781,-1,0,0.019,0.000,0.019
2782,-1,0,0.001,0.000,0.001
2783,-1,2,0.048,0.000,0.048
2784,-1,0,0.001,0.000,0.001
2785,-1,0,0.012,0.000,0.012
2786,-1,0,0.003,0.000,0.003
2787,-1,0,0.000,0.000,0.000
2788,-1,0,0.001,0.000,0.001
2789,-1,0,0.008,0.000,0.009
2790,-1,3,0.001,0.000,0.002
2791,-1,3,0.002,0.000,0.002
2792,-1,0,0.001,0.000,0.001
2793,-1,0,0.005,0.000,0.005
2794,-1,0,0.009,0.000,0.009
2795,-1,0,0.004,0.000,0.004
2796,-1,0,0.004,0.000,0.004
2797,-1,0,0.001,0.000,0.001
2798,-1,0,0.001,0.000,0.001
2799,-1,0,0.001,0.000,0.001
2800,-1,1,0.209,0.000,0.209
2801,-1,0,0.001,0.000,0.001
2802,-1,0,0.011,0.000,0.011
2803,-1,0,0.004,0.000,0.004
2804,-1,46,0.013,0.000,0.014
2805,-1,0,0.013,0.000,0.013
2806,-1,0,0.150,0.000,0.151
2807,-1,0,0.003,0.000,0.004
2808,-1,20,0.007,0.000,0.007
2809,-1,10,1.615,0.000,1.616
2810,-1,0,0.001,0.000,0.001
2811,-1,0,0.001,0.000,0.001
2812,-1,0,0.002,0.000,0.002
2813,-1,0,0.001,0.000,0.001
2814,-1,0,0.001,0.000,0.001
2815,-1,5,0.002,0.000,0.002
2816,-1,0,0.001,0.000,0.001
2817,-1,3,0.002,0.000,0.002
2818,-1,0,0.004,0.000,0.004
2819,-1,0,0.001,0.000,0.001
2820,-1,0,0.005,0.000,0.005
2821,-1,26,0.006,0.000,0.006
2822,-1,0,0.001,0.000,0.001
2823,-1,0,0.001,0.000,0.001
2824,-1,0,0.002,0.000,0.002
2825,-1,0,0.001,0.000,0.001
2826,-1,0,0.018,0.000,0.018
2827,-1,0,0.005,0.000,0.005
2828,-1,4,0.002,0.000,0.002
2829,-1,0,0.000,0.000,0.001
2830,-1,0,0.003,0.000,0.003
2831,-1,0,0.001,0.000,0.001
2832,-1,0,0.000,0.000,0.001
2833,-1,5,1.035,0.000,1.035
2834,-1,0,0.019,0.000,0.020
2835,-1,1,0.490,0.000,0.490
2836,-1,0,0.001,0.000,0.001
2837,-1,0,0.014,0.000,0.014
2838,-1,0,0.160,0.000,0.160
2839,-1,0,0.003,0.000,0.003
2840,-1,0,0.003,0.000,0.003
2841,-1,0,0.003,0.000,0.003
2842,-1,0,0.001,0.000,0.001
2843,-1,0,0.042,0.000,0.042
2844,-1,0,0.001,0.000,0.001
2845,-1,0,0.001,0.000,0.001
2846,-1,0,0.001,0.000,0.001
2847,-1,0,0.000,0.000,0.000
2848,-1,0,0.001,0.000,0.001
2849,-1,0,0.010,0.000,0.010
2850,-1,0,0.001,0.000,0.001
2851,-1,0,0.002,0.000,0.002
2852,-1,0,0.001,0.000,0.001
2853,-1,0,0.009,0.000,0.009
2854,-1,0,0.008,0.000,0.008
2855,-1,0,0.005,0.000,0.005
2856,-1,10,1.654,0.000,1.655
2857,-1,0,0.012,0.000,0.012
2858,-1,0,0.004,0.000,0.004
2859,-1,0,0.030,0.000,0.030
2860,-1,0,0.004,0.000,0.004
2861,-1,1,0.015,0.000,0.015
2862,-1,0,0.007,0.000,0.007
2863,-1,0,0.001,0.000,0.001
2864,-1,0,0.001,0.000,0.001
2865,-1,0,0.003,0.000,0.003
2866,-1,1,0.127,0.000,0.127
2867,-1,0,0.001,0.000,0.001
2868,-1,0,0.001,0.000,0.001
2869,-1,0,0.166,0.000,0.167
2870,-1,1,0.004,0.000,0.004
2871,-1,0,0.001,0.000,0.001
2872,-1,0,0.001,0.000,0.001
2873,-1,0,0.003,0.000,0.003
2874,-1,0,0.001,0.000,0.001
2875,-1,0,0.001,0.000,0.001
2876,-1,0,0.006,0.000,0.006
2877,-1,0,0.070,0.000,0.070
2878,-1,0,0.001,0.000,0.001
2879,-1,0,0.015,0.000,0.015
2880,-1,2,0.001,0.000,0.001
2881,-1,1,0.103,0.000,0.103
2882,-1,0,0.011,0.004,0.016
2883,-1,0,0.004,0.000,0.004
2884,-1,1,0.220,0.000,0.220
2885,-1,0,0.001,0.000,0.001
2886,-1,0,0.002,0.000,0.002
2887,-1,2,0.036,0.000,0.036
2888,-1,0,0.001,0.000,0.001
2889,-1,0,0.014,0.000,0.014
2890,-1,0,0.010,0.000,0.010
2891,-1,0,0.003,0.000,0.003
2892,-1,0,0.002,0.000,0.002
2893,-1,0,0.001,0.000,0.001
2894,-1,0,0.007,0.000,0.007
2895,-1,0,0.192,0.000,0.193
2896,-1,0,0.120,0.000,0.120
2897,-1,0,0.019,0.000,0.019
2898,-1,7,0.002,0.000,0.002
2899,-1,1,0.001,0.000,0.001
2900,-1,6,0.003,0.000,0.003
2901,-1,0,0.005,0.000,0.005
2902,-1,0,0.005,0.000,0.005
2903,-1,0,0.003,0.000,0.003
2904,-1,0,0.099,0.000,0.099
2905,-1,0,0.013,0.000,0.013
2906,-1,0,0.001,0.000,0.001
2907,-1,0,0.001,0.000,0.001
2908,-1,0,0.007,0.000,0.007
2909,-1,0,0.001,0.000,0.001
2910,-1,0,0.001,0.000,0.001
2911,-1,0,0.010,0.000,0.010
2912,-1,0,0.001,0.000,0.001
2913,-1,0,0.014,0.000,0.014
2914,-1,0,0.005,0.000,0.005
2915,-1,0,0.005,0.000,0.005
2916,-1,0,0.006,0.000,0.006
2917,-1,2,0.001,0.000,0.001
2918,-1,0,0.001,0.000,0.001
2919,-1,0,0.013,0.000,0.014
2920,-1,0,0.001,0.000,0.001
2921,-1,1,0.013,0.000,0.014
2922,-1,0,0.002,0.000,0.002
2923,-1,0,0.001,0.000,0.001
2924,-1,0,0.001,0.000,0.001
2925,-1,0,0.001,0.000,0.001
2926,-1,0,0.019,0.000,0.020
2927,-1,0,0.006,0.000,0.006
2928,-1,0,0.010,0.000,0.010
2929,-1,0,0.001,0.000,0.001
2930,-1,0,0.005,0.000,0.005
2931,-1,0,0.017,0.000,0.018
2932,-1,5,1.149,0.000,1.150
2933,-1,0,0.018,0.000,0.018
2934,-1,0,0.001,0.000,0.001
2935,-1,0,0.001,0.000,0.001
2936,-1,0,0.001,0.000,0.001
2937,-1,0,0.016,0.000,0.016
2938,-1,0,0.001,0.000,0.001
2939,-1,0,0.013,0.000,0.014
2940,-1,6,0.003,0.000,0.004
2941,-1,0,0.001,0.000,0.001
2942,-1,0,0.011,0.000,0.011
2943,-1,0,0.001,0.000,0.001
2944,-1,0,0.019,0.000,0.019
2945,-1,1,0.001,0.000,0.001
2946,-1,0,0.005,0.000,0.005
2947,-1,0,0.017,0.000,0.017
2948,-1,0,0.001,0.000,0.001
2949,-1,0,0.001,0.000,0.001
2950,-1,2,1.026,0.000,1.026
2951,-1,0,0.010,0.000,0.010
2952,-1,0,0.001,0.000,0.001
2953,-1,0,0.176,0.000,0.177
2954,-1,0,0.005,0.000,0.006
2955,-1,0,0.002,0.000,0.002
2956,-1,0,0.015,0.000,0.015
2957,-1,0,0.010,0.000,0.010
2958,-1,0,0.013,0.000,0.013
2959,-1,0,0.010,0.000,0.010
2960,-1,2,0.001,0.000,0.001
2961,-1,0,0.001,0.000,0.001
2962,-1,0,0.004,0.000,0.004
2963,-1,0,0.004,0.000,0.004
2964,-1,0,0.010,0.000,0.010
2965,-1,0,0.006,0.000,0.006
2966,-1,0,0.001,0.000,0.001
2967,-1,0,0.002,0.000,0.002
2968,-1,0,0.008,0.000,0.008
2969,-1,0,0.001,0.000,0.001
2970,-1,10,0.005,0.000,0.005
2971,-1,2,0.253,0.000,0.254
2972,-1,0,0.003,0.000,0.003
2973,-1,0,0.454,0.000,0.454
2974,-1,0,0.002,0.000,0.002
2975,-1,0,0.005,0.000,0.005
2976,-1,0,0.001,0.000,0.001
2977,-1,4,0.002,0.000,0.002
2978,-1,0,0.005,0.000,0.005
2979,-1,0,0.003,0.000,0.004
2980,-1,0,0.001,0.000,0.001
2981,-1,0,0.009,0.000,0.009
2982,-1,2,0.001,0.000,0.001
2983,-1,0,0.001,0.000,0.001
2984,-1,0,0.013,0.000,0.013
2985,-1,0,0.001,0.000,0.001
2986,-1,0,0.005,0.000,0.005
2987,-1,0,0.009,0.000,0.010
2988,-1,0,0.003,0.000,0.003
2989,-1,0,0.001,0.000,0.001
2990,-1,0,0.001,0.000,0.001
2991,-1,5,0.003,0.000,0.003
2992,-1,1,0.129,0.000,0.129
2993,-1,0,0.001,0.000,0.001
2994,-1,0,0.002,0.000,0.002
2995,-1,0,0.001,0.000,0.001
2996,-1,0,0.001,0.000,0.001
2997,-1,0,0.001,0.000,0.001
2998,-1,0,0.001,0.000,0.001
2999,-1,0,0.010,0.000,0.010
3000,-1,0,0.007,0.000,0.007
3001,-1,0,0.007,0.000,0.007
3002,-1,0,0.002,0.000,0.002
3003,-1,0,0.025,0.000,0.025
3004,-1,0,0.019,0.000,0.019
3005,-1,2,0.002,0.000,0.002
3006,-1,0,0.071,0.000,0.071
3007,-1,1,0.021,0.000,0.021
3008,-1,2,0.001,0.000,0.001
3009,-1,0,0.002,0.000,0.002
3010,-1,0,0.001,0.000,0.001
3011,-1,0,0.038,0.000,0.039
3012,-1,0,0.004,0.000,0.004
3013,-1,1,0.130,0.000,0.130
3014,-1,0,0.005,0.000,0.005
3015,-1,0,0.014,0.000,0.015
3016,-1,0,0.004,0.000,0.004
3017,-1,0,0.015,0.000,0.015
3018,-1,0,0.092,0.000,0.092
3019,-1,0,0.001,0.000,0.001
3020,-1,0,0.001,0.000,0.001
3021,-1,5,0.003,0.010,0.013
3022,-1,0,0.001,0.000,0.001
3023,-1,0,0.079,0.000,0.079
3024,-1,0,0.001,0.000,0.001
3025,-1,0,0.003,0.000,0.003
3026,-1,0,0.000,0.000,0.001
3027,-1,0,0.015,0.000,0.015
3028,-1,0,0.006,0.000,0.006
3029,-1,0,0.006,0.000,0.006
3030,-1,0,0.003,0.000,0.003
3031,-1,0,0.001,0.000,0.001
3032,-1,0,0.004,0.000,0.004
3033,-1,0,0.003,0.000,0.004
3034,-1,0,0.001,0.000,0.001
3035,-1,0,0.001,0.000,0.001
3036,-1,0,0.001,0.000,0.001
3037,-1,0,0.009,0.000,0.009
3038,-1,0,0.068,0.000,0.068
3039,-1,0,0.007,0.000,0.007
3040,-1,0,0.084,0.000,0.084
3041,-1,0,0.004,0.000,0.004
3042,-1,1,0.500,0.000,0.500
3043,-1,0,0.010,0.000,0.010
3044,-1,0,0.005,0.000,0.005
3045,-1,0,0.001,0.000,0.001
3046,-1,0,0.009,0.000,0.009
3047,-1,0,0.010,0.000,0.010
3048,-1,0,0.001,0.000,0.001
3049,-1,0,0.009,0.000,0.009
3050,-1,0,0.068,0.000,0.068
3051,-1,0,0.003,0.000,0.003
3052,-1,5,1.017,0.000,1.017
3053,-1,0,0.001,0.000,0.001
3054,-1,5,1.054,0.000,1.054
3055,-1,1,0.001,0.000,0.001
3056,-1,0,0.011,0.000,0.011
3057,-1,0,0.004,0.000,0.004
3058,-1,0,0.001,0.000,0.001
3059,-1,2,0.002,0.000,0.002
3060,-1,0,0.005,0.000,0.005
3061,-1,0,0.001,0.000,0.001
3062,-1,0,0.003,0.000,0.003
3063,-1,0,0.010,0.000,0.010
3064,-1,2,0.921,0.000,0.921
3065,-1,0,0.001,0.000,0.001
3066,-1,0,0.010,0.000,0.010
3067,-1,0,0.003,0.000,0.003
3068,-1,0,0.103,0.000,0.103
3069,-1,0,0.001,0.000,0.001
3070,-1,0,0.001,0.000,0.001
3071,-1,13,0.006,0.000,0.006
3072,-1,0,0.001,0.000,0.001
3073,-1,0,0.001,0.000,0.002
3074,-1,0,0.020,0.000,0.020
3075,-1,0,0.001,0.000,0.001
3076,-1,0,0.001,0.000,0.001
3077,-1,17,0.006,0.000,0.006
3078,-1,0,0.004,0.000,0.004
3079,-1,0,0.003,0.000,0.003
3080,-1,0,0.001,0.000,0.001
3081,-1,0,0.001,0.000,0.001
3082,-1,1,0.001,0.000,0.001
3083,-1,0,0.037,0.000,0.037
3084,-1,0,0.001,0.000,0.001
3085,-1,10,1.535,0.000,1.535
3086,-1,0,0.014,0.000,0.014
3087,-1,0,0.009,0.000,0.009
3088,-1,0,0.001,0.000,0.001
3089,-1,0,0.001,0.000,0.001
3090,-1,0,0.005,0.000,0.005
3091,-1,1,0.001,0.000,0.001
3092,-1,0,0.001,0.000,0.001
3093,-1,0,0.001,0.000,0.001
3094,-1,0,0.012,0.000,0.012
3095,-1,0,0.001,0.000,0.001
3096,-1,0,0.001,0.000,0.001
3097,-1,0,0.001,0.000,0.001
3098,-1,0,0.002,0.000,0.002
3099,-1,0,0.003,0.000,0.003
3100,-1,0,0.009,0.000,0.009
3101,-1,0,0.001,0.000,0.001
3102,-1,0,0.001,0.000,0.001
3103,-1,1,0.010,0.000,0.011
3104,-1,0,0.001,0.000,0.001
3105,-1,2,0.333,0.000,0.333
3106,-1,0,0.005,0.000,0.005
3107,-1,0,0.004,0.000,0.004
3108,-1,0,0.000,0.000,0.000
3109,-1,0,0.010,0.000,0.010
3110,-1,0,0.001,0.000,0.001
3111,-1,0,0.009,0.000,0.009
3112,-1,1,0.010,0.000,0.010
3113,-1,0,0.004,0.000,0.004
3114,-1,1,0.001,0.000,0.001
3115,-1,0,0.001,0.000,0.001
3116,-1,1,0.002,0.000,0.002
3117,-1,0,0.014,0.000,0.014
3118,-1,0,0.007,0.000,0.007
3119,-1,0,0.009,0.000,0.009
3120,-1,0,0.005,0.000,0.005
3121,-1,0,0.001,0.000,0.001
3122,-1,2,0.001,0.000,0.001
3123,-1,0,0.001,0.000,0.001
3124,-1,0,0.001,0.000,0.001
3125,-1,0,0.019,0.000,0.019
3126,-1,0,0.006,0.000,0.006
3127,-1,0,0.002,0.000,0.002
3128,-1,0,0.004,0.000,0.004
3129,-1,0,0.000,0.000,0.001
3130,-1,0,0.012,0.000,0.012
3131,-1,0,0.010,0.000,0.010
3132,-1,0,0.001,0.000,0.001
3133,-1,0,0.001,0.000,0.001
3134,-1,11,0.004,0.000,0.004
3135,-1,0,0.001,0.000,0.001
3136,-1,0,0.001,0.000,0.001
3137,-1,0,0.086,0.000,0.086
3138,-1,0,0.193,0.000,0.193
3139,-1,0,0.030,0.000,0.030
3140,-1,0,0.001,0.000,0.001
3141,-1,0,0.018,0.000,0.018
3142,-1,0,0.003,0.000,0.003
3143,-1,0,0.003,0.000,0.003
3144,-1,10,1.777,0.000,1.778
3145,-1,0,0.003,0.000,0.003
3146,-1,0,0.001,0.000,0.001
3147,-1,0,0.001,0.000,0.001
3148,-1,0,0.004,0.000,0.004
3149,-1,0,0.001,0.000,0.001
3150,-1,0,0.010,0.000,0.010
3151,-1,0,0.006,0.000,0.006
3152,-1,0,0.001,0.000,0.001
3153,-1,0,0.018,0.000,0.018
3154,-1,1,0.272,0.000,0.272
3155,-1,0,0.001,0.000,0.001
3156,-1,0,0.017,0.000,0.017
3157,-1,0,0.001,0.000,0.001
3158,-1,0,0.006,0.000,0.006
3159,-1,32,0.010,0.000,0.010
3160,-1,0,0.001,0.000,0.001
3161,-1,5,0.994,0.000,0.994
3162,-1,0,0.003,0.000,0.003
3163,-1,0,0.010,0.000,0.010
3164,-1,0,0.148,0.000,0.148
3165,-1,0,0.067,0.000,0.067
3166,-1,0,0.003,0.000,0.003
3167,-1,0,0.004,0.000,0.004
3168,-1,2,0.332,0.000,0.333
3169,-1,0,0.001,0.000,0.001
3170,-1,2,0.001,0.000,0.001
3171,-1,0,0.385,0.000,0.385
3172,-1,0,0.001,0.000,0.001
3173,-1,0,0.001,0.000,0.001
3174,-1,0,0.004,0.000,0.004
3175,-1,0,0.018,0.000,0.018
3176,-1,0,0.044,0.000,0.044
3177,-1,0,0.001,0.000,0.001
3178,-1,0,0.001,0.000,0.001
3179,-1,0,0.001,0.000,0.001
3180,-1,0,0.001,0.000,0.001
3181,-1,1,0.097,0.000,0.097
3182,-1,0,0.001,0.000,0.001
3183,-1,0,0.003,0.000,0.003
3184,-1,0,0.005,0.000,0.006
3185,-1,0,0.003,0.000,0.004
3186,-1,0,0.001,0.000,0.001
3187,-1,0,0.001,0.000,0.001
3188,-1,0,0.010,0.000,0.010
3189,-1,0,0.004,0.000,0.004
3190,-1,0,0.001,0.000,0.001
3191,-1,1,0.001,0.000,0.001
3192,-1,2,0.228,0.000,0.229
3193,-1,0,0.001,0.000,0.001
3194,-1,0,0.004,0.000,0.004
3195,-1,0,0.000,0.000,0.001
3196,-1,0,0.001,0.000,0.001
3197,-1,1,0.556,0.000,0.556
3198,-1,0,0.001,0.000,0.001
3199,-1,0,0.001,0.000,0.001
3200,-1,0,0.005,0.000,0.005
3201,-1,0,0.001,0.000,0.001
3202,-1,0,0.011,0.000,0.011
3203,-1,0,0.005,0.000,0.005
3204,-1,0,0.003,0.000,0.004
3205,-1,0,0.001,0.000,0.001
3206,-1,0,0.003,0.000,0.003
3207,-1,0,0.012,0.000,0.012
3208,-1,0,0.024,0.000,0.024
3209,-1,32,0.012,0.000,0.013
3210,-1,0,0.002,0.000,0.002
3211,-1,0,0.016,0.000,0.016
3212,-1,0,0.001,0.000,0.001
3213,-1,0,0.001,0.000,0.001
3214,-1,1,0.008,0.000,0.008
3215,-1,5,1.105,0.000,1.105
3216,-1,0,0.027,0.000,0.027
3217,-1,0,0.007,0.000,0.007
3218,-1,3,0.002,0.000,0.002
3219,-1,0,0.000,0.000,0.001
3220,-1,1,0.012,0.000,0.012
3221,-1,0,0.001,0.000,0.001
3222,-1,0,0.001,0.000,0.001
3223,-1,0,0.001,0.000,0.001
3224,-1,0,0.003,0.000,0.003
3225,-1,0,0.001,0.000,0.001
3226,-1,0,0.001,0.000,0.001
3227,-1,0,0.039,0.000,0.039
3228,-1,7,0.004,0.000,0.004
3229,-1,0,0.004,0.000,0.004
3230,-1,0,0.004,0.000,0.005
3231,-1,0,0.001,0.000,0.001
3232,-1,0,0.010,0.000,0.011
3233,-1,0,0.001,0.000,0.001
3234,-1,0,0.001,0.000,0.001
3235,-1,0,0.003,0.000,0.003
3236,-1,0,0.001,0.000,0.001
3237,-1,0,0.001,0.000,0.001
3238,-1,0,0.002,0.000,0.003
3239,-1,0,0.003,0.000,0.003
3240,-1,5,0.002,0.000,0.002
3241,-1,0,0.001,0.000,0.001
3242,-1,0,0.001,0.000,0.001
3243,-1,0,0.000,0.000,0.001
3244,-1,0,0.003,0.000,0.003
3245,-1,0,0.001,0.000,0.001
3246,-1,0,0.001,0.000,0.001
3247,-1,0,0.001,0.000,0.001
3248,-1,0,0.003,0.000,0.003
3249,-1,0,0.003,0.000,0.003
3250,-1,0,0.001,0.000,0.001
3251,-1,0,0.001,0.000,0.001
3252,-1,0,0.003,0.000,0.003
3253,-1,0,0.009,0.000,0.010
3254,-1,0,0.001,0.000,0.001
3255,-1,2,0.001,0.000,0.001
3256,-1,1,0.456,0.000,0.457
3257,-1,0,0.002,0.000,0.002
3258,-1,0,0.004,0.000,0.004
3259,-1,0,0.011,0.000,0.012
3260,-1,0,0.000,0.000,0.001
3261,-1,0,0.001,0.000,0.001
3262,-1,0,0.048,0.000,0.048
3263,-1,0,0.003,0.000,0.003
3264,-1,0,0.001,0.000,0.001
3265,-1,0,0.004,0.000,0.004
3266,-1,0,0.007,0.000,0.007
3267,-1,0,0.002,0.000,0.002
3268,-1,0,0.001,0.000,0.001
3269,-1,0,0.001,0.000,0.001
3270,-1,0,0.001,0.000,0.001
3271,-1,0,0.003,0.000,0.003
3272,-1,0,0.018,0.000,0.018
3273,-1,0,0.015,0.000,0.015
3274,-1,0,0.013,0.000,0.013
3275,-1,0,0.002,0.000,0.002
3276,-1,0,0.014,0.000,0.014
3277,-1,0,0.009,0.000,0.009
3278,-1,0,0.012,0.000,0.012
3279,-1,0,0.001,0.000,0.001
3280,-1,0,0.001,0.000,0.001
3281,-1,0,0.001,0.000,0.001
3282,-1,0,0.002,0.000,0.002
3283,-1,0,0.002,0.000,0.002
3284,-1,0,0.003,0.000,0.003
3285,-1,17,0.006,0.000,0.007
3286,-1,0,0.000,0.000,0.001
3287,-1,0,0.002,0.000,0.002
3288,-1,0,0.004,0.000,0.004
3289,-1,0,0.003,0.000,0.003
3290,-1,1,0.002,0.000,0.002
3291,-1,21,0.007,0.000,0.008
3292,-1,0,0.000,0.000,0.001
3293,-1,0,0.004,0.000,0.004
3294,-1,0,0.002,0.000,0.002
3295,-1,0,0.010,0.000,0.010
3296,-1,0,0.009,0.000,0.009
3297,-1,0,0.003,0.000,0.003
3298,-1,0,0.004,0.000,0.004
3299,-1,0,0.001,0.000,0.001
3300,-1,0,0.001,0.000,0.001
3301,-1,0,0.000,0.000,0.001
3302,-1,0,0.001,0.000,0.001
3303,-1,0,0.001,0.000,0.001
3304,-1,0,0.046,0.000,0.046
3305,-1,0,0.003,0.000,0.003
3306,-1,0,0.002,0.000,0.002
3307,-1,0,0.009,0.000,0.009
3308,-1,0,0.002,0.000,0.002
3309,-1,0,0.004,0.000,0.004
3310,-1,1,0.288,0.000,0.288
3311,-1,0,0.001,0.000,0.001
3312,-1,46,0.015,0.000,0.015
3313,-1,0,0.001,0.000,0.001
3314,-1,0,0.004,0.000,0.004
3315,-1,10,1.726,0.000,1.726
3316,-1,0,0.001,0.000,0.001
3317,-1,0,0.005,0.000,0.005
3318,-1,0,0.013,0.000,0.013
3319,-1,1,0.608,0.000,0.608
3320,-1,0,0.001,0.000,0.001
3321,-1,0,0.006,0.000,0.006
3322,-1,0,0.001,0.000,0.001
3323,-1,0,0.408,0.000,0.409
3324,-1,0,0.002,0.000,0.002
3325,-1,0,0.001,0.000,0.001
3326,-1,0,0.011,0.000,0.011
3327,-1,0,0.006,0.000,0.006
3328,-1,0,0.007,0.000,0.007
3329,-1,0,0.011,0.000,0.011
3330,-1,1,0.311,0.000,0.311
3331,-1,0,0.004,0.000,0.004
3332,-1,0,0.016,0.000,0.016
3333,-1,0,0.001,0.000,0.001
3334,-1,0,0.001,0.000,0.001
3335,-1,0,0.155,0.000,0.155
3336,-1,0,0.001,0.000,0.001
3337,-1,0,0.004,0.000,0.004
3338,-1,0,0.001,0.000,0.001
3339,-1,0,0.008,0.000,0.009
3340,-1,1,0.001,0.000,0.001
3341,-1,0,0.001,0.000,0.001
3342,-1,0,0.003,0.000,0.004
3343,-1,0,0.004,0.000,0.005
3344,-1,0,0.050,0.000,0.050
3345,-1,0,0.001,0.000,0.001
3346,-1,1,0.043,0.000,0.043
3347,-1,0,0.005,0.000,0.006
3348,-1,0,0.080,0.000,0.080
3349,-1,0,0.003,0.000,0.003
3350,-1,0,0.003,0.000,0.003
3351,-1,0,0.001,0.000,0.001
3352,-1,3,0.002,0.000,0.002
3353,-1,0,0.001,0.000,0.001
3354,-1,1,0.016,0.000,0.016
3355,-1,0,0.002,0.000,0.002
3356,-1,0,0.001,0.000,0.001
3357,-1,0,0.003,0.000,0.003
3358,-1,0,0.004,0.000,0.004
3359,-1,0,0.009,0.000,0.009
3360,-1,0,0.012,0.000,0.012
3361,-1,0,0.001,0.000,0.001
3362,-1,0,0.004,0.000,0.004
3363,-1,0,0.020,0.000,0.021
3364,-1,0,0.001,0.000,0.001
3365,-1,0,0.009,0.000,0.009
3366,-1,0,0.007,0.000,0.007
3367,-1,0,0.134,0.000,0.135
3368,-1,0,0.006,0.000,0.006
3369,-1,2,0.005,0.000,0.005
3370,-1,0,0.001,0.000,0.001
3371,-1,1,0.358,0.000,0.358
3372,-1,0,0.004,0.000,0.004
3373,-1,0,0.033,0.000,0.033
3374,-1,0,0.007,0.000,0.007
3375,-1,0,0.015,0.000,0.015
3376,-1,0,0.001,0.000,0.001
3377,-1,5,0.003,0.000,0.003
3378,-1,0,0.001,0.000,0.001
3379,-1,0,0.003,0.000,0.003
3380,-1,0,0.003,0.000,0.003
3381,-1,0,0.001,0.000,0.001
3382,-1,0,0.001,0.000,0.001
3383,-1,0,0.003,0.000,0.003
3384,-1,0,0.001,0.000,0.001
3385,-1,0,0.003,0.000,0.003
3386,-1,0,0.001,0.000,0.001
3387,-1,0,0.018,0.000,0.018
3388,-1,0,0.011,0.000,0.011
3389,-1,0,0.001,0.000,0.001
3390,-1,0,0.038,0.000,0.038
3391,-1,2,0.002,0.000,0.002
3392,-1,0,0.013,0.000,0.013
3393,-1,0,0.001,0.000,0.001
3394,-1,0,0.001,0.000,0.001
3395,-1,0,0.005,0.000,0.005
3396,-1,3,0.001,0.000,0.002
3397,-1,0,0.014,0.000,0.014
3398,-1,0,0.001,0.000,0.001
3399,-1,0,0.218,0.000,0.219
3400,-1,0,0.001,0.000,0.001
3401,-1,0,0.034,0.000,0.034
3402,-1,0,0.003,0.000,0.003
3403,-1,0,0.001,0.000,0.001
3404,-1,0,0.027,0.000,0.027
3405,-1,0,0.001,0.000,0.001
3406,-1,0,0.001,0.000,0.001
3407,-1,0,0.006,0.000,0.006
3408,-1,1,0.001,0.000,0.001
3409,-1,0,0.004,0.000,0.004
3410,-1,0,0.001,0.000,0.001
3411,-1,0,0.004,0.000,0.004
3412,-1,1,0.001,0.000,0.001
3413,-1,0,0.003,0.000,0.003
3414,-1,0,0.002,0.000,0.002
3415,-1,0,0.000,0.000,0.001
3416,-1,0,0.005,0.000,0.005
3417,-1,0,0.001,0.000,0.001
3418,-1,0,0.001,0.000,0.001
3419,-1,0,0.003,0.000,0.004
3420,-1,0,0.005,0.000,0.005
3421,-1,0,0.006,0.000,0.006
3422,-1,34,0.006,0.000,0.007
3423,-1,5,0.002,0.000,0.003
3424,-1,2,0.002,0.000,0.002
3425,-1,0,0.002,0.000,0.002
3426,-1,0,0.004,0.000,0.004
3427,-1,0,0.001,0.000,0.001
3428,-1,0,0.001,0.000,0.001
3429,-1,0,0.002,0.000,0.002
3430,-1,0,0.001,0.000,0.001
3431,-1,0,0.017,0.000,0.018
3432,-1,1,0.113,0.000,0.113
3433,-1,0,0.004,0.000,0.004
3434,-1,0,0.001,0.000,0.001
3435,-1,0,0.001,0.000,0.001
3436,-1,0,0.001,0.000,0.001
3437,-1,0,0.001,0.000,0.001
3438,-1,0,0.001,0.000,0.001
3439,-1,0,0.001,0.000,0.001
3440,-1,5,1.086,0.000,1.086
3441,-1,1,0.002,0.000,0.002
3442,-1,0,0.001,0.000,0.001
3443,-1,1,0.001,0.000,0.001
3444,-1,0,0.003,0.000,0.003
3445,-1,0,0.003,0.000,0.003
3446,-1,0,0.021,0.000,0.021
3447,-1,0,0.022,0.000,0.022
3448,-1,0,0.011,0.000,0.011
3449,-1,0,0.003,0.000,0.003
3450,-1,0,0.014,0.000,0.014
3451,-1,0,0.000,0.000,0.000
3452,-1,3,0.001,0.000,0.001
3453,-1,3,0.002,0.000,0.002
3454,-1,0,0.001,0.000,0.001
3455,-1,10,1.888,0.000,1.888
3456,-1,0,0.007,0.000,0.008
3457,-1,0,0.004,0.000,0.004
3458,-1,0,0.001,0.000,0.001
3459,-1,0,0.001,0.000,0.001
3460,-1,0,0.010,0.000,0.010
3461,-1,0,0.001,0.000,0.001
3462,-1,1,0.231,0.000,0.231
3463,-1,1,0.001,0.000,0.001
3464,-1,0,0.004,0.000,0.004
3465,-1,0,0.002,0.000,0.002
3466,-1,0,0.001,0.000,0.001
3467,-1,0,0.066,0.000,0.066
3468,-1,0,0.000,0.000,0.001
3469,-1,0,0.003,0.000,0.003
3470,-1,0,0.007,0.000,0.007
3471,-1,2,0.001,0.000,0.002
3472,-1,0,0.001,0.000,0.001
3473,-1,0,0.004,0.000,0.004
3474,-1,0,0.004,0.000,0.004
3475,-1,0,0.003,0.000,0.003
3476,-1,1,0.233,0.000,0.233
3477,-1,0,0.001,0.000,0.001
3478,-1,5,0.003,0.000,0.003
3479,-1,0,0.007,0.000,0.007
3480,-1,0,0.001,0.000,0.001
3481,-1,2,0.002,0.000,0.002
3482,-1,0,0.001,0.000,0.001
3483,-1,0,0.001,0.000,0.001
3484,-1,0,0.004,0.000,0.004
3485,-1,0,0.001,0.000,0.001
3486,-1,0,0.001,0.000,0.001
3487,-1,0,0.093,0.000,0.093
3488,-1,0,0.036,0.000,0.036
3489,-1,0,0.076,0.000,0.076
3490,-1,1,0.009,0.000,0.009
3491,-1,3,0.002,0.000,0.002
3492,-1,0,0.001,0.000,0.001
3493,-1,0,0.001,0.000,0.001
3494,-1,0,0.020,0.000,0.020
3495,-1,0,0.001,0.000,0.001
3496,-1,1,0.001,0.000,0.001
3497,-1,0,0.001,0.000,0.001
3498,-1,0,0.001,0.000,0.001
3499,-1,0,0.015,0.000,0.015
3500,-1,31,0.007,0.000,0.007
3501,-1,0,0.018,0.000,0.018
3502,-1,0,0.001,0.000,0.001
3503,-1,0,0.001,0.000,0.001
3504,-1,2,0.002,0.000,0.002
3505,-1,0,0.001,0.000,0.001
3506,-1,0,0.013,0.000,0.013
3507,-1,0,0.003,0.000,0.004
3508,-1,0,0.117,0.000,0.117
3509,-1,0,0.013,0.000,0.013
3510,-1,0,0.004,0.000,0.004
3511,-1,4,0.723,0.000,0.724
3512,-1,1,0.001,0.000,0.001
3513,-1,0,0.011,0.000,0.011
3514,-1,0,0.012,0.000,0.012
3515,-1,1,0.231,0.000,0.231
3516,-1,0,0.014,0.000,0.014
3517,-1,0,0.001,0.000,0.001
3518,-1,0,0.001,0.000,0.001
3519,-1,0,0.013,0.000,0.013
3520,-1,0,0.003,0.000,0.003
3521,-1,0,0.090,0.000,0.090
3522,-1,0,0.026,0.000,0.026
3523,-1,0,0.001,0.000,0.001
3524,-1,0,0.001,0.000,0.001
3525,-1,0,0.001,0.000,0.001
3526,-1,0,0.005,0.000,0.005
3527,-1,0,0.002,0.000,0.002
3528,-1,0,0.001,0.000,0.001
3529,-1,0,0.014,0.000,0.014
3530,-1,0,0.024,0.000,0.024
3531,-1,0,0.003,0.000,0.003
3532,-1,0,0.014,0.000,0.014
3533,-1,0,0.001,0.000,0.001
3534,-1,0,0.001,0.000,0.001
3535,-1,0,0.027,0.000,0.027
3536,-1,0,0.010,0.000,0.010
3537,-1,0,0.006,0.000,0.006
3538,-1,0,0.001,0.000,0.001
3539,-1,0,0.001,0.000,0.001
3540,-1,0,0.001,0.000,0.001
3541,-1,0,0.006,0.000,0.006
3542,-1,0,0.001,0.000,0.001
3543,-1,0,0.026,0.000,0.026
3544,-1,0,0.001,0.000,0.001
3545,-1,0,0.001,0.000,0.001
3546,-1,0,0.008,0.000,0.009
3547,-1,0,0.001,0.000,0.001
3548,-1,0,0.003,0.000,0.003
3549,-1,1,0.184,0.000,0.184
3550,-1,0,0.004,0.000,0.004
3551,-1,0,0.001,0.000,0.001
3552,-1,5,1.193,0.000,1.193
3553,-1,0,0.001,0.000,0.001
3554,-1,0,0.001,0.000,0.001
3555,-1,0,0.007,0.000,0.007
3556,-1,0,0.001,0.000,0.001
3557,-1,0,0.006,0.000,0.006
3558,-1,1,0.001,0.000,0.001
3559,-1,0,0.086,0.000,0.086
3560,-1,0,0.001,0.000,0.001
3561,-1,0,0.003,0.000,0.003
3562,-1,1,0.016,0.000,0.016
3563,-1,0,0.001,0.000,0.001
3564,-1,0,0.004,0.000,0.004
3565,-1,0,0.013,0.000,0.013
3566,-1,0,0.000,0.000,0.001
3567,-1,0,0.008,0.000,0.008
3568,-1,2,0.101,0.000,0.101
3569,-1,0,0.002,0.000,0.002
3570,-1,1,0.018,0.000,0.018
3571,-1,5,0.002,0.000,0.002
3572,-1,0,0.001,0.000,0.001
3573,-1,0,0.003,0.000,0.003
3574,-1,0,0.001,0.000,0.001
3575,-1,0,0.008,0.000,0.008
3576,-1,0,0.013,0.000,0.013
3577,-1,0,0.011,0.000,0.011
3578,-1,0,0.001,0.000,0.001
3579,-1,0,0.001,0.000,0.001
3580,-1,0,0.180,0.000,0.180
3581,-1,0,0.007,0.000,0.007
3582,-1,0,0.005,0.000,0.005
3583,-1,0,0.031,0.000,0.031
3584,-1,0,0.003,0.000,0.003
3585,-1,0,0.005,0.000,0.005
3586,-1,0,0.001,0.000,0.001
3587,-1,0,0.001,0.000,0.001
3588,-1,0,0.003,0.000,0.003
3589,-1,0,0.003,0.000,0.003
3590,-1,0,0.001,0.000,0.001
3591,-1,0,0.003,0.000,0.003
3592,-1,0,0.011,0.000,0.011
3593,-1,4,0.601,0.000,0.601
3594,-1,0,0.001,0.000,0.001
3595,-1,0,0.004,0.000,0.004
3596,-1,0,0.009,0.000,0.009
3597,-1,0,0.016,0.000,0.016
3598,-1,0,0.001,0.000,0.001
3599,-1,0,0.001,0.000,0.001
3600,-1,0,0.001,0.000,0.001
3601,-1,0,0.001,0.000,0.001
3602,-1,1,0.072,0.000,0.072
3603,-1,0,0.001,0.000,0.001
3604,-1,0,0.006,0.000,0.006
3605,-1,0,0.001,0.000,0.001
3606,-1,0,0.011,0.000,0.011
3607,-1,0,0.005,0.000,0.005
3608,-1,5,1.074,0.000,1.074
3609,-1,0,0.011,0.000,0.011
3610,-1,2,0.001,0.000,0.001
3611,-1,0,0.011,0.000,0.011
3612,-1,0,0.001,0.000,0.001
3613,-1,0,0.001,0.000,0.001
3614,-1,0,0.001,0.000,0.001
3615,-1,0,0.005,0.000,0.005
3616,-1,2,0.343,0.000,0.343
3617,-1,0,0.001,0.000,0.001
3618,-1,0,0.001,0.000,0.001
3619,-1,0,0.005,0.000,0.005
3620,-1,0,0.001,0.000,0.001
3621,-1,2,0.002,0.000,0.002
3622,-1,0,0.004,0.000,0.004
3623,-1,0,0.001,0.000,0.001
3624,-1,0,0.001,0.000,0.001
3625,-1,0,0.001,0.000,0.001
3626,-1,0,0.000,0.000,0.000
3627,-1,0,0.005,0.000,0.005
3628,-1,4,0.002,0.000,0.002
3629,-1,0,0.004,0.000,0.004
3630,-1,0,0.001,0.000,0.001
3631,-1,1,0.440,0.000,0.440
3632,-1,0,0.001,0.000,0.001
3633,-1,0,0.004,0.000,0.004
3634,-1,0,0.003,0.000,0.003
3635,-1,0,0.005,0.000,0.006
3636,-1,25,0.009,0.000,0.010
3637,-1,0,0.001,0.000,0.001
3638,-1,0,0.001,0.000,0.001
3639,-1,0,0.003,0.000,0.003
3640,-1,0,0.010,0.000,0.010
3641,-1,0,0.009,0.000,0.009
3642,-1,0,0.010,0.000,0.011
3643,-1,0,0.001,0.000,0.001
3644,-1,0,0.005,0.000,0.005
3645,-1,0,0.008,0.000,0.008
3646,-1,0,0.001,0.000,0.001
3647,-1,0,0.001,0.000,0.001
3648,-1,0,0.054,0.000,0.054
3649,-1,0,0.001,0.000,0.001
3650,-1,0,0.010,0.000,0.010
3651,-1,0,0.004,0.000,0.004
3652,-1,0,0.001,0.000,0.001
3653,-1,0,0.001,0.000,0.001
3654,-1,5,1.069,0.000,1.069
3655,-1,0,0.017,0.000,0.018
3656,-1,0,0.001,0.000,0.001
3657,-1,5,1.106,0.000,1.106
3658,-1,0,0.004,0.000,0.005
3659,-1,0,0.001,0.000,0.001
3660,-1,0,0.001,0.000,0.001
3661,-1,0,0.019,0.000,0.020
3662,-1,0,0.001,0.000,0.001
3663,-1,0,0.009,0.000,0.010
3664,-1,0,0.003,0.000,0.003
3665,-1,0,0.004,0.000,0.004
3666,-1,0,0.004,0.000,0.004
3667,-1,0,0.009,0.000,0.010
3668,-1,4,0.002,0.000,0.002
3669,-1,0,0.005,0.000,0.005
3670,-1,0,0.005,0.000,0.005
3671,-1,0,0.001,0.000,0.001
3672,-1,20,0.008,0.000,0.008
3673,-1,0,0.004,0.000,0.004
3674,-1,0,0.001,0.000,0.001
3675,-1,3,0.002,0.000,0.002
3676,-1,0,0.010,0.000,0.010
3677,-1,0,0.004,0.000,0.004
3678,-1,5,1.073,0.000,1.073
3679,-1,0,0.010,0.000,0.010
3680,-1,0,0.014,0.000,0.014
3681,-1,0,0.002,0.000,0.002
3682,-1,1,0.084,0.000,0.084
3683,-1,0,0.009,0.000,0.009
3684,-1,0,0.001,0.000,0.001
3685,-1,0,0.088,0.000,0.088
3686,-1,0,0.004,0.000,0.004
3687,-1,0,0.001,0.000,0.001
3688,-1,0,0.006,0.000,0.006
3689,-1,0,0.009,0.000,0.009
3690,-1,0,0.093,0.000,0.093
3691,-1,0,0.016,0.000,0.016
3692,-1,0,0.001,0.000,0.001
3693,-1,0,0.001,0.000,0.001
3694,-1,0,0.001,0.000,0.001
3695,-1,0,0.004,0.000,0.004
3696,-1,0,0.385,0.000,0.385
3697,-1,0,0.001,0.000,0.001
3698,-1,0,0.001,0.000,0.001
3699,-1,0,0.010,0.000,0.010
3700,-1,1,0.449,0.000,0.449
3701,-1,0,0.001,0.000,0.002
3702,-1,0,0.011,0.000,0.011
3703,-1,0,0.001,0.000,0.001
3704,-1,0,0.015,0.000,0.015
3705,-1,0,0.015,0.000,0.015
3706,-1,0,0.005,0.000,0.005
3707,-1,2,1.150,0.000,1.150
3708,-1,0,0.001,0.000,0.001
3709,-1,0,0.011,0.000,0.011
3710,-1,0,0.003,0.000,0.003
3711,-1,0,0.001,0.000,0.001
3712,-1,0,0.009,0.000,0.009
3713,-1,3,0.003,0.000,0.003
3714,-1,0,0.001,0.000,0.001
3715,-1,0,0.001,0.000,0.001
3716,-1,0,0.001,0.000,0.001
3717,-1,0,0.006,0.000,0.007
3718,-1,2,0.001,0.000,0.001
3719,-1,0,0.001,0.000,0.001
3720,-1,0,0.064,0.000,0.064
3721,-1,0,0.012,0.000,0.012
3722,-1,0,0.001,0.000,0.001
3723,-1,0,0.004,0.000,0.004
3724,-1,0,0.001,0.000,0.001
3725,-1,0,0.001,0.000,0.001
3726,-1,4,0.577,0.000,0.577
3727,-1,0,0.001,0.000,0.001
3728,-1,1,0.001,0.000,0.001
3729,-1,0,0.001,0.000,0.001
3730,-1,1,0.001,0.000,0.001
3731,-1,0,0.064,0.000,0.064
3732,-1,0,0.004,0.000,0.004
3733,-1,0,0.045,0.000,0.045
3734,-1,0,0.001,0.000,0.001
3735,-1,0,0.004,0.000,0.004
3736,-1,0,0.001,0.000,0.001
3737,-1,0,0.004,0.000,0.004
3738,-1,0,0.040,0.000,0.040
3739,-1,0,0.001,0.000,0.001
3740,-1,0,0.001,0.000,0.001
3741,-1,0,0.005,0.000,0.005
3742,-1,5,0.003,0.000,0.003
3743,-1,0,0.001,0.000,0.001
3744,-1,0,0.004,0.000,0.004
3745,-1,0,0.005,0.000,0.005
3746,-1,0,0.001,0.000,0.001
3747,-1,0,0.001,0.000,0.001
3748,-1,0,0.011,0.000,0.011
3749,-1,0,0.011,0.000,0.011
3750,-1,0,0.001,0.000,0.001
3751,-1,0,0.001,0.000,0.001
3752,-1,0,0.001,0.000,0.001
3753,-1,0,0.001,0.000,0.001
3754,-1,4,0.002,0.000,0.003
3755,-1,0,0.001,0.000,0.001
3756,-1,0,0.000,0.000,0.001
3757,-1,0,0.000,0.000,0.000
3758,-1,0,0.084,0.000,0.084
3759,-1,0,0.001,0.000,0.001
3760,-1,1,0.014,0.000,0.014
3761,-1,0,0.001,0.000,0.001
3762,-1,0,0.002,0.000,0.002
3763,-1,0,0.010,0.000,0.010
3764,-1,2,0.002,0.000,0.002
3765,-1,0,0.005,0.000,0.005
3766,-1,0,0.001,0.000,0.001
3767,-1,0,0.003,0.000,0.004
3768,-1,0,0.005,0.000,0.005
3769,-1,2,0.002,0.000,0.002
3770,-1,0,0.001,0.000,0.001
3771,-1,0,0.005,0.000,0.005
3772,-1,0,0.002,0.000,0.002
3773,-1,0,0.001,0.000,0.001
3774,-1,0,0.009,0.000,0.009
3775,-1,3,0.002,0.000,0.002
3776,-1,0,0.002,0.000,0.002
3777,-1,0,0.001,0.000,0.001
3778,-1,0,0.003,0.000,0.003
3779,-1,0,0.003,0.000,0.003
3780,-1,10,1.510,0.000,1.510
3781,-1,0,0.043,0.000,0.043
3782,-1,0,0.001,0.000,0.001
3783,-1,0,0.051,0.000,0.051
3784,-1,0,0.001,0.000,0.001
3785,-1,1,0.001,0.000,0.002
3786,-1,0,0.001,0.000,0.001
3787,-1,0,0.003,0.000,0.003
3788,-1,0,0.001,0.000,0.001
3789,-1,0,0.010,0.000,0.010
3790,-1,0,0.008,0.000,0.008
3791,-1,0,0.006,0.000,0.006
3792,-1,0,0.182,0.000,0.182
3793,-1,0,0.005,0.000,0.005
3794,-1,1,0.001,0.000,0.001
3795,-1,0,0.011,0.000,0.011
3796,-1,0,0.001,0.000,0.001
3797,-1,0,0.001,0.000,0.001
3798,-1,0,0.004,0.000,0.004
3799,-1,0,0.004,0.000,0.004
3800,-1,0,0.015,0.000,0.015
3801,-1,4,0.613,0.000,0.614
3802,-1,0,0.009,0.000,0.009
3803,-1,0,0.011,0.000,0.011
3804,-1,0,0.003,0.000,0.003
3805,-1,0,0.004,0.000,0.004
3806,-1,0,0.001,0.000,0.001
3807,-1,0,0.004,0.000,0.004
3808,-1,0,0.029,0.000,0.029
3809,-1,1,0.001,0.000,0.001
3810,-1,28,0.005,0.000,0.005
3811,-1,0,0.000,0.000,0.001
3812,-1,0,0.001,0.000,0.001
3813,-1,0,0.001,0.000,0.001
3814,-1,0,0.001,0.000,0.001
3815,-1,0,0.004,0.000,0.004
3816,-1,0,0.000,0.000,0.001
3817,-1,0,0.011,0.000,0.011
3818,-1,0,0.007,0.000,0.007
3819,-1,0,0.010,0.000,0.010
3820,-1,0,0.004,0.000,0.004
3821,-1,0,0.002,0.000,0.002
3822,-1,0,0.002,0.000,0.002
3823,-1,0,0.007,0.000,0.007
3824,-1,0,0.003,0.000,0.004
3825,-1,0,0.011,0.000,0.011
3826,-1,1,0.485,0.000,0.485
3827,-1,0,0.434,0.000,0.434
3828,-1,0,0.010,0.000,0.010
3829,-1,2,0.001,0.000,0.001
3830,-1,0,0.001,0.000,0.001
3831,-1,0,0.010,0.000,0.010
3832,-1,0,0.040,0.000,0.040
3833,-1,0,0.001,0.000,0.001
3834,-1,0,0.004,0.000,0.005
3835,-1,1,0.508,0.000,0.508
3836,-1,0,0.001,0.000,0.001
3837,-1,1,0.001,0.000,0.001
3838,-1,0,0.001,0.000,0.001
3839,-1,0,0.001,0.000,0.001
3840,-1,0,0.043,0.000,0.043
3841,-1,0,0.005,0.000,0.005
3842,-1,0,0.004,0.000,0.004
3843,-1,3,0.002,0.000,0.002
3844,-1,0,0.001,0.000,0.001
3845,-1,10,1.589,0.000,1.589
3846,-1,0,0.005,0.000,0.005
3847,-1,0,0.011,0.000,0.011
3848,-1,0,0.001,0.000,0.001
3849,-1,0,0.001,0.000,0.001
3850,-1,0,0.015,0.000,0.015
3851,-1,0,0.001,0.000,0.001
3852,-1,0,0.007,0.000,0.007
3853,-1,0,0.001,0.000,0.001
3854,-1,0,0.001,0.000,0.001
3855,-1,3,0.419,0.000,0.419
3856,-1,0,0.007,0.000,0.007
3857,-1,0,0.004,0.000,0.005
3858,-1,0,1.304,0.001,1.305
3859,-1,0,0.001,0.000,0.001
3860,-1,10,0.006,0.000,0.007
3861,-1,0,0.004,0.000,0.004
3862,-1,0,0.004,0.000,0.004
3863,-1,0,0.003,0.000,0.003
3864,-1,0,0.001,0.000,0.001
3865,-1,3,0.002,0.000,0.002
3866,-1,0,0.001,0.000,0.001
3867,-1,0,0.006,0.000,0.007
3868,-1,1,0.001,0.000,0.001
3869,-1,0,0.001,0.000,0.001
3870,-1,34,0.007,0.000,0.007
3871,-1,0,0.014,0.000,0.014
3872,-1,0,0.005,0.000,0.005
3873,-1,0,0.001,0.000,0.001
3874,-1,0,0.018,0.000,0.018
3875,-1,0,0.001,0.000,0.001
3876,-1,0,0.003,0.000,0.003
3877,-1,0,0.007,0.000,0.007
3878,-1,4,0.002,0.000,0.003
3879,-1,0,0.001,0.000,0.001
3880,-1,0,0.005,0.000,0.005
3881,-1,0,0.001,0.000,0.001
3882,-1,0,0.000,0.000,0.001
3883,-1,0,0.006,0.000,0.006
3884,-1,0,0.003,0.000,0.003
3885,-1,0,0.002,0.000,0.002
3886,-1,0,0.005,0.000,0.005
3887,-1,0,0.019,0.000,0.019
3888,-1,0,0.001,0.000,0.001
3889,-1,0,0.001,0.000,0.001
3890,-1,0,0.003,0.000,0.003
3891,-1,0,0.001,0.000,0.001
3892,-1,3,0.001,0.000,0.001
3893,-1,0,0.001,0.000,0.001
3894,-1,0,0.005,0.000,0.005
3895,-1,0,0.070,0.000,0.070
3896,-1,0,0.004,0.000,0.004
3897,-1,0,0.005,0.000,0.005
3898,-1,0,0.010,0.000,0.010
3899,-1,1,0.205,0.000,0.205
3900,-1,0,0.003,0.000,0.003
3901,-1,1,0.001,0.000,0.001
3902,-1,0,0.001,0.000,0.001
3903,-1,0,0.003,0.000,0.003
3904,-1,0,0.003,0.000,0.003
3905,-1,0,0.006,0.000,0.006
3906,-1,0,0.001,0.000,0.001
3907,-1,0,0.009,0.000,0.009
3908,-1,0,0.001,0.000,0.001
3909,-1,0,0.001,0.000,0.001
3910,-1,0,0.001,0.000,0.001
3911,-1,0,0.009,0.000,0.009
3912,-1,0,0.086,0.000,0.086
3913,-1,3,0.003,0.000,0.003
3914,-1,0,0.001,0.000,0.001
3915,-1,0,0.001,0.000,0.001
3916,-1,0,0.001,0.000,0.001
3917,-1,0,0.012,0.000,0.012
3918,-1,0,0.002,0.000,0.002
3919,-1,0,0.005,0.000,0.005
3920,-1,0,0.013,0.000,0.013
3921,-1,0,0.015,0.000,0.015
3922,-1,0,0.000,0.000,0.001
3923,-1,0,0.001,0.000,0.001
3924,-1,0,0.095,0.000,0.095
3925,-1,0,0.010,0.000,0.010
3926,-1,0,0.003,0.000,0.004
3927,-1,0,0.001,0.000,0.001
3928,-1,0,0.004,0.000,0.004
3929,-1,0,0.001,0.000,0.001
3930,-1,0,0.001,0.000,0.001
3931,-1,0,0.008,0.000,0.008
3932,-1,0,0.005,0.000,0.005
3933,-1,0,0.008,0.000,0.008
3934,-1,0,0.007,0.000,0.007
3935,-1,0,0.095,0.000,0.095
3936,-1,0,0.017,0.000,0.017
3937,-1,0,0.006,0.000,0.006
3938,-1,0,0.001,0.000,0.001
3939,-1,0,0.011,0.000,0.011
3940,-1,0,0.067,0.000,0.067
3941,-1,0,0.001,0.000,0.001
3942,-1,0,0.003,0.000,0.003
3943,-1,0,0.019,0.000,0.019
3944,-1,0,0.007,0.000,0.007
3945,-1,0,0.001,0.000,0.001
3946,-1,0,0.010,0.000,0.010
3947,-1,0,0.013,0.000,0.013
3948,-1,0,0.009,0.000,0.009
3949,-1,0,0.007,0.000,0.007
3950,-1,2,0.001,0.000,0.002
3951,-1,0,0.003,0.000,0.004
3952,-1,0,0.001,0.000,0.001
3953,-1,0,0.001,0.000,0.001
3954,-1,1,0.002,0.000,0.002
3955,-1,0,0.076,0.000,0.077
3956,-1,0,0.003,0.000,0.003
3957,-1,0,0.003,0.000,0.003
3958,-1,0,0.004,0.000,0.004
3959,-1,0,0.001,0.000,0.001
3960,-1,1,0.001,0.000,0.001
3961,-1,0,0.001,0.000,0.001
3962,-1,2,0.352,0.000,0.352
3963,-1,5,1.130,0.000,1.130
3964,-1,1,0.059,0.000,0.059
3965,-1,0,0.001,0.000,0.001
3966,-1,0,0.001,0.000,0.001
3967,-1,0,0.001,0.000,0.001
3968,-1,0,0.003,0.000,0.003
3969,-1,0,0.001,0.000,0.001
3970,-1,0,0.086,0.000,0.086
3971,-1,0,0.001,0.000,0.001
3972,-1,0,0.001,0.000,0.001
3973,-1,0,0.001,0.000,0.001
3974,-1,0,0.001,0.000,0.001
3975,-1,5,1.095,0.000,1.096
3976,-1,0,0.001,0.000,0.001
3977,-1,0,0.001,0.000,0.001
3978,-1,0,0.001,0.000,0.001
3979,-1,0,0.001,0.000,0.001
3980,-1,0,0.005,0.000,0.005
3981,-1,0,0.001,0.000,0.001
3982,-1,0,0.011,0.000,0.011
3983,-1,0,0.010,0.000,0.010
3984,-1,0,0.001,0.000,0.001
3985,-1,0,0.085,0.000,0.085
3986,-1,0,0.158,0.000,0.158
3987,-1,0,0.001,0.000,0.001
3988,-1,0,0.002,0.000,0.003
3989,-1,0,0.001,0.000,0.001
3990,-1,0,0.001,0.000,0.001
3991,-1,0,0.001,0.000,0.001
3992,-1,0,0.014,0.000,0.014
3993,-1,0,0.004,0.000,0.004
3994,-1,1,0.242,0.000,0.243
3995,-1,1,0.001,0.000,0.001
3996,-1,0,0.002,0.000,0.002
3997,-1,0,0.090,0.000,0.090
3998,-1,0,0.001,0.000,0.001
3999,-1,0,0.001,0.000,0.001
4000,-1,0,0.005,0.000,0.005
4001,-1,0,0.001,0.000,0.001
4002,-1,0,0.014,0.000,0.014
4003,-1,0,0.006,0.000,0.006
4004,-1,0,0.002,0.000,0.002
4005,-1,0,0.001,0.000,0.001
4006,-1,0,0.013,0.000,0.013
4007,-1,0,0.001,0.000,0.001
4008,-1,0,0.001,0.000,0.001
4009,-1,0,0.027,0.000,0.027
4010,-1,0,0.001,0.000,0.001
4011,-1,0,0.016,0.000,0.016
4012,-1,0,0.007,0.000,0.007
4013,-1,0,0.007,0.000,0.007
4014,-1,0,0.001,0.000,0.001
4015,-1,0,0.020,0.000,0.020
4016,-1,0,0.003,0.000,0.003
4017,-1,0,0.001,0.000,0.001
4018,-1,0,0.198,0.000,0.198
4019,-1,0,0.002,0.000,0.002
4020,-1,0,0.429,0.000,0.429
4021,-1,0,0.004,0.000,0.004
4022,-1,0,0.064,0.000,0.064
4023,-1,0,0.001,0.000,0.001
4024,-1,0,0.001,0.000,0.001
4025,-1,1,0.002,0.000,0.002
4026,-1,0,0.001,0.000,0.001
4027,-1,3,0.001,0.000,0.002
4028,-1,0,0.003,0.000,0.003
4029,-1,0,0.001,0.000,0.001
4030,-1,0,0.001,0.000,0.001
4031,-1,5,0.002,0.000,0.002
4032,-1,0,0.001,0.000,0.001
4033,-1,0,0.001,0.000,0.001
4034,-1,0,0.010,0.000,0.010
4035,-1,0,0.008,0.000,0.008
4036,-1,0,0.001,0.000,0.001
4037,-1,0,0.002,0.000,0.002
4038,-1,0,0.001,0.000,0.001
4039,-1,0,0.001,0.000,0.001
4040,-1,0,0.006,0.000,0.006
4041,-1,0,0.001,0.000,0.001
4042,-1,0,0.002,0.000,0.002
4043,-1,4,0.003,0.000,0.003
4044,-1,0,0.041,0.000,0.041
4045,-1,0,0.001,0.000,0.001
4046,-1,0,0.003,0.000,0.003
4047,-1,0,0.008,0.000,0.008
4048,-1,0,0.003,0.000,0.003
4049,-1,0,0.005,0.000,0.005
4050,-1,0,0.002,0.000,0.002
4051,-1,0,0.001,0.000,0.001
4052,-1,0,0.009,0.000,0.009
4053,-1,0,0.010,0.000,0.010
4054,-1,0,0.001,0.000,0.001
4055,-1,3,0.002,0.000,0.002
4056,-1,0,0.001,0.000,0.001
4057,-1,0,0.001,0.000,0.001
4058,-1,0,0.003,0.000,0.003
4059,-1,0,0.001,0.000,0.001
4060,-1,0,0.010,0.000,0.010
4061,-1,0,0.001,0.000,0.001
4062,-1,2,0.001,0.000,0.001
4063,-1,0,0.001,0.000,0.001
4064,-1,0,0.008,0.000,0.008
4065,-1,0,0.013,0.000,0.014
4066,-1,0,0.001,0.000,0.001
4067,-1,0,0.076,0.000,0.076
4068,-1,0,0.045,0.000,0.045
4069,-1,0,0.001,0.000,0.001
4070,-1,0,0.001,0.000,0.001
4071,-1,0,0.001,0.000,0.001
4072,-1,0,0.001,0.000,0.001
4073,-1,0,0.080,0.000,0.080
4074,-1,0,0.005,0.000,0.005
4075,-1,0,0.005,0.000,0.005
4076,-1,0,0.001,0.000,0.001
4077,-1,0,0.063,0.000,0.063
4078,-1,0,0.001,0.000,0.001
4079,-1,0,0.017,0.000,0.017
4080,-1,0,0.008,0.000,0.008
4081,-1,0,0.010,0.000,0.010
4082,-1,0,0.001,0.000,0.001
4083,-1,0,0.020,0.000,0.020
4084,-1,0,0.001,0.000,0.001
4085,-1,0,0.004,0.000,0.004
4086,-1,0,0.005,0.000,0.005
4087,-1,1,0.212,0.000,0.212
4088,-1,0,0.007,0.000,0.007
4089,-1,0,0.004,0.000,0.004
4090,-1,0,0.001,0.000,0.001
4091,-1,0,0.011,0.000,0.011
4092,-1,0,0.026,0.000,0.026
4093,-1,0,0.001,0.000,0.001
4094,-1,0,0.015,0.000,0.015
4095,-1,0,0.005,0.000,0.006
4096,-1,0,0.001,0.000,0.001
4097,-1,0,0.001,0.000,0.001
4098,-1,0,0.000,0.000,0.000
4099,-1,0,0.000,0.000,0.001
4100,-1,0,0.010,0.000,0.010
4101,-1,0,0.001,0.000,0.001
4102,-1,0,0.001,0.000,0.001
4103,-1,0,0.007,0.000,0.007
4104,-1,0,0.005,0.000,0.005
4105,-1,0,0.001,0.000,0.001
4106,-1,0,0.038,0.000,0.038
4107,-1,0,0.003,0.000,0.003
4108,-1,0,0.001,0.000,0.001
4109,-1,0,0.011,0.000,0.011
4110,-1,0,0.004,0.000,0.004
4111,-1,0,0.003,0.000,0.003
4112,-1,10,0.002,0.000,0.003
4113,-1,0,0.003,0.000,0.003
4114,-1,0,0.004,0.000,0.004
4115,-1,0,0.001,0.000,0.001
4116,-1,1,0.001,0.000,0.002
4117,-1,3,0.002,0.000,0.002
4118,-1,0,0.004,0.000,0.004
4119,-1,0,0.004,0.000,0.004
4120,-1,0,0.010,0.000,0.010
4121,-1,0,0.012,0.000,0.012
4122,-1,0,0.004,0.000,0.004
4123,-1,0,0.000,0.000,0.001
4124,-1,3,0.001,0.000,0.001
4125,-1,29,0.006,0.000,0.006
4126,-1,0,0.001,0.000,0.001
4127,-1,0,0.010,0.000,0.010
4128,-1,1,0.002,0.000,0.002
4129,-1,0,0.007,0.000,0.007
4130,-1,0,0.010,0.000,0.010
4131,-1,30,0.006,0.000,0.006
4132,-1,0,0.005,0.000,0.005
4133,-1,0,0.001,0.000,0.001
4134,-1,0,0.000,0.000,0.001
4135,-1,0,0.001,0.000,0.001
4136,-1,0,0.054,0.000,0.054
4137,-1,10,0.004,0.000,0.004
4138,-1,4,0.002,0.000,0.002
4139,-1,0,0.009,0.000,0.009
4140,-1,2,0.001,0.000,0.002
4141,-1,0,0.001,0.000,0.001
4142,-1,0,0.001,0.000,0.001
4143,-1,0,0.005,0.000,0.005
4144,-1,0,0.004,0.000,0.004
4145,-1,0,0.004,0.000,0.004
4146,-1,0,0.001,0.000,0.001
4147,-1,0,0.013,0.000,0.013
4148,-1,0,0.001,0.000,0.001
4149,-1,1,0.075,0.000,0.075
4150,-1,0,0.005,0.000,0.005
4151,-1,0,0.005,0.000,0.005
4152,-1,0,0.000,0.000,0.001
4153,-1,0,0.008,0.000,0.009
4154,-1,0,0.006,0.000,0.006
4155,-1,0,0.010,0.000,0.010
4156,-1,0,0.005,0.000,0.006
4157,-1,0,0.001,0.000,0.001
4158,-1,0,0.009,0.000,0.009
4159,-1,0,0.001,0.000,0.001
4160,-1,0,0.004,0.000,0.004
4161,-1,0,0.083,0.000,0.083
4162,-1,0,0.001,0.000,0.001
4163,-1,0,0.001,0.000,0.001
4164,-1,0,0.001,0.000,0.001
4165,-1,0,0.001,0.000,0.001
4166,-1,0,0.001,0.000,0.001
4167,-1,0,0.001,0.000,0.001
4168,-1,0,0.003,0.000,0.003
4169,-1,0,0.001,0.000,0.001
4170,-1,0,0.007,0.000,0.007
4171,-1,0,0.001,0.000,0.001
4172,-1,0,0.012,0.000,0.012
4173,-1,0,0.001,0.000,0.001
4174,-1,0,0.001,0.000,0.001
4175,-1,0,0.001,0.000,0.001
4176,-1,0,0.001,0.000,0.001
4177,-1,0,0.001,0.000,0.001
4178,-1,0,0.014,0.000,0.014
4179,-1,0,0.077,0.000,0.077
4180,-1,0,0.005,0.000,0.005
4181,-1,0,0.006,0.000,0.006
4182,-1,0,0.012,0.000,0.012
4183,-1,0,0.004,0.000,0.004
4184,-1,0,0.001,0.000,0.001
4185,-1,0,0.016,0.000,0.016
4186,-1,2,0.003,0.000,0.003
4187,-1,9,0.003,0.000,0.003
4188,-1,0,0.049,0.000,0.049
4189,-1,0,0.011,0.000,0.011
4190,-1,0,0.001,0.000,0.001
4191,-1,0,0.001,0.000,0.001
4192,-1,0,0.003,0.000,0.004
4193,-1,0,0.001,0.000,0.001
4194,-1,0,0.002,0.000,0.003
4195,-1,0,0.008,0.000,0.008
4196,-1,0,0.001,0.000,0.001
4197,-1,0,0.002,0.000,0.002
4198,-1,0,0.003,0.000,0.003
4199,-1,0,0.001,0.000,0.001
4200,-1,1,0.133,0.000,0.134
4201,-1,0,0.006,0.000,0.006
4202,-1,0,0.001,0.000,0.001
4203,-1,0,0.005,0.000,0.005
4204,-1,10,1.605,0.000,1.605
4205,-1,0,0.012,0.000,0.012
4206,-1,0,0.001,0.000,0.001
4207,-1,2,0.002,0.000,0.002
4208,-1,0,0.001,0.000,0.001
4209,-1,0,0.001,0.000,0.001
4210,-1,0,0.002,0.000,0.002
4211,-1,0,0.004,0.000,0.004
4212,-1,2,0.001,0.000,0.002
4213,-1,0,0.005,0.000,0.005
4214,-1,0,0.001,0.000,0.001
4215,-1,0,0.001,0.000,0.001
4216,-1,1,0.001,0.000,0.002
4217,-1,0,0.005,0.000,0.005
4218,-1,0,0.005,0.000,0.005
4219,-1,3,0.002,0.000,0.003
4220,-1,0,0.001,0.000,0.001
4221,-1,0,0.010,0.000,0.010
4222,-1,0,0.001,0.000,0.001
4223,-1,1,0.013,0.000,0.013
4224,-1,1,0.001,0.000,0.001
4225,-1,0,0.001,0.000,0.001
4226,-1,0,0.004,0.000,0.004
4227,-1,10,1.556,0.000,1.557
4228,-1,0,0.006,0.000,0.006
4229,-1,0,0.009,0.000,0.009
4230,-1,1,0.001,0.000,0.001
4231,-1,0,0.007,0.000,0.007
4232,-1,0,0.001,0.000,0.001
4233,-1,0,0.004,0.000,0.004
4234,-1,1,0.001,0.000,0.001
4235,-1,0,0.001,0.000,0.001
4236,-1,0,0.011,0.000,0.011
4237,-1,0,0.001,0.000,0.001
4238,-1,0,0.057,0.000,0.057
4239,-1,0,0.001,0.000,0.001
4240,-1,0,0.001,0.000,0.001
4241,-1,0,0.001,0.000,0.001
4242,-1,0,0.003,0.000,0.003
4243,-1,0,0.032,0.000,0.032
4244,-1,0,0.001,0.000,0.001
4245,-1,2,0.002,0.000,0.002
4246,-1,4,0.543,0.000,0.543
4247,-1,0,0.017,0.000,0.018
4248,-1,0,0.001,0.000,0.001
4249,-1,0,0.001,0.000,0.001
4250,-1,0,0.191,0.000,0.191
4251,-1,0,0.004,0.000,0.004
4252,-1,0,0.001,0.000,0.001
4253,-1,1,0.001,0.000,0.001
4254,-1,0,0.004,0.000,0.004
4255,-1,0,0.005,0.000,0.005
4256,-1,0,0.001,0.000,0.001
4257,-1,0,0.001,0.000,0.001
4258,-1,5,0.003,0.000,0.003
4259,-1,0,0.001,0.000,0.001
4260,-1,0,0.001,0.000,0.001
4261,-1,1,0.020,0.000,0.020
4262,-1,0,0.445,0.000,0.445
4263,-1,0,0.004,0.000,0.004
4264,-1,0,0.003,0.000,0.003
4265,-1,7,0.003,0.000,0.003
4266,-1,0,0.007,0.000,0.007
4267,-1,0,0.015,0.000,0.015
4268,-1,0,0.003,0.000,0.003
4269,-1,0,0.001,0.000,0.001
4270,-1,5,0.003,0.000,0.003
4271,-1,0,0.000,0.000,0.001
4272,-1,28,0.005,0.000,0.005
4273,-1,0,0.023,0.000,0.023
4274,-1,0,0.004,0.000,0.004
4275,-1,0,0.015,0.000,0.015
4276,-1,0,0.005,0.000,0.005
4277,-1,0,0.004,0.000,0.004
4278,-1,0,0.013,0.000,0.013
4279,-1,0,0.001,0.000,0.001
4280,-1,0,0.009,0.000,0.009
4281,-1,0,0.001,0.000,0.001
4282,-1,0,0.026,0.000,0.026
4283,-1,0,0.001,0.000,0.001
4284,-1,0,0.006,0.000,0.006
4285,-1,0,0.004,0.000,0.004
4286,-1,0,0.002,0.000,0.002
4287,-1,4,0.002,0.000,0.002
4288,-1,0,0.076,0.000,0.076
4289,-1,0,0.133,0.000,0.133
4290,-1,2,0.002,0.000,0.002
4291,-1,0,0.001,0.000,0.001
4292,-1,0,0.003,0.000,0.003
4293,-1,0,0.007,0.000,0.007
4294,-1,1,0.209,0.000,0.209
4295,-1,0,0.006,0.000,0.007
4296,-1,0,0.010,0.000,0.010
4297,-1,10,1.513,0.000,1.513
4298,-1,0,0.001,0.000,0.001
4299,-1,0,0.001,0.000,0.001
4300,-1,0,0.005,0.000,0.005
4301,-1,0,0.008,0.000,0.008
4302,-1,0,0.001,0.000,0.001
4303,-1,0,0.006,0.000,0.006
4304,-1,0,0.004,0.000,0.004
4305,-1,0,0.003,0.000,0.003
4306,-1,0,0.087,0.000,0.087
4307,-1,2,0.001,0.000,0.001
4308,-1,0,0.001,0.000,0.001
4309,-1,0,0.001,0.000,0.001
4310,-1,0,0.001,0.000,0.001
4311,-1,0,0.013,0.000,0.013
4312,-1,1,0.219,0.000,0.219
4313,-1,2,0.001,0.000,0.001
4314,-1,0,0.001,0.000,0.001
4315,-1,0,0.001,0.000,0.001
4316,-1,0,0.010,0.000,0.010
4317,-1,34,0.010,0.000,0.010
4318,-1,0,0.000,0.000,0.000
4319,-1,0,0.000,0.000,0.000
4320,-1,0,0.001,0.000,0.001
4321,-1,0,0.002,0.000,0.002
4322,-1,0,0.016,0.000,0.016
4323,-1,0,0.009,0.000,0.009
4324,-1,0,0.001,0.000,0.001
4325,-1,0,0.001,0.000,0.001
4326,-1,0,0.011,0.000,0.011
4327,-1,0,0.004,0.000,0.004
4328,-1,0,0.004,0.000,0.004
4329,-1,0,0.001,0.000,0.001
4330,-1,0,0.039,0.000,0.039
4331,-1,10,1.476,0.000,1.476
4332,-1,0,0.001,0.000,0.001
4333,-1,0,0.003,0.000,0.003
4334,-1,0,0.011,0.000,0.011
4335,-1,0,0.019,0.000,0.019
4336,-1,0,0.006,0.000,0.006
4337,-1,0,0.012,0.000,0.012
4338,-1,0,0.004,0.000,0.004
4339,-1,0,0.006,0.000,0.006
4340,-1,0,0.011,0.000,0.012
4341,-1,0,0.006,0.000,0.006
4342,-1,0,0.001,0.000,0.001
4343,-1,0,0.001,0.000,0.001
4344,-1,0,0.001,0.000,0.001
4345,-1,10,1.556,0.000,1.556
4346,-1,0,0.011,0.000,0.011
4347,-1,0,0.005,0.000,0.005
4348,-1,0,0.005,0.000,0.005
4349,-1,0,0.002,0.000,0.002
4350,-1,0,0.084,0.000,0.084
4351,-1,0,0.001,0.000,0.001
4352,-1,0,0.001,0.000,0.001
4353,-1,0,0.004,0.000,0.004
4354,-1,0,0.393,0.000,0.393
4355,-1,0,0.013,0.000,0.013
4356,-1,0,0.006,0.000,0.006
4357,-1,0,0.005,0.000,0.005
4358,-1,0,0.017,0.000,0.017
4359,-1,0,0.001,0.000,0.001
4360,-1,0,0.008,0.000,0.008
4361,-1,5,0.004,0.000,0.004
4362,-1,3,0.002,0.000,0.002
4363,-1,0,0.010,0.000,0.010
4364,-1,0,0.002,0.000,0.002
4365,-1,0,0.010,0.000,0.010
4366,-1,0,0.004,0.000,0.004
4367,-1,0,0.001,0.000,0.001
4368,-1,0,0.001,0.000,0.001
4369,-1,0,0.042,0.000,0.043
4370,-1,0,0.006,0.000,0.006
4371,-1,0,0.015,0.000,0.015
4372,-1,0,0.048,0.000,0.048
4373,-1,2,0.002,0.000,0.002
4374,-1,0,0.003,0.000,0.003
4375,-1,0,0.001,0.000,0.001
4376,-1,3,0.002,0.000,0.002
4377,-1,0,0.005,0.000,0.005
4378,-1,0,0.001,0.000,0.001
4379,-1,0,0.006,0.000,0.007
4380,-1,0,0.014,0.000,0.014
4381,-1,0,0.004,0.000,0.004
4382,-1,0,0.001,0.000,0.001
4383,-1,0,0.004,0.000,0.004
4384,-1,46,0.016,0.000,0.016
4385,-1,0,0.003,0.000,0.003
4386,-1,0,0.001,0.000,0.001
4387,-1,8,0.003,0.000,0.004
4388,-1,5,0.003,0.000,0.003
4389,-1,10,1.597,0.000,1.597
4390,-1,0,0.004,0.000,0.004
4391,-1,0,0.003,0.000,0.003
4392,-1,0,0.004,0.000,0.004
4393,-1,0,0.001,0.000,0.001
4394,-1,0,0.002,0.000,0.002
4395,-1,0,0.001,0.000,0.001
4396,-1,0,0.001,0.000,0.001
4397,-1,0,0.001,0.000,0.001
4398,-1,0,0.003,0.000,0.003
4399,-1,0,0.017,0.000,0.017
4400,-1,0,0.003,0.000,0.003
4401,-1,0,0.004,0.000,0.004
4402,-1,0,0.004,0.000,0.004
4403,-1,0,0.012,0.000,0.013
4404,-1,0,0.059,0.000,0.059
4405,-1,2,0.863,0.000,0.863
4406,-1,0,0.001,0.000,0.001
4407,-1,20,0.008,0.000,0.008
4408,-1,0,0.421,0.000,0.421
4409,-1,0,0.027,0.000,0.027
4410,-1,0,0.004,0.000,0.004
4411,-1,0,0.004,0.000,0.004
4412,-1,0,0.001,0.000,0.001
4413,-1,0,0.001,0.000,0.001
4414,-1,0,0.001,0.000,0.001
4415,-1,1,0.001,0.000,0.001
4416,-1,0,0.048,0.000,0.048
4417,-1,0,0.001,0.000,0.001
4418,-1,0,0.001,0.000,0.001
4419,-1,0,0.010,0.000,0.010
4420,-1,0,0.003,0.000,0.003
4421,-1,7,0.003,0.000,0.003
4422,-1,0,0.147,0.000,0.147
4423,-1,0,0.001,0.000,0.001
4424,-1,0,0.001,0.000,0.001
4425,-1,0,0.001,0.000,0.001
4426,-1,0,0.001,0.000,0.001
4427,-1,0,0.001,0.000,0.001
4428,-1,0,0.016,0.000,0.016
4429,-1,0,0.003,0.000,0.003
4430,-1,0,0.001,0.000,0.001
4431,-1,1,0.111,0.000,0.111
4432,-1,0,0.004,0.000,0.004
4433,-1,0,0.027,0.000,0.027
4434,-1,0,0.004,0.000,0.004
4435,-1,0,0.011,0.000,0.011
4436,-1,4,0.003,0.000,0.003
4437,-1,0,0.001,0.000,0.001
4438,-1,0,0.003,0.000,0.003
4439,-1,0,0.003,0.000,0.003
4440,-1,0,0.005,0.000,0.005
4441,-1,0,0.026,0.000,0.026
4442,-1,0,0.001,0.000,0.001
4443,-1,0,0.001,0.000,0.001
4444,-1,1,0.001,0.000,0.001
4445,-1,0,0.001,0.000,0.001
4446,-1,0,0.010,0.000,0.010
4447,-1,0,0.002,0.000,0.002
4448,-1,0,0.015,0.000,0.016
4449,-1,0,0.112,0.000,0.112
4450,-1,0,0.002,0.000,0.002
4451,-1,0,0.001,0.000,0.001
4452,-1,0,0.001,0.000,0.001
4453,-1,0,0.005,0.000,0.005
4454,-1,0,0.001,0.000,0.001
4455,-1,0,0.024,0.000,0.024
4456,-1,0,0.010,0.000,0.010
4457,-1,0,0.001,0.000,0.001
4458,-1,0,0.009,0.000,0.009
4459,-1,0,0.010,0.000,0.010
4460,-1,0,0.058,0.000,0.058
4461,-1,0,0.013,0.000,0.013
4462,-1,1,0.013,0.000,0.014
4463,-1,0,0.001,0.000,0.001
4464,-1,4,0.573,0.000,0.573
4465,-1,0,0.001,0.000,0.001
4466,-1,4,0.003,0.000,0.003
4467,-1,0,0.012,0.000,0.012
4468,-1,0,0.067,0.000,0.067
4469,-1,0,0.005,0.000,0.005
4470,-1,5,1.044,0.000,1.044
4471,-1,3,0.002,0.000,0.002
4472,-1,0,0.027,0.000,0.028
4473,-1,0,0.079,0.000,0.079
4474,-1,0,0.009,0.000,0.009
4475,-1,0,0.001,0.000,0.001
4476,-1,1,0.005,0.000,0.005
4477,-1,0,0.009,0.000,0.009
4478,-1,0,0.007,0.000,0.007
4479,-1,3,0.002,0.000,0.002
4480,-1,0,0.001,0.000,0.001
4481,-1,0,0.001,0.000,0.001
4482,-1,2,0.242,0.000,0.242
4483,-1,0,0.001,0.000,0.001
4484,-1,3,0.002,0.000,0.002
4485,-1,0,0.011,0.000,0.011
4486,-1,1,0.001,0.000,0.001
4487,-1,0,0.038,0.000,0.038
4488,-1,0,0.001,0.000,0.001
4489,-1,0,0.004,0.000,0.004
4490,-1,0,0.001,0.000,0.001
4491,-1,0,0.013,0.000,0.013
4492,-1,0,0.000,0.000,0.000
4493,-1,1,0.001,0.000,0.001
4494,-1,0,0.004,0.000,0.004
4495,-1,0,0.001,0.000,0.001
4496,-1,0,0.062,0.000,0.062
4497,-1,0,0.001,0.000,0.001
4498,-1,0,0.005,0.000,0.005
4499,-1,0,0.253,0.000,0.254
4500,-1,0,0.003,0.000,0.003
4501,-1,0,0.001,0.000,0.001
4502,-1,0,0.003,0.000,0.003
4503,-1,0,0.010,0.000,0.010
4504,-1,0,0.008,0.000,0.008
4505,-1,0,0.022,0.000,0.022
4506,-1,0,0.002,0.000,0.002
4507,-1,0,0.003,0.000,0.003
4508,-1,0,0.001,0.000,0.001
4509,-1,0,0.005,0.000,0.005
4510,-1,0,0.005,0.000,0.005
4511,-1,0,0.001,0.000,0.001
4512,-1,0,0.052,0.000,0.053
4513,-1,0,0.004,0.000,0.004
4514,-1,0,0.163,0.000,0.163
4515,-1,1,0.127,0.000,0.128
4516,-1,0,0.009,0.000,0.009
4517,-1,0,0.005,0.000,0.006
4518,-1,0,0.003,0.000,0.003
4519,-1,5,0.003,0.000,0.003
4520,-1,0,0.015,0.000,0.015
4521,-1,0,0.001,0.000,0.001
4522,-1,0,0.021,0.000,0.021
4523,-1,0,0.006,0.000,0.006
4524,-1,0,0.011,0.000,0.011
4525,-1,3,0.002,0.000,0.002
4526,-1,0,0.001,0.000,0.001
4527,-1,1,0.160,0.000,0.160
4528,-1,0,0.377,0.000,0.377
4529,-1,2,0.002,0.000,0.002
4530,-1,0,0.001,0.000,0.001
4531,-1,0,0.001,0.000,0.001
4532,-1,0,0.010,0.000,0.010
4533,-1,0,0.001,0.000,0.001
4534,-1,0,0.007,0.000,0.007
4535,-1,1,0.006,0.000,0.006
4536,-1,0,0.001,0.000,0.001
4537,-1,0,0.001,0.000,0.001
4538,-1,3,0.002,0.000,0.002
4539,-1,0,0.167,0.000,0.167
4540,-1,0,0.010,0.000,0.010
4541,-1,35,0.012,0.000,0.012
4542,-1,0,0.002,0.000,0.002
4543,-1,0,0.104,0.000,0.104
4544,-1,0,0.001,0.000,0.001
4545,-1,0,0.001,0.000,0.001
4546,-1,0,0.009,0.000,0.009
4547,-1,0,0.002,0.000,0.002
4548,-1,0,0.005,0.000,0.006
4549,-1,0,0.012,0.000,0.012
4550,-1,0,0.001,0.000,0.001
4551,-1,0,0.001,0.000,0.001
4552,-1,0,0.013,0.000,0.013
4553,-1,0,0.001,0.000,0.001
4554,-1,0,0.005,0.000,0.005
4555,-1,0,0.003,0.000,0.003
4556,-1,0,0.014,0.000,0.014
4557,-1,0,0.001,0.000,0.001
4558,-1,0,0.010,0.000,0.010
4559,-1,0,0.003,0.000,0.003
4560,-1,0,0.106,0.000,0.106
4561,-1,0,0.003,0.000,0.003
4562,-1,0,0.003,0.000,0.003
4563,-1,0,0.001,0.000,0.001
4564,-1,0,0.004,0.000,0.004
4565,-1,0,0.002,0.000,0.002
4566,-1,0,0.004,0.000,0.004
4567,-1,34,0.011,0.000,0.011
4568,-1,3,0.001,0.000,0.002
4569,-1,0,0.015,0.000,0.015
4570,-1,0,0.001,0.000,0.001
4571,-1,0,0.006,0.000,0.007
4572,-1,0,0.001,0.000,0.001
4573,-1,0,0.001,0.000,0.001
4574,-1,0,0.001,0.000,0.001
4575,-1,4,0.002,0.000,0.002
4576,-1,0,0.003,0.000,0.003
4577,-1,0,0.001,0.000,0.001
4578,-1,0,0.014,0.000,0.014
4579,-1,0,0.004,0.000,0.004
4580,-1,2,0.001,0.000,0.002
4581,-1,0,0.001,0.000,0.001
4582,-1,1,0.001,0.000,0.001
4583,-1,2,0.002,0.000,0.002
4584,-1,1,0.175,0.000,0.175
4585,-1,0,0.006,0.000,0.007
4586,-1,0,0.001,0.000,0.001
4587,-1,0,0.001,0.000,0.001
4588,-1,0,0.003,0.000,0.003
4589,-1,4,0.002,0.000,0.003
4590,-1,0,0.003,0.000,0.003
4591,-1,0,0.003,0.000,0.003
4592,-1,0,0.012,0.000,0.012
4593,-1,0,0.001,0.000,0.001
4594,-1,2,0.002,0.000,0.002
4595,-1,0,0.001,0.000,0.001
4596,-1,0,0.002,0.000,0.003
4597,-1,1,0.001,0.000,0.001
4598,-1,0,0.069,0.000,0.069
4599,-1,0,0.001,0.000,0.001
4600,-1,0,0.012,0.000,0.012
4601,-1,0,0.001,0.000,0.001
4602,-1,0,0.001,0.000,0.001
4603,-1,0,0.001,0.000,0.001
4604,-1,0,0.001,0.000,0.001
4605,-1,3,0.002,0.000,0.002
4606,-1,0,0.001,0.000,0.001
4607,-1,0,0.001,0.000,0.001
4608,-1,0,0.006,0.000,0.006
4609,-1,0,0.003,0.000,0.003
4610,-1,0,0.002,0.000,0.002
4611,-1,0,0.000,0.000,0.000
4612,-1,0,0.008,0.000,0.008
4613,-1,0,0.003,0.000,0.003
4614,-1,0,0.004,0.000,0.004
4615,-1,0,0.001,0.000,0.001
4616,-1,0,0.005,0.000,0.005
4617,-1,0,0.004,0.000,0.004
4618,-1,0,0.174,0.000,0.174
4619,-1,0,0.014,0.000,0.014
4620,-1,0,0.001,0.000,0.001
4621,-1,0,0.006,0.000,0.006
4622,-1,0,0.001,0.000,0.001
4623,-1,11,0.004,0.000,0.004
4624,-1,0,0.001,0.000,0.001
4625,-1,0,0.003,0.000,0.003
4626,-1,0,0.001,0.000,0.001
4627,-1,0,0.004,0.000,0.004
4628,-1,0,0.008,0.000,0.009
4629,-1,0,0.001,0.000,0.001
4630,-1,0,0.035,0.000,0.035
4631,-1,0,0.002,0.000,0.002
4632,-1,0,0.009,0.000,0.009
4633,-1,0,0.004,0.000,0.004
4634,-1,0,0.058,0.000,0.058
4635,-1,0,0.016,0.000,0.016
4636,-1,0,0.001,0.000,0.001
4637,-1,0,0.001,0.000,0.001
4638,-1,0,0.005,0.000,0.005
4639,-1,0,0.071,0.000,0.072
4640,-1,0,0.004,0.000,0.004
4641,-1,0,0.010,0.000,0.010
4642,-1,0,0.001,0.000,0.001
4643,-1,0,0.001,0.000,0.001
4644,-1,0,0.001,0.000,0.001
4645,-1,0,0.020,0.000,0.020
4646,-1,0,0.001,0.000,0.001
4647,-1,0,0.001,0.000,0.001
4648,-1,0,0.001,0.000,0.001
4649,-1,1,0.233,0.000,0.233
4650,-1,0,0.004,0.000,0.004
4651,-1,0,0.001,0.000,0.001
4652,-1,0,0.001,0.000,0.001
4653,-1,0,0.001,0.000,0.001
4654,-1,10,1.713,0.000,1.713
4655,-1,0,0.001,0.000,0.001
4656,-1,0,0.011,0.000,0.011
4657,-1,0,0.013,0.000,0.013
4658,-1,0,0.006,0.000,0.006
4659,-1,0,0.009,0.000,0.009
4660,-1,0,0.005,0.000,0.005
4661,-1,0,0.003,0.000,0.003
4662,-1,0,0.039,0.000,0.039
4663,-1,0,0.001,0.000,0.001
4664,-1,0,0.009,0.000,0.009
4665,-1,0,0.003,0.000,0.003
4666,-1,0,0.009,0.000,0.009
4667,-1,0,0.000,0.000,0.001
4668,-1,0,0.002,0.000,0.002
4669,-1,0,0.001,0.000,0.001
4670,-1,0,0.005,0.000,0.005
4671,-1,0,0.001,0.000,0.001
4672,-1,0,0.061,0.000,0.061
4673,-1,0,0.001,0.000,0.001
4674,-1,0,0.003,0.000,0.003
4675,-1,0,0.001,0.000,0.001
4676,-1,0,0.004,0.000,0.004
4677,-1,2,0.002,0.000,0.002
4678,-1,0,0.005,0.000,0.005
4679,-1,0,0.003,0.000,0.003
4680,-1,0,0.001,0.000,0.001
4681,-1,0,0.001,0.000,0.001
4682,-1,0,0.015,0.000,0.015
4683,-1,5,0.940,0.000,0.940
4684,-1,0,0.010,0.000,0.010
4685,-1,0,0.001,0.000,0.001
4686,-1,0,0.001,0.000,0.001
4687,-1,3,0.002,0.000,0.002
4688,-1,0,0.003,0.000,0.003
4689,-1,0,0.001,0.000,0.001
4690,-1,0,0.014,0.000,0.014
4691,-1,2,0.002,0.000,0.002
4692,-1,0,0.001,0.000,0.001
4693,-1,0,0.001,0.000,0.001
4694,-1,0,0.009,0.000,0.009
4695,-1,0,0.001,0.000,0.001
4696,-1,0,0.008,0.000,0.008
4697,-1,0,0.001,0.000,0.001
4698,-1,0,0.005,0.000,0.005
4699,-1,0,0.001,0.000,0.001
4700,-1,0,0.010,0.000,0.010
4701,-1,0,0.449,0.000,0.449
4702,-1,10,0.004,0.000,0.004
4703,-1,0,0.001,0.000,0.001
4704,-1,0,0.001,0.000,0.001
4705,-1,0,0.001,0.000,0.001
4706,-1,1,0.019,0.000,0.019
4707,-1,0,0.002,0.000,0.002
4708,-1,0,0.006,0.000,0.006
4709,-1,4,0.002,0.000,0.002
4710,-1,0,0.001,0.000,0.001
4711,-1,0,0.001,0.000,0.001
4712,-1,0,0.019,0.000,0.019
4713,-1,0,0.001,0.000,0.001
4714,-1,0,0.004,0.000,0.004
4715,-1,0,0.009,0.000,0.009
4716,-1,0,0.003,0.000,0.003
4717,-1,0,0.379,0.000,0.379
4718,-1,0,0.003,0.000,0.003
4719,-1,0,0.017,0.000,0.017
4720,-1,0,0.041,0.000,0.041
4721,-1,0,0.046,0.000,0.046
4722,-1,0,0.006,0.000,0.006
4723,-1,0,0.004,0.000,0.004
4724,-1,0,0.001,0.000,0.001
4725,-1,0,0.002,0.000,0.002
4726,-1,0,0.024,0.000,0.024
4727,-1,1,0.001,0.000,0.001
4728,-1,0,0.003,0.000,0.003
4729,-1,0,0.004,0.000,0.004
4730,-1,0,0.003,0.000,0.003
4731,-1,4,0.002,0.000,0.002
4732,-1,0,0.000,0.000,0.000
4733,-1,0,0.000,0.000,0.000
4734,-1,0,0.054,0.000,0.054
4735,-1,0,0.006,0.000,0.006
4736,-1,1,0.001,0.000,0.001
4737,-1,0,0.001,0.000,0.001
4738,-1,0,0.001,0.000,0.001
4739,-1,0,0.004,0.000,0.004
4740,-1,0,0.001,0.000,0.001
4741,-1,0,0.001,0.000,0.001
4742,-1,0,0.011,0.000,0.011
4743,-1,0,0.001,0.000,0.001
4744,-1,0,0.000,0.000,0.000
4745,-1,0,0.000,0.000,0.000
4746,-1,0,0.001,0.000,0.001
4747,-1,0,0.086,0.000,0.086
4748,-1,0,0.005,0.000,0.005
4749,-1,0,0.004,0.000,0.005
4750,-1,25,0.006,0.000,0.007
4751,-1,0,0.001,0.000,0.001
4752,-1,0,0.001,0.000,0.001
4753,-1,0,0.012,0.000,0.012
4754,-1,0,0.004,0.000,0.004
4755,-1,1,0.001,0.000,0.001
4756,-1,0,0.001,0.000,0.001
4757,-1,0,0.001,0.000,0.001
4758,-1,0,0.001,0.000,0.001
4759,-1,0,0.009,0.000,0.009
4760,-1,0,0.001,0.000,0.001
4761,-1,0,0.044,0.000,0.044
4762,-1,0,0.001,0.000,0.001
4763,-1,0,0.004,0.000,0.004
4764,-1,0,0.001,0.000,0.001
4765,-1,0,0.003,0.000,0.003
4766,-1,0,0.002,0.000,0.002
4767,-1,0,0.001,0.000,0.001
4768,-1,0,0.001,0.000,0.001
4769,-1,0,0.000,0.000,0.000
4770,-1,0,0.001,0.000,0.001
4771,-1,0,0.001,0.000,0.001
4772,-1,8,0.003,0.000,0.003
4773,-1,0,0.000,0.000,0.000
4774,-1,0,0.001,0.000,0.001
4775,-1,0,0.001,0.000,0.001
4776,-1,0,0.001,0.000,0.001
4777,-1,0,0.003,0.000,0.003
4778,-1,0,0.000,0.000,0.000
4779,-1,0,0.001,0.000,0.001
4780,-1,0,0.001,0.000,0.001
4781,-1,0,0.007,0.000,0.007
4782,-1,0,0.001,0.000,0.001
4783,-1,1,0.001,0.000,0.001
4784,-1,0,0.001,0.000,0.001
4785,-1,3,0.002,0.000,0.002
4786,-1,0,0.064,0.000,0.064
4787,-1,1,0.001,0.000,0.001
4788,-1,0,0.000,0.000,0.000
4789,-1,0,0.004,0.000,0.004
4790,-1,0,0.001,0.000,0.001
4791,-1,0,0.004,0.000,0.004
4792,-1,3,0.001,0.000,0.001
4793,-1,0,0.001,0.000,0.001
4794,-1,0,0.004,0.000,0.004
4795,-1,0,0.001,0.000,0.001
4796,-1,0,0.007,0.000,0.007
4797,-1,10,1.543,0.000,1.544
4798,-1,0,0.005,0.000,0.005
4799,-1,1,0.001,0.000,0.001
4800,-1,0,0.010,0.000,0.010
4801,-1,0,0.001,0.000,0.001
4802,-1,0,0.010,0.000,0.010
4803,-1,0,0.001,0.000,0.001
4804,-1,0,0.001,0.000,0.001
4805,-1,0,0.001,0.000,0.001
4806,-1,0,0.001,0.000,0.001
4807,-1,0,0.004,0.000,0.004
4808,-1,0,0.085,0.000,0.085
4809,-1,0,0.001,0.000,0.001
4810,-1,10,1.674,0.000,1.674
4811,-1,0,0.004,0.000,0.004
4812,-1,0,0.014,0.000,0.014
4813,-1,5,1.060,0.000,1.061
4814,-1,0,0.001,0.000,0.001
4815,-1,0,0.005,0.000,0.005
4816,-1,0,0.011,0.000,0.011
4817,-1,0,0.000,0.000,0.001
4818,-1,0,0.009,0.000,0.009
4819,-1,4,0.563,0.000,0.563
4820,-1,1,0.001,0.000,0.001
4821,-1,1,0.001,0.000,0.001
4822,-1,0,0.011,0.000,0.011
4823,-1,0,0.004,0.000,0.004
4824,-1,0,0.002,0.000,0.002
4825,-1,0,0.001,0.000,0.001
4826,-1,0,0.001,0.000,0.001
4827,-1,0,0.001,0.000,0.001
4828,-1,0,0.004,0.000,0.004
4829,-1,0,0.001,0.000,0.001
4830,-1,0,0.019,0.000,0.019
4831,-1,1,0.001,0.000,0.001
4832,-1,0,0.001,0.000,0.001
4833,-1,0,0.003,0.000,0.003
4834,-1,0,0.001,0.000,0.001
4835,-1,0,0.005,0.000,0.005
4836,-1,0,0.001,0.000,0.001
4837,-1,5,0.003,0.000,0.003
4838,-1,0,0.020,0.000,0.020
4839,-1,0,0.001,0.000,0.001
4840,-1,0,0.001,0.000,0.001
4841,-1,0,0.001,0.000,0.001
4842,-1,0,0.003,0.000,0.003
4843,-1,0,0.026,0.000,0.026
4844,-1,0,0.043,0.000,0.043
4845,-1,0,0.004,0.000,0.004
4846,-1,0,0.005,0.000,0.005
4847,-1,0,0.001,0.000,0.001
4848,-1,0,0.011,0.000,0.011
4849,-1,0,0.091,0.000,0.091
4850,-1,0,0.003,0.000,0.003
4851,-1,1,0.312,0.000,0.312
4852,-1,0,0.003,0.000,0.003
4853,-1,1,0.180,0.000,0.180
4854,-1,0,0.004,0.000,0.004
4855,-1,0,0.007,0.000,0.007
4856,-1,0,0.019,0.000,0.020
4857,-1,0,0.001,0.000,0.001
4858,-1,0,0.003,0.000,0.003
4859,-1,1,0.299,0.000,0.299
4860,-1,5,0.994,0.000,0.994
4861,-1,0,0.005,0.000,0.005
4862,-1,0,0.004,0.000,0.004
4863,-1,0,0.001,0.000,0.001
4864,-1,0,0.001,0.000,0.001
4865,-1,0,0.011,0.000,0.011
4866,-1,3,0.002,0.000,0.002
4867,-1,0,0.005,0.000,0.005
4868,-1,0,0.001,0.000,0.001
4869,-1,0,0.001,0.000,0.001
4870,-1,1,0.035,0.000,0.035
4871,-1,0,0.002,0.000,0.003
4872,-1,0,0.009,0.000,0.009
4873,-1,0,0.009,0.000,0.009
4874,-1,0,0.004,0.000,0.004
4875,-1,0,0.001,0.000,0.001
4876,-1,0,0.001,0.000,0.001
4877,-1,0,0.001,0.000,0.001
4878,-1,28,0.006,0.000,0.006
4879,-1,0,0.004,0.000,0.004
4880,-1,1,0.001,0.000,0.001
4881,-1,0,0.001,0.000,0.001
4882,-1,0,0.004,0.000,0.004
4883,-1,29,0.008,0.000,0.008
4884,-1,10,0.004,0.000,0.004
4885,-1,0,0.004,0.000,0.004
4886,-1,0,0.001,0.000,0.001
4887,-1,0,0.000,0.000,0.000
4888,-1,0,0.001,0.000,0.001
4889,-1,0,0.002,0.000,0.002
4890,-1,2,0.002,0.000,0.002
4891,-1,0,0.002,0.000,0.002
4892,-1,1,0.047,0.000,0.047
4893,-1,0,0.005,0.000,0.005
4894,-1,0,0.005,0.000,0.005
4895,-1,0,0.009,0.000,0.009
4896,-1,0,0.001,0.000,0.001
4897,-1,0,0.001,0.000,0.001
4898,-1,0,0.003,0.000,0.003
4899,-1,0,0.007,0.000,0.007
4900,-1,0,0.002,0.000,0.002
4901,-1,0,0.004,0.000,0.004
4902,-1,0,0.005,0.000,0.005
4903,-1,1,0.001,0.000,0.001
4904,-1,0,0.001,0.000,0.001
4905,-1,1,0.058,0.000,0.058
4906,-1,0,0.001,0.000,0.001
4907,-1,0,0.001,0.000,0.001
4908,-1,0,0.003,0.000,0.003
4909,-1,0,0.001,0.000,0.001
4910,-1,0,0.003,0.000,0.003
4911,-1,0,0.002,0.000,0.002
4912,-1,0,0.001,0.000,0.001
4913,-1,0,0.001,0.000,0.001
4914,-1,0,0.007,0.000,0.007
4915,-1,0,0.013,0.000,0.013
4916,-1,0,0.014,0.000,0.014
4917,-1,0,0.001,0.000,0.001
4918,-1,0,0.001,0.000,0.001
4919,-1,2,0.001,0.000,0.001
4920,-1,0,0.060,0.000,0.061
4921,-1,24,0.006,0.000,0.006
4922,-1,0,0.010,0.000,0.010
4923,-1,0,0.001,0.000,0.001
4924,-1,0,0.012,0.000,0.012
4925,-1,0,0.016,0.000,0.016
4926,-1,2,0.001,0.000,0.001
4927,-1,2,0.219,0.000,0.220
4928,-1,0,0.004,0.000,0.004
4929,-1,0,0.001,0.000,0.001
4930,-1,0,0.011,0.000,0.011
4931,-1,0,0.003,0.000,0.003
4932,-1,0,0.001,0.000,0.001
4933,-1,0,0.013,0.000,0.013
4934,-1,0,0.014,0.000,0.014
4935,-1,0,0.001,0.000,0.001
4936,-1,0,0.002,0.000,0.002
4937,-1,0,0.001,0.000,0.001
4938,-1,0,0.001,0.000,0.001
4939,-1,0,0.005,0.000,0.005
4940,-1,0,0.000,0.000,0.001
4941,-1,0,0.074,0.000,0.074
4942,-1,0,0.001,0.000,0.001
4943,-1,0,0.001,0.000,0.001
4944,-1,1,0.043,0.000,0.043
4945,-1,0,0.001,0.000,0.001
4946,-1,0,0.003,0.000,0.003
4947,-1,0,0.009,0.000,0.009
4948,-1,0,0.003,0.000,0.003
4949,-1,0,0.002,0.000,0.002
4950,-1,0,0.005,0.000,0.005
4951,-1,0,0.003,0.000,0.004
4952,-1,0,0.001,0.000,0.001
4953,-1,0,0.001,0.000,0.001
4954,-1,0,0.002,0.000,0.002
4955,-1,0,0.080,0.000,0.080
4956,-1,4,0.522,0.000,0.522
4957,-1,0,0.002,0.000,0.002
4958,-1,0,0.001,0.000,0.001
4959,-1,0,0.001,0.000,0.001
4960,-1,0,0.001,0.000,0.001
4961,-1,3,0.001,0.000,0.001
4962,-1,0,0.001,0.000,0.001
4963,-1,0,0.001,0.000,0.001
4964,-1,0,0.002,0.000,0.002
4965,-1,0,0.062,0.000,0.062
4966,-1,0,0.009,0.000,0.010
4967,-1,4,0.002,0.000,0.002
4968,-1,0,0.001,0.000,0.001
4969,-1,0,0.002,0.000,0.002
4970,-1,0,0.001,0.000,0.001
4971,-1,0,0.010,0.000,0.010
4972,-1,0,0.004,0.000,0.005
4973,-1,0,0.013,0.000,0.013
4974,-1,0,0.001,0.000,0.001
4975,-1,3,0.002,0.000,0.002
4976,-1,13,0.004,0.000,0.004
4977,-1,0,0.020,0.000,0.020
4978,-1,0,0.004,0.000,0.004
4979,-1,0,0.003,0.000,0.003
4980,-1,7,0.002,0.000,0.002
4981,-1,0,0.000,0.000,0.000
4982,-1,0,0.005,0.000,0.005
4983,-1,0,0.001,0.000,0.001
4984,-1,0,0.001,0.000,0.001
4985,-1,0,0.000,0.000,0.000
4986,-1,0,0.001,0.000,0.001
4987,-1,0,0.009,0.000,0.009
4988,-1,0,0.001,0.000,0.001
4989,-1,0,0.007,0.000,0.007
4990,-1,0,0.003,0.000,0.003
4991,-1,0,0.001,0.000,0.001
4992,-1,1,0.119,0.000,0.119
4993,-1,0,0.007,0.000,0.007
4994,-1,0,0.001,0.000,0.001
4995,-1,0,0.001,0.000,0.001
4996,-1,0,0.010,0.000,0.010
4997,-1,0,0.004,0.000,0.004
4998,-1,0,0.023,0.000,0.023
4999,-1,0,0.002,0.000,0.002
5000,-1,0,0.007,0.000,0.007
5001,-1,0,0.004,0.000,0.004
5002,-1,0,0.001,0.000,0.001
5003,-1,0,0.003,0.000,0.003
5004,-1,0,0.526,0.000,0.526
5005,-1,0,0.003,0.000,0.003
5006,-1,2,0.002,0.000,0.002
5007,-1,5,1.135,0.000,1.135
5008,-1,0,0.004,0.000,0.004
5009,-1,0,0.001,0.000,0.001
5010,-1,0,0.001,0.000,0.001
5011,-1,0,0.003,0.000,0.003
5012,-1,4,0.003,0.000,0.003
5013,-1,0,0.011,0.000,0.011
5014,-1,0,0.004,0.000,0.004
5015,-1,0,0.010,0.000,0.010
5016,-1,0,0.016,0.000,0.016
5017,-1,0,0.012,0.000,0.012
5018,-1,0,0.001,0.000,0.001
5019,-1,1,0.001,0.000,0.001
5020,-1,0,0.001,0.000,0.001
5021,-1,0,0.001,0.000,0.001
5022,-1,2,0.002,0.000,0.002
5023,-1,2,0.002,0.000,0.002
5024,-1,0,0.012,0.000,0.012
5025,-1,0,0.001,0.000,0.001
5026,-1,0,0.006,0.000,0.006
5027,-1,0,0.007,0.000,0.007
5028,-1,0,0.003,0.000,0.003
5029,-1,0,0.001,0.000,0.001
5030,-1,0,0.001,0.000,0.001
5031,-1,1,0.341,0.000,0.342
5032,-1,0,0.004,0.000,0.004
5033,-1,0,0.001,0.000,0.001
5034,-1,0,0.011,0.000,0.011
5035,-1,9,0.004,0.000,0.004
5036,-1,0,0.010,0.000,0.010
5037,-1,1,0.001,0.000,0.001
5038,-1,0,0.005,0.000,0.005
5039,-1,0,0.001,0.000,0.001
5040,-1,0,0.001,0.000,0.001
5041,-1,0,0.012,0.000,0.012
5042,-1,4,0.002,0.000,0.002
5043,-1,0,0.007,0.000,0.007
5044,-1,0,0.001,0.000,0.001
5045,-1,5,1.179,0.000,1.179
5046,-1,2,0.262,0.000,0.262
5047,-1,0,0.013,0.000,0.014
5048,-1,0,0.001,0.000,0.001
5049,-1,0,0.079,0.000,0.079
5050,-1,0,0.004,0.000,0.004
5051,-1,0,0.010,0.000,0.010
5052,-1,0,0.001,0.000,0.001
5053,-1,0,0.001,0.000,0.001
5054,-1,0,0.001,0.000,0.001
5055,-1,0,0.001,0.000,0.001
5056,-1,0,0.009,0.000,0.009
5057,-1,1,0.101,0.000,0.101
5058,-1,0,0.001,0.000,0.001
5059,-1,1,0.061,0.000,0.062
5060,-1,0,0.001,0.000,0.001
5061,-1,0,0.164,0.000,0.164
5062,-1,2,0.001,0.000,0.002
5063,-1,0,0.001,0.000,0.001
5064,-1,4,0.002,0.000,0.002
5065,-1,0,0.009,0.000,0.009
5066,-1,5,1.125,0.000,1.126
5067,-1,1,0.019,0.000,0.020
5068,-1,0,0.007,0.000,0.007
5069,-1,0,0.001,0.000,0.001
5070,-1,0,0.005,0.000,0.005
5071,-1,0,0.006,0.000,0.006
5072,-1,0,0.006,0.000,0.006
5073,-1,0,0.003,0.000,0.003
5074,-1,0,0.001,0.000,0.001
5075,-1,2,0.002,0.000,0.002
5076,-1,0,0.001,0.000,0.001
5077,-1,0,0.001,0.000,0.001
5078,-1,0,0.004,0.000,0.004
5079,-1,0,0.003,0.000,0.003
5080,-1,0,0.093,0.000,0.093
5081,-1,0,0.012,0.000,0.012
5082,-1,5,0.977,0.000,0.977
5083,-1,0,0.001,0.000,0.001
5084,-1,0,0.003,0.000,0.004
5085,-1,0,0.005,0.000,0.006
5086,-1,0,0.011,0.000,0.011
5087,-1,0,0.062,0.000,0.062
5088,-1,0,0.001,0.000,0.001
5089,-1,0,0.005,0.000,0.005
5090,-1,2,0.298,0.000,0.298
5091,-1,0,0.006,0.000,0.007
5092,-1,1,0.082,0.000,0.082
5093,-1,1,0.001,0.000,0.001
5094,-1,0,0.001,0.000,0.001
5095,-1,0,0.001,0.000,0.001
5096,-1,0,0.001,0.000,0.001
5097,-1,0,0.002,0.000,0.002
5098,-1,0,0.006,0.000,0.006
5099,-1,0,0.009,0.000,0.009
5100,-1,0,0.009,0.000,0.009
5101,-1,0,0.004,0.000,0.004
5102,-1,0,0.006,0.000,0.006
5103,-1,1,0.001,0.000,0.001
5104,-1,0,0.002,0.000,0.002
5105,-1,8,0.003,0.000,0.003
5106,-1,0,0.009,0.000,0.009
5107,-1,1,0.517,0.000,0.517
5108,-1,4,0.002,0.000,0.002
5109,-1,0,0.005,0.000,0.005
5110,-1,0,0.035,0.000,0.035
5111,-1,35,0.006,0.000,0.007
5112,-1,0,0.001,0.000,0.001
5113,-1,0,0.010,0.000,0.010
5114,-1,0,0.010,0.000,0.010
5115,-1,0,0.003,0.000,0.003
5116,-1,0,0.007,0.000,0.008
5117,-1,0,0.001,0.000,0.001
5118,-1,0,0.001,0.000,0.001
5119,-1,0,0.001,0.000,0.001
5120,-1,0,0.004,0.000,0.004
5121,-1,0,0.001,0.000,0.001
5122,-1,0,0.005,0.000,0.005
5123,-1,1,0.226,0.000,0.226
5124,-1,0,0.001,0.000,0.001
5125,-1,0,0.001,0.000,0.001
5126,-1,5,0.989,0.000,0.989
5127,-1,0,0.008,0.000,0.008
5128,-1,0,0.002,0.000,0.002
5129,-1,0,0.023,0.000,0.024
5130,-1,0,0.001,0.000,0.001
5131,-1,0,0.001,0.000,0.001
5132,-1,0,0.002,0.000,0.002
5133,-1,0,0.007,0.000,0.007
5134,-1,0,0.007,0.000,0.007
5135,-1,0,0.029,0.000,0.030
5136,-1,0,0.004,0.000,0.004
5137,-1,0,0.003,0.000,0.003
5138,-1,0,0.083,0.000,0.083
5139,-1,5,0.002,0.000,0.002
5140,-1,0,0.001,0.000,0.001
5141,-1,0,0.001,0.000,0.001
5142,-1,0,0.001,0.000,0.001
5143,-1,0,0.001,0.000,0.001
5144,-1,0,0.006,0.000,0.006
5145,-1,0,0.002,0.000,0.002
5146,-1,0,0.009,0.000,0.009
5147,-1,0,0.008,0.000,0.009
5148,-1,0,0.009,0.000,0.009
5149,-1,0,0.061,0.000,0.061
5150,-1,0,0.004,0.000,0.004
5151,-1,0,0.001,0.000,0.001
5152,-1,0,0.001,0.000,0.001
5153,-1,1,0.240,0.000,0.240
5154,-1,0,0.003,0.000,0.003
5155,-1,0,0.003,0.000,0.003
5156,-1,0,0.004,0.000,0.004
5157,-1,0,0.000,0.000,0.001
5158,-1,0,0.001,0.000,0.001
5159,-1,2,0.001,0.000,0.002
5160,-1,0,0.003,0.000,0.003
5161,-1,0,0.003,0.000,0.003
5162,-1,0,0.001,0.000,0.001
5163,-1,0,0.004,0.000,0.004
5164,-1,2,0.291,0.000,0.291
5165,-1,0,0.009,0.000,0.009
5166,-1,0,0.002,0.000,0.003
5167,-1,0,0.007,0.000,0.007
5168,-1,0,0.001,0.000,0.001
5169,-1,1,0.090,0.000,0.090
5170,-1,0,0.001,0.000,0.001
5171,-1,0,0.009,0.000,0.010
5172,-1,1,0.001,0.000,0.001
5173,-1,0,0.002,0.000,0.002
5174,-1,0,0.013,0.000,0.013
5175,-1,0,0.001,0.000,0.001
5176,-1,0,0.004,0.000,0.004
5177,-1,0,0.001,0.000,0.001
5178,-1,0,0.004,0.000,0.004
5179,-1,0,0.003,0.000,0.003
5180,-1,0,0.001,0.000,0.001
5181,-1,0,0.001,0.000,0.001
5182,-1,1,0.011,0.000,0.011
5183,-1,0,0.004,0.000,0.004
5184,-1,0,0.000,0.000,0.001
5185,-1,0,0.061,0.000,0.061
5186,-1,1,0.001,0.000,0.001
5187,-1,1,0.496,0.000,0.496
5188,-1,0,0.003,0.000,0.004
5189,-1,0,0.018,0.000,0.018
5190,-1,0,0.001,0.000,0.001
5191,-1,0,0.030,0.000,0.030
5192,-1,0,0.001,0.000,0.001
5193,-1,5,1.016,0.000,1.016
5194,-1,2,0.002,0.000,0.002
5195,-1,0,0.079,0.000,0.079
5196,-1,0,0.007,0.000,0.007
5197,-1,0,0.003,0.000,0.004
5198,-1,0,0.001,0.000,0.001
5199,-1,0,0.001,0.000,0.001
5200,-1,0,0.001,0.000,0.001
5201,-1,3,0.002,0.000,0.002
5202,-1,0,0.009,0.000,0.009
5203,-1,0,0.001,0.000,0.001
5204,-1,0,0.001,0.000,0.001
5205,-1,0,0.097,0.000,0.097
5206,-1,0,0.001,0.000,0.001
5207,-1,0,0.002,0.000,0.002
5208,-1,0,0.005,0.000,0.005
5209,-1,0,0.001,0.000,0.001
5210,-1,0,0.001,0.000,0.001
5211,-1,0,0.013,0.000,0.013
5212,-1,0,0.009,0.000,0.009
5213,-1,0,0.030,0.000,0.030
5214,-1,0,0.004,0.000,0.004
5215,-1,0,0.001,0.000,0.001
5216,-1,0,0.006,0.000,0.007
5217,-1,0,0.001,0.000,0.001
5218,-1,30,0.005,0.000,0.005
5219,-1,1,0.121,0.000,0.121
5220,-1,0,0.001,0.000,0.001
5221,-1,0,0.001,0.000,0.001
5222,-1,0,0.004,0.000,0.004
5223,-1,0,0.001,0.000,0.001
5224,-1,0,0.009,0.000,0.009
5225,-1,1,0.055,0.000,0.055
5226,-1,0,0.001,0.000,0.001
5227,-1,0,0.001,0.000,0.001
5228,-1,0,0.004,0.000,0.004
5229,-1,0,0.001,0.000,0.001
5230,-1,0,0.001,0.000,0.001
5231,-1,0,0.001,0.000,0.001
5232,-1,0,0.001,0.000,0.001
5233,-1,10,1.609,0.000,1.609
5234,-1,0,0.005,0.000,0.005
5235,-1,2,0.001,0.000,0.001
5236,-1,5,0.998,0.000,0.999
5237,-1,1,0.001,0.000,0.001
5238,-1,0,0.005,0.000,0.005
5239,-1,1,0.001,0.000,0.001
5240,-1,0,0.001,0.000,0.001
5241,-1,0,0.006,0.000,0.006
5242,-1,0,0.001,0.000,0.001
5243,-1,1,0.014,0.000,0.014
5244,-1,0,0.008,0.000,0.008
5245,-1,0,0.008,0.000,0.009
5246,-1,0,0.000,0.000,0.001
5247,-1,0,0.006,0.000,0.006
5248,-1,0,0.001,0.000,0.001
5249,-1,0,0.004,0.000,0.004
5250,-1,0,0.001,0.000,0.001
5251,-1,0,0.000,0.000,0.000
5252,-1,0,0.001,0.000,0.001
5253,-1,3,0.001,0.000,0.002
5254,-1,0,0.013,0.000,0.013
5255,-1,0,0.001,0.000,0.001
5256,-1,0,0.002,0.000,0.002
5257,-1,0,0.005,0.000,0.005
5258,-1,0,0.001,0.000,0.001
5259,-1,0,0.004,0.000,0.005
5260,-1,0,0.001,0.000,0.001
5261,-1,0,0.004,0.000,0.004
5262,-1,0,0.000,0.000,0.000
5263,-1,0,0.010,0.000,0.010
5264,-1,1,0.001,0.000,0.001
5265,-1,0,0.012,0.000,0.012
5266,-1,0,0.001,0.000,0.001
5267,-1,0,0.001,0.000,0.001
5268,-1,0,0.001,0.000,0.001
5269,-1,0,0.001,0.000,0.001
5270,-1,0,0.008,0.000,0.008
5271,-1,0,0.002,0.000,0.002
5272,-1,0,0.001,0.000,0.001
5273,-1,170,0.039,0.000,0.039
5274,-1,1,0.001,0.000,0.001
5275,-1,0,0.057,0.000,0.058
5276,-1,1,0.001,0.000,0.001
5277,-1,0,0.002,0.000,0.002
5278,-1,0,0.003,0.000,0.003
5279,-1,0,0.004,0.000,0.005
5280,-1,0,0.001,0.000,0.001
5281,-1,0,0.000,0.000,0.001
5282,-1,0,0.008,0.000,0.008
5283,-1,0,0.002,0.000,0.003
5284,-1,1,0.001,0.000,0.001
5285,-1,0,0.001,0.000,0.001
5286,-1,1,0.281,0.000,0.281
5287,-1,0,0.009,0.000,0.009
5288,-1,0,0.001,0.000,0.001
5289,-1,0,0.006,0.000,0.006
5290,-1,0,0.001,0.000,0.001
5291,-1,0,0.011,0.000,0.011
5292,-1,0,0.017,0.000,0.017
5293,-1,0,0.091,0.000,0.091
5294,-1,0,0.005,0.000,0.005
5295,-1,0,0.073,0.000,0.073
5296,-1,0,0.004,0.000,0.004
5297,-1,0,0.019,0.000,0.020
5298,-1,0,0.001,0.000,0.001
5299,-1,2,0.002,0.000,0.002
5300,-1,1,0.016,0.000,0.016
5301,-1,0,0.001,0.000,0.001
5302,-1,0,0.009,0.000,0.009
5303,-1,0,0.002,0.000,0.003
5304,-1,0,0.003,0.000,0.003
5305,-1,0,0.001,0.000,0.001
5306,-1,0,0.004,0.000,0.004
5307,-1,6,0.002,0.000,0.002
5308,-1,10,1.627,0.000,1.627
5309,-1,0,0.012,0.000,0.013
5310,-1,2,0.002,0.000,0.002
5311,-1,0,0.001,0.000,0.001
5312,-1,0,0.002,0.000,0.002
5313,-1,0,0.008,0.000,0.008
5314,-1,30,0.005,0.000,0.006
5315,-1,0,0.002,0.000,0.003
5316,-1,0,0.000,0.000,0.001
5317,-1,0,0.001,0.000,0.001
5318,-1,0,0.001,0.000,0.001
5319,-1,24,0.005,0.000,0.005
5320,-1,0,0.001,0.000,0.001
5321,-1,0,0.001,0.000,0.002
5322,-1,0,0.000,0.000,0.001
5323,-1,0,0.001,0.000,0.001
5324,-1,0,0.008,0.000,0.008
5325,-1,0,0.001,0.000,0.001
5326,-1,0,0.001,0.000,0.001
5327,-1,0,0.001,0.000,0.001
5328,-1,0,0.001,0.000,0.001
5329,-1,0,0.173,0.000,0.173
5330,-1,0,0.140,0.000,0.141
5331,-1,0,0.006,0.000,0.006
5332,-1,0,0.006,0.000,0.006
5333,-1,0,0.001,0.000,0.001
5334,-1,0,0.082,0.000,0.082
5335,-1,6,0.003,0.000,0.003
5336,-1,10,1.648,0.000,1.649
5337,-1,0,0.001,0.000,0.001
5338,-1,0,0.001,0.000,0.001
5339,-1,0,0.003,0.000,0.003
5340,-1,1,0.250,0.000,0.250
5341,-1,0,0.001,0.000,0.001
5342,-1,0,0.015,0.000,0.016
5343,-1,0,0.004,0.000,0.004
5344,-1,0,0.001,0.000,0.001
5345,-1,0,0.014,0.000,0.014
5346,-1,0,0.001,0.000,0.001
5347,-1,2,0.002,0.000,0.002
5348,-1,0,0.009,0.000,0.009
5349,-1,0,0.005,0.000,0.005
5350,-1,0,0.003,0.000,0.003
5351,-1,0,0.001,0.000,0.001
5352,-1,0,0.013,0.000,0.013
5353,-1,0,0.001,0.000,0.001
5354,-1,0,0.009,0.000,0.009
5355,-1,0,0.014,0.000,0.014
5356,-1,0,0.010,0.000,0.010
5357,-1,3,0.001,0.000,0.001
5358,-1,0,0.008,0.000,0.009
5359,-1,0,0.029,0.000,0.029
5360,-1,0,0.012,0.000,0.012
5361,-1,0,0.008,0.000,0.008
5362,-1,0,0.011,0.000,0.011
5363,-1,0,0.001,0.000,0.001
5364,-1,0,0.001,0.000,0.001
5365,-1,3,0.001,0.000,0.001
5366,-1,0,0.000,0.000,0.000
5367,-1,0,0.002,0.000,0.002
5368,-1,0,0.037,0.000,0.037
5369,-1,0,0.001,0.000,0.001
5370,-1,0,0.003,0.000,0.003
5371,-1,0,0.001,0.000,0.001
5372,-1,0,0.000,0.000,0.001
5373,-1,0,0.006,0.000,0.006
5374,-1,0,0.005,0.000,0.005
5375,-1,3,0.006,0.000,0.006
5376,-1,0,0.001,0.000,0.001
5377,-1,0,0.006,0.000,0.006
5378,-1,0,0.003,0.000,0.004
5379,-1,0,0.013,0.000,0.013
5380,-1,0,0.005,0.000,0.005
5381,-1,1,0.001,0.000,0.001
5382,-1,0,0.008,0.000,0.008
5383,-1,1,0.101,0.000,0.101
5384,-1,0,0.003,0.000,0.003
5385,-1,0,0.009,0.000,0.009
5386,-1,0,0.009,0.000,0.010
5387,-1,0,0.003,0.000,0.003
5388,-1,0,0.001,0.000,0.001
5389,-1,0,0.009,0.000,0.009
5390,-1,0,0.004,0.000,0.004
5391,-1,0,0.001,0.000,0.001
5392,-1,0,0.000,0.000,0.000
5393,-1,0,0.009,0.000,0.009
5394,-1,0,0.002,0.000,0.002
5395,-1,0,0.003,0.000,0.003
5396,-1,0,0.007,0.000,0.007
5397,-1,0,0.001,0.000,0.001
5398,-1,0,0.000,0.000,0.000
5399,-1,0,0.011,0.000,0.011
5400,-1,10,0.004,0.000,0.004
5401,-1,0,0.002,0.000,0.002
5402,-1,0,0.000,0.000,0.000
5403,-1,0,0.005,0.000,0.005
5404,-1,0,0.002,0.000,0.002
5405,-1,0,0.001,0.000,0.001
5406,-1,0,0.009,0.000,0.009
5407,-1,0,0.001,0.000,0.001
5408,-1,2,0.002,0.000,0.002
5409,-1,0,0.003,0.000,0.003
5410,-1,0,0.001,0.000,0.001
5411,-1,0,0.004,0.000,0.004
5412,-1,0,0.006,0.000,0.006
5413,-1,0,0.001,0.000,0.001
5414,-1,1,0.211,0.000,0.211
5415,-1,0,0.001,0.000,0.001
5416,-1,0,0.027,0.000,0.027
5417,-1,0,0.001,0.000,0.001
5418,-1,20,0.007,0.000,0.007
5419,-1,0,0.014,0.000,0.014
5420,-1,0,0.001,0.000,0.001
5421,-1,0,0.003,0.000,0.003
5422,-1,0,0.001,0.000,0.001
5423,-1,0,0.012,0.000,0.012
5424,-1,0,0.000,0.000,0.000
5425,-1,0,0.001,0.000,0.001
5426,-1,0,0.000,0.000,0.000
5427,-1,0,0.002,0.000,0.002
5428,-1,4,0.002,0.000,0.002
5429,-1,0,0.001,0.000,0.001
5430,-1,0,0.006,0.000,0.006
5431,-1,0,0.006,0.000,0.006
5432,-1,5,0.003,0.000,0.003
5433,-1,0,0.001,0.000,0.001
5434,-1,1,0.593,0.000,0.594
5435,-1,0,0.001,0.000,0.001
5436,-1,0,0.001,0.000,0.001
5437,-1,2,0.002,0.000,0.002
5438,-1,0,0.005,0.000,0.005
5439,-1,0,0.001,0.000,0.001
5440,-1,0,0.001,0.000,0.001
5441,-1,2,0.390,0.000,0.390
5442,-1,0,0.002,0.000,0.002
5443,-1,0,0.001,0.000,0.001
5444,-1,0,0.009,0.000,0.009
5445,-1,0,0.010,0.000,0.010
5446,-1,0,0.010,0.000,0.010
5447,-1,0,0.001,0.000,0.001
5448,-1,0,0.020,0.000,0.020
5449,-1,0,0.002,0.000,0.003
5450,-1,2,0.001,0.000,0.001
5451,-1,0,0.005,0.000,0.005
5452,-1,0,0.065,0.000,0.065
5453,-1,0,0.002,0.000,0.002
5454,-1,0,0.005,0.000,0.006
5455,-1,0,0.001,0.000,0.001
5456,-1,6,0.002,0.000,0.002
5457,-1,0,0.011,0.000,0.012
5458,-1,0,0.003,0.000,0.003
5459,-1,0,0.001,0.000,0.001
5460,-1,6,0.003,0.000,0.003
5461,-1,0,0.001,0.000,0.001
5462,-1,0,0.001,0.000,0.001
5463,-1,0,0.009,0.000,0.009
5464,-1,0,0.005,0.000,0.005
5465,-1,0,0.001,0.000,0.001
5466,-1,0,0.000,0.000,0.001
5467,-1,4,0.002,0.000,0.002
5468,-1,0,0.062,0.000,0.062
5469,-1,0,0.005,0.000,0.005
5470,-1,0,0.001,0.000,0.001
5471,-1,3,0.002,0.000,0.002
5472,-1,0,0.009,0.000,0.009
5473,-1,1,0.060,0.000,0.060
5474,-1,0,0.001,0.000,0.001
5475,-1,0,0.001,0.000,0.001
5476,-1,0,0.012,0.000,0.012
5477,-1,0,0.002,0.000,0.002
5478,-1,0,0.001,0.000,0.001
5479,-1,5,1.128,0.000,1.128
5480,-1,0,0.013,0.000,0.013
5481,-1,0,0.001,0.000,0.001
5482,-1,0,0.001,0.000,0.001
5483,-1,4,0.002,0.000,0.002
5484,-1,0,0.009,0.000,0.009
5485,-1,0,0.001,0.000,0.001
5486,-1,0,0.001,0.000,0.001
5487,-1,0,0.001,0.000,0.001
5488,-1,2,0.001,0.000,0.001
5489,-1,0,0.001,0.000,0.001
5490,-1,1,0.001,0.000,0.001
5491,-1,0,0.014,0.000,0.014
5492,-1,0,0.001,0.000,0.001
5493,-1,4,0.002,0.000,0.002
5494,-1,0,0.001,0.000,0.001
5495,-1,0,0.004,0.000,0.004
5496,-1,0,0.024,0.000,0.024
5497,-1,0,0.001,0.000,0.001
5498,-1,4,0.002,0.000,0.002
5499,-1,0,0.005,0.000,0.005
5500,-1,1,0.001,0.000,0.001
5501,-1,0,0.001,0.000,0.001
5502,-1,0,0.001,0.000,0.001
5503,-1,0,0.201,0.000,0.201
5504,-1,1,0.001,0.000,0.001
5505,-1,0,0.008,0.000,0.008
5506,-1,0,0.012,0.000,0.012
5507,-1,1,0.001,0.000,0.001
5508,-1,0,0.016,0.000,0.016
5509,-1,0,0.032,0.000,0.032
5510,-1,1,0.079,0.000,0.079
5511,-1,0,0.003,0.000,0.003
5512,-1,0,0.004,0.000,0.004
5513,-1,0,0.004,0.000,0.004
5514,-1,0,0.012,0.000,0.012
5515,-1,0,0.002,0.000,0.003
5516,-1,0,0.001,0.000,0.001
5517,-1,34,0.009,0.000,0.009
5518,-1,0,0.010,0.000,0.010
5519,-1,5,0.002,0.000,0.003
5520,-1,0,0.001,0.000,0.001
5521,-1,3,0.002,0.000,0.002
5522,-1,0,0.013,0.000,0.013
5523,-1,0,0.001,0.000,0.001
5524,-1,0,0.014,0.000,0.014
5525,-1,0,0.017,0.000,0.018
5526,-1,0,0.001,0.000,0.001
5527,-1,0,0.001,0.000,0.001
5528,-1,0,0.006,0.000,0.006
5529,-1,0,0.001,0.000,0.001
5530,-1,0,0.001,0.000,0.001
5531,-1,0,0.021,0.000,0.021
5532,-1,0,0.001,0.000,0.001
5533,-1,0,0.011,0.000,0.011
5534,-1,0,0.001,0.000,0.001
5535,-1,0,0.004,0.000,0.004
5536,-1,2,0.002,0.000,0.002
5537,-1,0,0.004,0.000,0.005
5538,-1,0,0.012,0.000,0.012
5539,-1,0,0.004,0.000,0.004
5540,-1,7,0.003,0.000,0.003
5541,-1,0,0.001,0.000,0.001
5542,-1,0,0.001,0.000,0.001
5543,-1,0,0.001,0.000,0.001
5544,-1,0,0.008,0.000,0.008
5545,-1,0,0.011,0.000,0.011
5546,-1,0,0.001,0.000,0.001
5547,-1,2,0.001,0.000,0.001
5548,-1,0,0.001,0.000,0.001
5549,-1,0,0.020,0.000,0.020
5550,-1,0,0.003,0.000,0.003
5551,-1,0,0.004,0.000,0.004
5552,-1,0,0.001,0.000,0.001
5553,-1,0,0.001,0.000,0.001
5554,-1,0,0.001,0.000,0.001
5555,-1,0,0.001,0.000,0.001
5556,-1,0,0.109,0.000,0.109
5557,-1,0,0.026,0.000,0.026
5558,-1,0,0.197,0.000,0.197
5559,-1,0,0.001,0.000,0.001
5560,-1,0,0.070,0.000,0.070
5561,-1,0,0.000,0.000,0.000
5562,-1,10,1.919,0.000,1.919
5563,-1,0,0.014,0.000,0.014
5564,-1,5,1.292,0.000,1.292
5565,-1,0,0.017,0.000,0.017
5566,-1,0,0.001,0.000,0.001
5567,-1,5,1.137,0.000,1.137
5568,-1,0,0.012,0.000,0.012
5569,-1,0,0.068,0.000,0.068
5570,-1,0,0.002,0.000,0.002
5571,-1,0,0.001,0.000,0.001
5572,-1,0,0.002,0.000,0.002
5573,-1,0,0.011,0.000,0.011
5574,-1,0,0.011,0.000,0.011
5575,-1,0,0.013,0.000,0.013
5576,-1,0,0.027,0.000,0.027
5577,-1,1,0.112,0.000,0.112
5578,-1,0,0.001,0.000,0.001
5579,-1,0,0.010,0.000,0.010
5580,-1,0,0.009,0.000,0.010
5581,-1,0,0.003,0.000,0.003
5582,-1,2,0.001,0.000,0.002
5583,-1,5,0.003,0.000,0.003
5584,-1,0,0.001,0.000,0.001
5585,-1,4,0.002,0.000,0.002
5586,-1,0,0.048,0.000,0.048
5587,-1,0,0.342,0.000,0.342
5588,-1,0,0.010,0.000,0.010
5589,-1,0,0.001,0.000,0.001
5590,-1,0,0.005,0.000,0.005
5591,-1,0,0.001,0.000,0.001
5592,-1,1,0.001,0.000,0.001
5593,-1,1,0.533,0.000,0.533
5594,-1,0,0.001,0.000,0.001
5595,-1,0,0.002,0.000,0.003
5596,-1,0,0.082,0.000,0.082
5597,-1,0,0.001,0.000,0.001
5598,-1,0,0.001,0.000,0.001
5599,-1,0,0.004,0.000,0.004
5600,-1,0,0.009,0.000,0.009
5601,-1,4,0.002,0.000,0.002
5602,-1,0,0.004,0.000,0.004
5603,-1,0,0.001,0.000,0.001
5604,-1,0,0.006,0.000,0.006
5605,-1,34,0.006,0.000,0.006
5606,-1,0,0.001,0.000,0.001
5607,-1,46,0.016,0.000,0.016
5608,-1,0,0.009,0.000,0.009
5609,-1,0,0.004,0.000,0.004
5610,-1,10,1.595,0.000,1.596
5611,-1,0,0.005,0.000,0.005
5612,-1,10,1.579,0.000,1.579
5613,-1,0,0.001,0.000,0.001
5614,-1,0,0.008,0.000,0.008
5615,-1,0,0.015,0.000,0.015
5616,-1,0,0.002,0.000,0.002
5617,-1,0,0.001,0.000,0.001
5618,-1,0,0.003,0.000,0.004
5619,-1,0,0.006,0.000,0.007
5620,-1,0,0.005,0.000,0.005
5621,-1,0,0.011,0.000,0.011
5622,-1,0,0.001,0.000,0.001
5623,-1,0,0.001,0.000,0.001
5624,-1,0,0.004,0.000,0.004
5625,-1,0,0.018,0.000,0.019
5626,-1,0,0.050,0.000,0.050
5627,-1,0,0.005,0.000,0.005
5628,-1,0,0.011,0.000,0.011
5629,-1,0,0.001,0.000,0.001
5630,-1,1,0.001,0.000,0.001
5631,-1,5,0.003,0.000,0.003
5632,-1,2,0.001,0.000,0.001
5633,-1,0,0.004,0.000,0.004
5634,-1,0,0.001,0.000,0.001
5635,-1,0,0.004,0.000,0.004
5636,-1,5,0.989,0.000,0.989
5637,-1,0,0.004,0.000,0.004
5638,-1,0,0.045,0.000,0.045
5639,-1,0,0.001,0.000,0.001
5640,-1,2,0.002,0.000,0.002
5641,-1,0,0.004,0.000,0.004
5642,-1,0,0.004,0.000,0.004
5643,-1,0,0.016,0.000,0.016
5644,-1,0,0.000,0.000,0.001
5645,-1,7,0.002,0.000,0.002
5646,-1,0,0.060,0.000,0.060
5647,-1,0,0.004,0.000,0.004
5648,-1,2,0.001,0.000,0.001
5649,-1,0,0.002,0.000,0.002
5650,-1,0,0.002,0.000,0.002
5651,-1,0,0.039,0.000,0.039
5652,-1,0,0.006,0.000,0.006
5653,-1,0,0.005,0.000,0.005
5654,-1,10,0.003,0.000,0.003
5655,-1,0,0.002,0.000,0.002
5656,-1,0,0.001,0.000,0.001
5657,-1,19,0.007,0.000,0.007
5658,-1,0,0.004,0.000,0.004
5659,-1,0,0.011,0.000,0.011
5660,-1,0,0.000,0.000,0.000
5661,-1,0,0.094,0.000,0.094
5662,-1,0,0.009,0.000,0.009
5663,-1,0,0.000,0.000,0.001
5664,-1,1,0.077,0.000,0.077
5665,-1,1,0.001,0.000,0.001
5666,-1,2,0.002,0.000,0.002
5667,-1,0,0.007,0.000,0.007
5668,-1,0,0.000,0.000,0.001
5669,-1,0,0.001,0.000,0.001
5670,-1,0,0.001,0.000,0.001
5671,-1,0,0.001,0.000,0.001
5672,-1,0,0.104,0.000,0.104
5673,-1,0,0.060,0.000,0.060
5674,-1,0,0.010,0.000,0.010
5675,-1,0,0.009,0.000,0.009
5676,-1,0,0.020,0.000,0.020
5677,-1,0,0.001,0.000,0.001
5678,-1,0,0.010,0.000,0.010
5679,-1,0,0.004,0.000,0.004
5680,-1,0,0.001,0.000,0.001
5681,-1,10,1.610,0.000,1.611
5682,-1,0,0.016,0.000,0.016
5683,-1,0,0.001,0.000,0.001
5684,-1,0,0.003,0.000,0.003
5685,-1,0,0.001,0.000,0.001
5686,-1,1,0.001,0.000,0.001
5687,-1,0,0.077,0.000,0.077
5688,-1,0,0.006,0.000,0.006
5689,-1,0,0.001,0.000,0.001
5690,-1,0,0.028,0.000,0.028
5691,-1,0,0.005,0.000,0.005
5692,-1,0,0.020,0.000,0.020
5693,-1,1,0.001,0.000,0.001
5694,-1,4,0.003,0.000,0.003
5695,-1,0,0.017,0.000,0.017
5696,-1,0,0.001,0.000,0.001
5697,-1,0,0.034,0.000,0.034
5698,-1,0,0.007,0.000,0.007
5699,-1,0,0.003,0.000,0.003
5700,-1,1,0.002,0.000,0.002
5701,-1,0,0.007,0.000,0.007
5702,-1,0,0.019,0.000,0.019
5703,-1,0,0.004,0.000,0.004
5704,-1,0,0.001,0.000,0.001
5705,-1,0,0.007,0.000,0.007
5706,-1,0,0.006,0.000,0.006
5707,-1,0,0.003,0.000,0.003
5708,-1,0,0.005,0.000,0.005
5709,-1,0,0.001,0.000,0.001
5710,-1,0,0.053,0.000,0.053
5711,-1,0,0.008,0.000,0.008
5712,-1,0,0.001,0.000,0.001
5713,-1,0,0.002,0.000,0.002
5714,-1,0,0.001,0.000,0.001
5715,-1,0,0.006,0.000,0.006
5716,-1,0,0.001,0.000,0.001
5717,-1,0,0.005,0.000,0.005
5718,-1,0,0.009,0.000,0.009
5719,-1,0,0.006,0.000,0.006
5720,-1,0,0.007,0.000,0.007
5721,-1,0,0.010,0.000,0.010
5722,-1,0,0.010,0.000,0.010
5723,-1,0,0.006,0.000,0.006
5724,-1,0,0.016,0.000,0.016
5725,-1,1,0.315,0.000,0.315
5726,-1,0,0.004,0.000,0.005
5727,-1,0,0.046,0.000,0.046
5728,-1,0,0.001,0.000,0.001
5729,-1,1,0.523,0.000,0.523
5730,-1,5,0.003,0.000,0.003
5731,-1,0,0.001,0.000,0.001
5732,-1,0,0.001,0.000,0.001
5733,-1,0,0.001,0.000,0.001
5734,-1,0,0.007,0.000,0.007
5735,-1,0,0.001,0.000,0.001
5736,-1,0,0.001,0.000,0.001
5737,-1,0,0.001,0.000,0.001
5738,-1,0,0.005,0.000,0.005
5739,-1,0,0.001,0.000,0.001
5740,-1,0,0.001,0.000,0.001
5741,-1,0,0.001,0.000,0.001
5742,-1,4,0.002,0.000,0.002
5743,-1,0,0.002,0.000,0.002
5744,-1,0,0.002,0.000,0.002
5745,-1,0,0.010,0.000,0.010
5746,-1,0,0.001,0.000,0.001
5747,-1,0,0.001,0.000,0.001
5748,-1,10,1.506,0.000,1.506
5749,-1,7,0.002,0.000,0.002
5750,-1,0,0.003,0.000,0.003
5751,-1,0,0.001,0.000,0.001
5752,-1,0,0.014,0.000,0.014
5753,-1,0,0.011,0.000,0.012
5754,-1,0,0.068,0.000,0.068
5755,-1,28,0.005,0.000,0.005
5756,-1,0,0.001,0.000,0.001
5757,-1,0,0.004,0.000,0.004
5758,-1,0,0.001,0.000,0.001
5759,-1,0,0.001,0.000,0.001
5760,-1,0,0.003,0.000,0.003
5761,-1,0,0.004,0.000,0.005
5762,-1,0,0.006,0.000,0.006
5763,-1,5,0.998,0.000,0.999
5764,-1,10,0.004,0.000,0.004
5765,-1,0,0.001,0.000,0.001
5766,-1,0,0.013,0.000,0.013
5767,-1,0,0.007,0.000,0.007
5768,-1,0,0.006,0.000,0.006
5769,-1,1,0.001,0.000,0.001
5770,-1,0,0.007,0.000,0.007
5771,-1,0,0.003,0.000,0.003
5772,-1,0,0.026,0.000,0.026
5773,-1,1,0.001,0.000,0.001
5774,-1,0,0.001,0.000,0.001
5775,-1,0,0.007,0.000,0.007
5776,-1,0,0.010,0.000,0.010
5777,-1,0,0.001,0.000,0.001
5778,-1,0,0.004,0.000,0.004
5779,-1,0,0.004,0.000,0.004
5780,-1,0,0.001,0.000,0.001
5781,-1,0,0.005,0.000,0.005
5782,-1,0,0.001,0.000,0.001
5783,-1,0,0.032,0.000,0.032
5784,-1,0,0.003,0.000,0.003
5785,-1,0,0.001,0.000,0.001
5786,-1,0,0.007,0.000,0.008
5787,-1,0,0.012,0.000,0.012
5788,-1,0,0.010,0.000,0.010
5789,-1,0,0.009,0.000,0.009
5790,-1,0,0.035,0.000,0.035
5791,-1,5,1.004,0.000,1.004
5792,-1,0,0.003,0.000,0.003
5793,-1,0,0.001,0.000,0.001
5794,-1,1,0.476,0.000,0.476
5795,-1,0,0.004,0.000,0.004
5796,-1,0,0.003,0.000,0.003
5797,-1,0,0.004,0.000,0.004
5798,-1,2,0.002,0.000,0.002
5799,-1,6,0.003,0.000,0.003
5800,-1,0,0.004,0.000,0.004
5801,-1,0,0.009,0.000,0.009
5802,-1,0,0.023,0.000,0.023
5803,-1,1,0.120,0.000,0.120
5804,-1,0,0.008,0.000,0.008
5805,-1,0,0.014,0.000,0.014
5806,-1,1,0.312,0.000,0.312
5807,-1,0,0.030,0.000,0.030
5808,-1,0,0.009,0.000,0.009
5809,-1,0,0.001,0.000,0.001
5810,-1,3,0.002,0.000,0.002
5811,-1,0,0.007,0.000,0.008
5812,-1,0,0.001,0.000,0.001
5813,-1,0,0.001,0.000,0.001
5814,-1,5,0.003,0.000,0.003
5815,-1,0,0.001,0.000,0.001
5816,-1,2,0.002,0.000,0.002
5817,-1,1,0.001,0.000,0.001
5818,-1,0,0.006,0.000,0.006
5819,-1,3,0.002,0.000,0.002
5820,-1,0,0.001,0.000,0.001
5821,-1,0,0.000,0.000,0.001
5822,-1,0,0.005,0.000,0.005
5823,-1,0,0.006,0.000,0.006
5824,-1,0,0.002,0.000,0.002
5825,-1,0,0.141,0.000,0.141
5826,-1,0,0.004,0.000,0.004
5827,-1,0,0.001,0.000,0.001
5828,-1,2,1.016,0.000,1.016
5829,-1,0,0.005,0.000,0.005
5830,-1,0,0.006,0.000,0.006
5831,-1,1,0.001,0.000,0.001
5832,-1,0,0.002,0.000,0.002
5833,-1,1,0.001,0.000,0.001
5834,-1,0,0.001,0.000,0.001
5835,-1,0,0.001,0.000,0.001
5836,-1,10,1.701,0.000,1.701
5837,-1,0,0.006,0.000,0.006
5838,-1,0,0.001,0.000,0.001
5839,-1,0,0.019,0.000,0.019
5840,-1,0,0.006,0.000,0.006
5841,-1,0,0.001,0.000,0.001
5842,-1,0,0.001,0.000,0.001
5843,-1,0,0.004,0.000,0.004
5844,-1,1,0.015,0.000,0.015
5845,-1,0,0.001,0.000,0.001
5846,-1,0,0.001,0.000,0.001
5847,-1,0,0.018,0.000,0.018
5848,-1,0,0.001,0.000,0.001
5849,-1,0,0.001,0.000,0.001
5850,-1,1,0.001,0.000,0.001
5851,-1,2,0.002,0.000,0.002
5852,-1,1,0.029,0.000,0.029
5853,-1,0,0.006,0.000,0.006
5854,-1,0,0.001,0.000,0.001
5855,-1,7,0.003,0.000,0.003
5856,-1,0,0.003,0.000,0.003
5857,-1,2,0.001,0.000,0.001
5858,-1,0,0.010,0.000,0.010
5859,-1,0,0.014,0.000,0.014
5860,-1,0,0.001,0.000,0.001
5861,-1,0,0.002,0.000,0.002
5862,-1,0,0.001,0.000,0.001
5863,-1,1,0.020,0.000,0.020
5864,-1,0,0.370,0.000,0.370
5865,-1,0,0.001,0.000,0.001
5866,-1,0,0.057,0.000,0.057
5867,-1,0,0.008,0.000,0.008
5868,-1,3,0.002,0.000,0.002
5869,-1,0,0.013,0.000,0.013
5870,-1,0,0.001,0.000,0.001
5871,-1,0,0.008,0.000,0.008
5872,-1,0,0.005,0.000,0.005
5873,-1,0,0.000,0.000,0.000
5874,-1,0,0.001,0.000,0.001
5875,-1,0,0.001,0.000,0.001
5876,-1,32,0.011,0.000,0.011
5877,-1,0,0.005,0.000,0.005
5878,-1,1,0.013,0.000,0.013
5879,-1,0,0.003,0.000,0.003
5880,-1,0,0.015,0.000,0.015
5881,-1,0,0.001,0.000,0.001
5882,-1,0,0.051,0.000,0.051
5883,-1,0,0.001,0.000,0.001
5884,-1,0,0.001,0.000,0.001
5885,-1,0,0.030,0.000,0.030
5886,-1,0,0.011,0.000,0.011
5887,-1,4,0.003,0.000,0.003
5888,-1,0,0.004,0.000,0.004
5889,-1,0,0.012,0.000,0.012
5890,-1,0,0.001,0.000,0.001
5891,-1,0,0.001,0.000,0.001
5892,-1,0,0.003,0.000,0.003
5893,-1,0,0.011,0.000,0.011
5894,-1,0,0.020,0.000,0.020
5895,-1,0,0.001,0.000,0.001
5896,-1,0,0.005,0.000,0.005
5897,-1,5,1.026,0.000,1.026
5898,-1,0,0.003,0.000,0.003
5899,-1,0,0.001,0.000,0.001
5900,-1,0,0.001,0.000,0.001
5901,-1,0,0.001,0.000,0.001
5902,-1,1,0.001,0.000,0.001
5903,-1,0,0.001,0.000,0.001
5904,-1,1,0.001,0.000,0.001
5905,-1,0,0.012,0.000,0.012
5906,-1,0,0.008,0.000,0.008
5907,-1,0,0.004,0.000,0.004
5908,-1,0,0.003,0.000,0.004
5909,-1,1,0.007,0.000,0.008
5910,-1,0,0.004,0.000,0.004
5911,-1,0,0.002,0.000,0.002
5912,-1,0,0.001,0.000,0.001
5913,-1,0,0.001,0.000,0.001
5914,-1,0,0.001,0.000,0.001
5915,-1,0,0.008,0.000,0.008
5916,-1,1,0.075,0.000,0.075
5917,-1,4,0.002,0.000,0.002
5918,-1,0,0.004,0.000,0.004
5919,-1,0,0.003,0.000,0.003
5920,-1,3,0.002,0.000,0.002
5921,-1,0,0.001,0.000,0.001
5922,-1,0,0.001,0.000,0.001
5923,-1,0,0.004,0.000,0.004
5924,-1,4,0.002,0.000,0.002
5925,-1,0,0.134,0.000,0.134
5926,-1,0,0.064,0.000,0.064
5927,-1,0,0.000,0.000,0.001
5928,-1,0,0.009,0.000,0.009
5929,-1,0,0.021,0.000,0.021
5930,-1,0,0.005,0.000,0.005
5931,-1,0,0.011,0.000,0.011
5932,-1,0,0.009,0.000,0.009
5933,-1,0,0.001,0.000,0.001
5934,-1,0,0.001,0.000,0.001
5935,-1,1,0.208,0.000,0.208
5936,-1,0,0.013,0.000,0.013
5937,-1,0,0.042,0.000,0.042
5938,-1,0,0.009,0.000,0.009
5939,-1,5,0.002,0.000,0.002
5940,-1,0,0.001,0.000,0.001
5941,-1,2,0.213,0.000,0.213
5942,-1,0,0.000,0.000,0.001
5943,-1,0,0.004,0.000,0.004
5944,-1,15,0.005,0.000,0.005
5945,-1,0,0.000,0.000,0.001
5946,-1,0,0.001,0.000,0.001
5947,-1,0,0.003,0.000,0.003
5948,-1,0,0.001,0.000,0.001
5949,-1,0,0.001,0.000,0.001
5950,-1,0,0.003,0.000,0.003
5951,-1,0,0.001,0.000,0.001
5952,-1,0,0.003,0.000,0.003
5953,-1,0,0.006,0.000,0.006
5954,-1,0,0.001,0.000,0.001
5955,-1,0,0.004,0.000,0.004
5956,-1,0,0.001,0.000,0.001
5957,-1,0,0.001,0.000,0.001
5958,-1,0,0.001,0.000,0.001
5959,-1,0,0.015,0.000,0.015
5960,-1,0,0.001,0.000,0.001
5961,-1,0,0.002,0.000,0.002
5962,-1,0,0.001,0.000,0.001
5963,-1,0,0.007,0.000,0.007
5964,-1,0,0.001,0.000,0.001
5965,-1,0,0.001,0.000,0.001
5966,-1,0,0.016,0.000,0.016
5967,-1,0,0.000,0.000,0.001
5968,-1,0,0.041,0.000,0.041
5969,-1,0,0.003,0.000,0.003
5970,-1,0,0.001,0.000,0.001
5971,-1,0,0.001,0.000,0.001
5972,-1,0,0.005,0.000,0.005
5973,-1,1,0.199,0.000,0.199
5974,-1,0,0.001,0.000,0.001
5975,-1,0,0.040,0.000,0.040
5976,-1,0,0.004,0.000,0.004
5977,-1,0,0.005,0.000,0.005
5978,-1,3,0.001,0.000,0.001
5979,-1,0,0.011,0.000,0.011
5980,-1,0,0.001,0.000,0.001
5981,-1,0,0.004,0.000,0.004
5982,-1,1,0.010,0.000,0.010
5983,-1,0,0.001,0.000,0.001
5984,-1,0,0.008,0.000,0.008
5985,-1,0,0.001,0.000,0.001
5986,-1,2,0.001,0.000,0.001
5987,-1,0,0.016,0.000,0.016
5988,-1,0,0.004,0.000,0.004
5989,-1,0,0.003,0.000,0.003
5990,-1,0,0.000,0.000,0.001
5991,-1,0,0.007,0.000,0.007
5992,-1,1,0.001,0.000,0.001
5993,-1,0,0.004,0.000,0.004
5994,-1,0,0.000,0.000,0.000
5995,-1,0,0.001,0.000,0.001
5996,-1,0,0.000,0.000,0.000
5997,-1,0,0.002,0.000,0.002
5998,-1,0,0.000,0.000,0.001
5999,-1,0,0.003,0.000,0.003
6000,-1,0,0.027,0.000,0.027
6001,-1,0,0.000,0.000,0.001
6002,-1,0,0.005,0.000,0.005
6003,-1,0,0.062,0.000,0.062
6004,-1,0,0.001,0.000,0.001
6005,-1,0,0.001,0.000,0.001
6006,-1,4,0.002,0.000,0.002
6007,-1,0,0.002,0.000,0.002
6008,-1,1,0.001,0.000,0.001
6009,-1,0,0.001,0.000,0.001
6010,-1,0,0.005,0.000,0.005
6011,-1,0,0.001,0.000,0.001
6012,-1,0,0.001,0.000,0.001
6013,-1,0,0.001,0.000,0.001
6014,-1,0,0.003,0.000,0.003
6015,-1,2,0.001,0.000,0.001
6016,-1,0,0.000,0.000,0.001
6017,-1,0,0.013,0.000,0.013
6018,-1,0,0.002,0.000,0.002
6019,-1,0,0.002,0.000,0.002
6020,-1,1,0.001,0.000,0.001
6021,-1,0,0.001,0.000,0.001
6022,-1,0,0.010,0.000,0.010
6023,-1,1,0.177,0.000,0.177
6024,-1,0,0.009,0.000,0.009
6025,-1,0,0.005,0.000,0.005
6026,-1,0,0.002,0.000,0.002
6027,-1,0,0.001,0.000,0.001
6028,-1,0,0.001,0.000,0.001
6029,-1,0,0.007,0.000,0.007
6030,-1,0,0.001,0.000,0.001
6031,-1,0,0.001,0.000,0.001
6032,-1,0,0.001,0.000,0.001
6033,-1,0,0.003,0.000,0.003
6034,-1,0,0.005,0.000,0.005
6035,-1,0,0.001,0.000,0.001
6036,-1,1,0.016,0.000,0.016
6037,-1,1,0.162,0.000,0.162
6038,-1,0,0.001,0.000,0.001
6039,-1,0,0.016,0.000,0.016
6040,-1,0,0.001,0.000,0.001
6041,-1,0,0.009,0.000,0.009
6042,-1,0,0.003,0.000,0.003
6043,-1,0,0.005,0.000,0.005
6044,-1,0,0.008,0.000,0.009
6045,-1,0,0.020,0.000,0.020
6046,-1,0,0.009,0.000,0.009
6047,-1,2,0.001,0.000,0.001
6048,-1,0,0.003,0.000,0.003
6049,-1,0,0.002,0.000,0.002
6050,-1,0,0.007,0.000,0.007
6051,-1,0,0.001,0.000,0.001
6052,-1,0,0.001,0.000,0.001
6053,-1,1,0.001,0.000,0.001
6054,-1,4,0.002,0.000,0.002
6055,-1,0,0.012,0.000,0.013
6056,-1,0,0.038,0.000,0.038
6057,-1,0,0.001,0.000,0.001
6058,-1,0,0.001,0.000,0.001
6059,-1,0,0.001,0.000,0.001
6060,-1,0,0.001,0.000,0.001
6061,-1,0,0.005,0.000,0.005
6062,-1,0,0.000,0.000,0.000
6063,-1,0,0.011,0.000,0.011
6064,-1,5,0.002,0.000,0.002
6065,-1,0,0.008,0.000,0.008
6066,-1,0,0.059,0.000,0.059
6067,-1,0,0.004,0.000,0.004
6068,-1,0,0.094,0.000,0.094
6069,-1,4,0.002,0.000,0.002
6070,-1,0,0.000,0.000,0.001
6071,-1,0,0.008,0.000,0.008
6072,-1,0,0.001,0.000,0.001
6073,-1,3,0.003,0.000,0.003
6074,-1,0,0.001,0.000,0.001
6075,-1,0,0.003,0.000,0.003
6076,-1,0,0.004,0.000,0.004
6077,-1,0,0.001,0.000,0.001
6078,-1,5,0.002,0.000,0.002
6079,-1,0,0.001,0.000,0.001
6080,-1,0,0.059,0.000,0.059
6081,-1,0,0.001,0.000,0.001
6082,-1,0,0.001,0.000,0.001
6083,-1,0,0.004,0.000,0.004
6084,-1,0,0.008,0.000,0.008
6085,-1,0,0.002,0.000,0.002
6086,-1,0,0.001,0.000,0.001
6087,-1,0,0.010,0.000,0.010
6088,-1,11,0.004,0.000,0.004
6089,-1,0,0.001,0.000,0.001
6090,-1,5,0.003,0.000,0.003
6091,-1,0,0.001,0.000,0.002
6092,-1,0,0.002,0.000,0.002
6093,-1,0,0.007,0.000,0.007
6094,-1,0,0.000,0.000,0.001
6095,-1,32,0.005,0.000,0.005
6096,-1,1,0.001,0.000,0.001
6097,-1,0,0.000,0.000,0.001
6098,-1,0,0.118,0.000,0.118
6099,-1,2,0.001,0.000,0.001
6100,-1,0,0.012,0.000,0.012
6101,-1,0,0.004,0.000,0.004
6102,-1,0,0.012,0.000,0.012
6103,-1,0,0.001,0.000,0.001
6104,-1,0,0.003,0.000,0.003
6105,-1,1,0.001,0.000,0.001
6106,-1,0,0.012,0.000,0.012
6107,-1,0,0.001,0.000,0.001
6108,-1,0,0.001,0.000,0.001
6109,-1,0,0.001,0.000,0.001
6110,-1,0,0.007,0.000,0.007
6111,-1,4,0.503,0.000,0.503
6112,-1,0,0.014,0.000,0.014
6113,-1,5,0.002,0.000,0.002
6114,-1,0,0.003,0.000,0.003
6115,-1,0,0.129,0.000,0.129
6116,-1,7,0.002,0.000,0.003
6117,-1,0,0.017,0.000,0.017
6118,-1,0,0.034,0.000,0.035
6119,-1,0,0.001,0.000,0.001
6120,-1,1,0.001,0.000,0.001
6121,-1,0,0.008,0.000,0.008
6122,-1,0,0.004,0.000,0.004
6123,-1,0,0.001,0.000,0.001
6124,-1,0,0.001,0.000,0.001
6125,-1,0,0.001,0.000,0.001
6126,-1,0,0.001,0.000,0.001
6127,-1,0,0.023,0.000,0.024
6128,-1,0,0.003,0.000,0.004
6129,-1,0,0.072,0.000,0.072
6130,-1,0,0.003,0.000,0.003
6131,-1,0,0.001,0.000,0.001
6132,-1,0,0.002,0.000,0.002
6133,-1,0,0.000,0.000,0.000
6134,-1,0,0.093,0.000,0.093
6135,-1,0,0.004,0.000,0.004
6136,-1,0,0.008,0.000,0.008
6137,-1,0,0.000,0.000,0.000
6138,-1,0,0.004,0.000,0.004
6139,-1,4,0.001,0.000,0.001
6140,-1,0,0.004,0.000,0.004
6141,-1,0,0.003,0.000,0.003
6142,-1,0,0.009,0.000,0.009
6143,-1,0,0.002,0.000,0.003
6144,-1,5,0.003,0.000,0.003
6145,-1,0,0.002,0.000,0.002
6146,-1,0,0.003,0.000,0.004
6147,-1,0,0.001,0.000,0.001
6148,-1,0,0.003,0.000,0.003
6149,-1,0,0.003,0.000,0.003
6150,-1,0,0.003,0.000,0.003
6151,-1,3,0.002,0.000,0.002
6152,-1,0,0.006,0.000,0.006
6153,-1,1,0.008,0.000,0.008
6154,-1,2,0.001,0.000,0.001
6155,-1,0,0.013,0.000,0.013
6156,-1,0,0.001,0.000,0.001
6157,-1,0,0.001,0.000,0.001
6158,-1,0,0.007,0.000,0.007
6159,-1,0,0.001,0.000,0.001
6160,-1,4,0.638,0.000,0.638
6161,-1,0,0.001,0.000,0.001
6162,-1,0,0.043,0.000,0.043
6163,-1,0,0.001,0.000,0.001
6164,-1,0,0.004,0.000,0.004
6165,-1,0,0.003,0.000,0.003
6166,-1,0,0.001,0.000,0.001
6167,-1,0,0.001,0.000,0.001
6168,-1,0,0.018,0.000,0.019
6169,-1,0,0.015,0.000,0.015
6170,-1,0,0.002,0.000,0.002
6171,-1,0,0.010,0.000,0.010
6172,-1,0,0.005,0.000,0.005
6173,-1,0,0.000,0.000,0.000
6174,-1,0,0.010,0.000,0.011
6175,-1,0,0.001,0.000,0.001
6176,-1,0,0.001,0.000,0.001
6177,-1,0,0.113,0.000,0.113
6178,-1,0,0.027,0.000,0.027
6179,-1,3,0.002,0.000,0.002
6180,-1,0,0.018,0.000,0.019
6181,-1,0,0.026,0.000,0.027
6182,-1,0,0.001,0.000,0.001
6183,-1,0,0.001,0.000,0.001
6184,-1,0,0.000,0.000,0.000
6185,-1,0,0.001,0.000,0.001
6186,-1,0,0.010,0.000,0.010
6187,-1,2,0.001,0.000,0.001
6188,-1,0,0.005,0.000,0.005
6189,-1,1,0.010,0.000,0.010
6190,-1,0,0.004,0.000,0.004
6191,-1,0,0.003,0.000,0.004
6192,-1,0,0.001,0.000,0.001
6193,-1,3,0.002,0.000,0.002
6194,-1,0,0.001,0.000,0.001
6195,-1,1,0.001,0.000,0.001
6196,-1,1,0.167,0.000,0.167
6197,-1,0,0.001,0.000,0.001
6198,-1,1,0.165,0.000,0.165
6199,-1,0,0.000,0.000,0.000
6200,-1,0,0.003,0.000,0.003
6201,-1,0,0.001,0.000,0.001
6202,-1,0,0.005,0.000,0.005
6203,-1,1,0.127,0.000,0.127
6204,-1,0,0.001,0.000,0.001
6205,-1,0,0.001,0.000,0.001
6206,-1,0,0.008,0.000,0.008
6207,-1,1,0.448,0.000,0.448
6208,-1,0,0.006,0.000,0.006
6209,-1,0,0.001,0.000,0.001
6210,-1,0,0.001,0.000,0.001
6211,-1,0,0.001,0.000,0.001
6212,-1,0,0.001,0.000,0.001
6213,-1,0,0.009,0.000,0.009
6214,-1,0,0.002,0.000,0.002
6215,-1,0,0.001,0.000,0.001
6216,-1,0,0.013,0.000,0.013
6217,-1,0,0.001,0.000,0.001
6218,-1,0,0.001,0.000,0.001
6219,-1,0,0.001,0.000,0.001
6220,-1,0,0.061,0.000,0.061
6221,-1,0,0.001,0.000,0.001
6222,-1,6,0.002,0.000,0.002
6223,-1,0,0.209,0.000,0.209
6224,-1,0,0.014,0.000,0.014
6225,-1,0,0.001,0.000,0.001
6226,-1,5,0.003,0.000,0.003
6227,-1,0,0.003,0.000,0.003
6228,-1,0,0.026,0.000,0.026
6229,-1,0,0.003,0.000,0.003
6230,-1,0,0.015,0.000,0.015
6231,-1,0,0.013,0.000,0.013
6232,-1,0,0.005,0.000,0.005
6233,-1,1,0.001,0.000,0.001
6234,-1,0,0.001,0.000,0.001
6235,-1,0,0.003,0.000,0.003
6236,-1,0,0.001,0.000,0.001
6237,-1,0,0.003,0.000,0.003
6238,-1,0,0.004,0.000,0.004
6239,-1,2,0.002,0.000,0.002
6240,-1,0,0.002,0.000,0.002
6241,-1,0,0.001,0.000,0.001
6242,-1,0,0.003,0.000,0.003
6243,-1,1,0.001,0.000,0.001
6244,-1,0,0.007,0.000,0.007
6245,-1,4,0.642,0.000,0.643
6246,-1,0,0.001,0.000,0.001
6247,-1,0,0.001,0.000,0.001
6248,-1,0,0.001,0.000,0.001
6249,-1,0,0.001,0.000,0.001
6250,-1,0,0.001,0.000,0.001
6251,-1,0,0.002,0.000,0.002
6252,-1,0,0.222,0.000,0.223
6253,-1,0,0.001,0.000,0.001
6254,-1,0,0.066,0.000,0.066
6255,-1,0,0.004,0.000,0.004
6256,-1,2,0.001,0.000,0.002
6257,-1,1,0.001,0.000,0.001
6258,-1,1,0.001,0.000,0.001
6259,-1,0,0.001,0.000,0.001
6260,-1,22,0.005,0.000,0.005
6261,-1,0,0.001,0.000,0.001
6262,-1,0,0.004,0.000,0.004
6263,-1,0,0.017,0.000,0.017
6264,-1,5,0.004,0.000,0.004
6265,-1,0,0.001,0.000,0.001
6266,-1,0,0.219,0.000,0.219
6267,-1,0,0.001,0.000,0.001
6268,-1,0,0.004,0.000,0.004
6269,-1,0,0.005,0.000,0.005
6270,-1,0,0.001,0.000,0.001
6271,-1,0,0.004,0.000,0.004
6272,-1,0,0.002,0.000,0.003
6273,-1,0,0.004,0.000,0.004
6274,-1,0,0.001,0.000,0.001
6275,-1,0,0.000,0.000,0.001
6276,-1,0,0.001,0.000,0.001
6277,-1,0,0.005,0.000,0.005
6278,-1,0,0.001,0.000,0.001
6279,-1,0,0.005,0.000,0.005
6280,-1,0,0.003,0.000,0.003
6281,-1,0,0.000,0.000,0.001
6282,-1,0,0.001,0.000,0.001
6283,-1,0,0.001,0.000,0.001
6284,-1,0,0.005,0.000,0.005
6285,-1,0,0.049,0.000,0.049
6286,-1,0,0.001,0.000,0.001
6287,-1,0,0.004,0.000,0.004
6288,-1,0,0.018,0.000,0.018
6289,-1,0,0.010,0.000,0.011
6290,-1,0,0.001,0.000,0.001
6291,-1,2,0.001,0.000,0.001
6292,-1,0,0.003,0.000,0.003
6293,-1,0,0.049,0.000,0.049
6294,-1,0,0.001,0.000,0.001
6295,-1,0,0.011,0.000,0.011
6296,-1,0,0.001,0.000,0.001
6297,-1,0,0.013,0.000,0.013
6298,-1,0,0.004,0.000,0.004
6299,-1,2,0.001,0.000,0.002
6300,-1,0,0.001,0.000,0.001
6301,-1,0,0.002,0.000,0.003
6302,-1,0,0.003,0.000,0.003
6303,-1,0,0.003,0.000,0.004
6304,-1,0,0.005,0.000,0.005
6305,-1,0,0.001,0.000,0.001
6306,-1,2,0.950,0.000,0.951
6307,-1,0,0.001,0.000,0.001
6308,-1,6,0.003,0.000,0.003
6309,-1,0,0.001,0.000,0.001
6310,-1,0,0.001,0.000,0.001
6311,-1,0,0.001,0.000,0.001
6312,-1,0,0.003,0.000,0.003
6313,-1,0,0.003,0.000,0.003
6314,-1,0,0.004,0.000,0.004
6315,-1,1,0.001,0.000,0.001
6316,-1,3,0.001,0.000,0.001
6317,-1,0,0.006,0.000,0.006
6318,-1,0,0.001,0.000,0.001
6319,-1,0,0.018,0.000,0.018
6320,-1,0,0.004,0.000,0.004
6321,-1,0,0.006,0.000,0.006
6322,-1,0,0.048,0.000,0.048
6323,-1,1,0.063,0.000,0.063
6324,-1,0,0.003,0.000,0.003
6325,-1,0,0.003,0.000,0.003
6326,-1,0,0.001,0.000,0.001
6327,-1,0,0.009,0.000,0.009
6328,-1,0,0.010,0.000,0.011
6329,-1,0,0.001,0.000,0.001
6330,-1,0,0.001,0.000,0.001
6331,-1,10,1.709,0.000,1.709
6332,-1,0,0.001,0.000,0.001
6333,-1,1,0.005,0.000,0.005
6334,-1,0,0.004,0.000,0.004
6335,-1,0,0.010,0.000,0.010
6336,-1,0,0.009,0.000,0.009
6337,-1,3,0.002,0.000,0.002
6338,-1,0,0.001,0.000,0.001
6339,-1,0,0.001,0.000,0.001
6340,-1,4,0.002,0.000,0.002
6341,-1,0,0.094,0.000,0.094
6342,-1,0,0.005,0.000,0.005
6343,-1,0,0.006,0.000,0.006
6344,-1,0,0.004,0.000,0.004
6345,-1,0,0.004,0.000,0.004
6346,-1,0,0.150,0.000,0.150
6347,-1,4,0.002,0.000,0.002
6348,-1,0,0.005,0.000,0.005
6349,-1,0,0.004,0.000,0.004
6350,-1,0,0.001,0.000,0.001
6351,-1,7,0.002,0.000,0.002
6352,-1,0,0.003,0.000,0.003
6353,-1,4,0.002,0.000,0.002
6354,-1,0,0.013,0.000,0.013
6355,-1,0,0.001,0.000,0.001
6356,-1,0,0.005,0.000,0.005
6357,-1,0,0.009,0.000,0.009
6358,-1,0,0.001,0.000,0.001
6359,-1,0,0.001,0.000,0.001
6360,-1,1,0.013,0.000,0.013
6361,-1,0,0.012,0.000,0.013
6362,-1,0,0.052,0.000,0.052
6363,-1,0,0.011,0.000,0.011
6364,-1,0,0.001,0.000,0.001
6365,-1,5,0.952,0.000,0.952
6366,-1,0,0.001,0.000,0.001
6367,-1,0,0.007,0.000,0.007
6368,-1,0,0.001,0.000,0.001
6369,-1,0,0.001,0.000,0.002
6370,-1,0,0.006,0.000,0.006
6371,-1,0,0.003,0.000,0.003
6372,-1,0,0.006,0.000,0.006
6373,-1,0,0.005,0.000,0.005
6374,-1,0,0.008,0.000,0.008
6375,-1,5,0.002,0.000,0.002
6376,-1,1,0.046,0.000,0.046
6377,-1,0,0.001,0.000,0.001
6378,-1,4,0.002,0.000,0.002
6379,-1,0,0.001,0.000,0.001
6380,-1,0,0.003,0.000,0.003
6381,-1,0,0.003,0.000,0.003
6382,-1,0,0.001,0.000,0.001
6383,-1,0,0.001,0.000,0.001
6384,-1,3,0.002,0.000,0.002
6385,-1,32,0.009,0.000,0.009
6386,-1,0,0.038,0.000,0.038
6387,-1,2,0.904,0.000,0.904
6388,-1,0,0.013,0.000,0.014
6389,-1,0,0.012,0.000,0.012
6390,-1,0,0.106,0.000,0.106
6391,-1,0,0.005,0.000,0.005
6392,-1,0,0.005,0.000,0.005
6393,-1,0,0.005,0.000,0.005
6394,-1,0,0.007,0.000,0.007
6395,-1,0,0.004,0.000,0.004
6396,-1,0,0.003,0.000,0.003
6397,-1,0,0.000,0.000,0.000
6398,-1,0,0.017,0.000,0.017
6399,-1,2,0.007,0.000,0.007
6400,-1,2,0.001,0.000,0.001
6401,-1,2,0.001,0.000,0.001
6402,-1,0,0.002,0.000,0.003
6403,-1,0,0.011,0.000,0.011
6404,-1,0,0.026,0.000,0.026
6405,-1,0,0.001,0.000,0.001
6406,-1,0,0.001,0.000,0.001
6407,-1,0,0.005,0.000,0.005
6408,-1,0,0.018,0.000,0.018
6409,-1,0,0.013,0.000,0.013
6410,-1,0,0.005,0.000,0.005
6411,-1,0,0.001,0.000,0.001
6412,-1,0,0.002,0.000,0.002
6413,-1,0,0.002,0.000,0.002
6414,-1,2,0.951,0.000,0.951
6415,-1,170,0.043,0.000,0.043
6416,-1,0,0.001,0.000,0.001
6417,-1,84,0.018,0.000,0.018
6418,-1,0,0.001,0.000,0.001
6419,-1,0,0.011,0.000,0.011
6420,-1,0,0.002,0.000,0.002
6421,-1,0,0.004,0.000,0.004
6422,-1,0,0.009,0.000,0.010
6423,-1,0,0.005,0.000,0.005
6424,-1,0,0.234,0.000,0.234
6425,-1,0,0.002,0.000,0.002
6426,-1,0,0.002,0.000,0.003
6427,-1,0,0.001,0.000,0.001
6428,-1,0,0.001,0.000,0.001
6429,-1,0,0.011,0.000,0.012
6430,-1,30,0.005,0.000,0.005
6431,-1,0,0.002,0.000,0.002
6432,-1,0,0.024,0.000,0.024
6433,-1,0,0.001,0.000,0.001
6434,-1,0,0.016,0.000,0.016
6435,-1,0,0.014,0.000,0.014
6436,-1,0,0.014,0.000,0.014
6437,-1,0,0.000,0.000,0.001
6438,-1,1,0.064,0.000,0.064
6439,-1,0,0.001,0.000,0.001
6440,-1,0,0.170,0.000,0.170
6441,-1,0,0.001,0.000,0.001
6442,-1,0,0.027,0.000,0.027
6443,-1,0,0.001,0.000,0.001
6444,-1,0,0.003,0.000,0.003
6445,-1,0,0.005,0.000,0.005
6446,-1,0,0.017,0.000,0.017
6447,-1,0,0.216,0.000,0.216
6448,-1,1,0.001,0.000,0.001
6449,-1,0,0.003,0.000,0.003
6450,-1,0,0.006,0.000,0.006
6451,-1,0,0.001,0.000,0.001
6452,-1,5,1.072,0.000,1.072
6453,-1,0,0.001,0.000,0.001
6454,-1,0,0.001,0.000,0.001
6455,-1,0,0.001,0.000,0.001
6456,-1,0,0.014,0.000,0.014
6457,-1,0,0.031,0.000,0.032
6458,-1,0,0.004,0.000,0.004
6459,-1,0,0.063,0.000,0.063
6460,-1,0,0.003,0.000,0.003
6461,-1,0,0.003,0.000,0.004
6462,-1,0,0.001,0.000,0.001
6463,-1,1,0.065,0.000,0.066
6464,-1,0,0.003,0.000,0.003
6465,-1,0,0.001,0.000,0.001
6466,-1,1,0.183,0.000,0.183
6467,-1,0,0.013,0.000,0.013
6468,-1,0,0.016,0.000,0.016
6469,-1,0,0.001,0.000,0.001
6470,-1,0,0.012,0.000,0.012
6471,-1,1,0.290,0.000,0.290
6472,-1,0,0.001,0.000,0.001
6473,-1,0,0.001,0.000,0.001
6474,-1,0,0.019,0.000,0.019
6475,-1,0,0.010,0.000,0.010
6476,-1,0,0.001,0.000,0.001
6477,-1,5,1.038,0.000,1.038
6478,-1,1,0.010,0.000,0.010
6479,-1,0,0.004,0.000,0.004
6480,-1,0,0.002,0.000,0.002
6481,-1,0,0.024,0.000,0.024
6482,-1,0,0.005,0.000,0.005
6483,-1,0,0.002,0.000,0.002
6484,-1,0,0.006,0.000,0.006
6485,-1,0,0.002,0.000,0.003
6486,-1,0,0.017,0.000,0.017
6487,-1,0,0.005,0.000,0.005
6488,-1,0,0.011,0.000,0.011
6489,-1,0,0.001,0.000,0.001
6490,-1,0,0.114,0.000,0.114
6491,-1,0,0.016,0.000,0.016
6492,-1,1,0.092,0.000,0.092
6493,-1,0,0.003,0.000,0.003
6494,-1,0,0.003,0.000,0.003
6495,-1,0,0.001,0.000,0.001
6496,-1,0,0.001,0.000,0.001
6497,-1,7,0.003,0.000,0.003
6498,-1,0,0.001,0.000,0.001
6499,-1,0,0.001,0.000,0.001
6500,-1,0,0.009,0.000,0.009
6501,-1,0,0.001,0.000,0.001
6502,-1,5,0.002,0.000,0.002
6503,-1,0,0.006,0.000,0.006
6504,-1,0,0.008,0.000,0.008
6505,-1,0,0.001,0.000,0.001
6506,-1,0,0.001,0.000,0.001
6507,-1,0,0.001,0.000,0.001
6508,-1,0,0.004,0.000,0.004
6509,-1,0,0.001,0.000,0.001
6510,-1,0,0.005,0.000,0.005
6511,-1,0,0.006,0.000,0.006
6512,-1,0,0.002,0.000,0.002
6513,-1,0,0.000,0.000,0.000
6514,-1,0,0.000,0.000,0.001
6515,-1,0,0.001,0.000,0.001
6516,-1,0,0.001,0.000,0.001
6517,-1,2,0.002,0.000,0.002
6518,-1,0,0.003,0.000,0.003
6519,-1,0,0.006,0.000,0.006
6520,-1,0,0.000,0.000,0.000
6521,-1,27,0.005,0.000,0.005
6522,-1,0,0.003,0.000,0.003
6523,-1,0,0.043,0.000,0.043
6524,-1,0,0.000,0.000,0.001
6525,-1,0,0.002,0.000,0.003
6526,-1,0,0.001,0.000,0.001
6527,-1,0,0.000,0.000,0.001
6528,-1,6,0.002,0.000,0.002
6529,-1,0,0.003,0.000,0.003
6530,-1,0,0.001,0.000,0.001
6531,-1,0,0.001,0.000,0.001
6532,-1,0,0.003,0.000,0.003
6533,-1,1,0.001,0.000,0.001
6534,-1,0,0.001,0.000,0.001
6535,-1,1,0.001,0.000,0.001
6536,-1,0,0.001,0.000,0.001
6537,-1,0,0.001,0.000,0.001
6538,-1,0,0.003,0.000,0.003
6539,-1,5,1.007,0.000,1.008
6540,-1,0,0.001,0.000,0.001
6541,-1,0,0.005,0.000,0.005
6542,-1,0,0.001,0.000,0.001
6543,-1,0,0.010,0.000,0.010
6544,-1,0,0.061,0.000,0.061
6545,-1,0,0.056,0.000,0.056
6546,-1,0,0.001,0.000,0.001
6547,-1,2,0.223,0.000,0.223
6548,-1,0,0.001,0.000,0.001
6549,-1,0,0.008,0.000,0.008
6550,-1,0,0.006,0.000,0.006
6551,-1,4,0.002,0.000,0.002
6552,-1,0,0.005,0.000,0.005
6553,-1,0,0.004,0.000,0.004
6554,-1,0,0.001,0.000,0.001
6555,-1,0,0.001,0.000,0.001
6556,-1,0,0.008,0.000,0.008
6557,-1,0,0.001,0.000,0.001
6558,-1,0,0.003,0.000,0.003
6559,-1,0,0.001,0.000,0.001
6560,-1,0,0.005,0.000,0.005
6561,-1,0,0.001,0.000,0.001
6562,-1,0,0.004,0.000,0.004
6563,-1,0,0.006,0.000,0.006
6564,-1,0,0.003,0.000,0.003
6565,-1,0,0.009,0.000,0.009
6566,-1,0,0.034,0.000,0.034
6567,-1,0,0.089,0.000,0.089
6568,-1,2,0.001,0.000,0.001
6569,-1,0,0.009,0.000,0.009
6570,-1,0,0.000,0.000,0.000
6571,-1,0,0.001,0.000,0.001
6572,-1,0,0.003,0.000,0.003
6573,-1,0,0.005,0.000,0.005
6574,-1,0,0.010,0.000,0.010
6575,-1,0,0.003,0.000,0.003
6576,-1,0,0.001,0.000,0.001
6577,-1,0,0.052,0.000,0.052
6578,-1,0,0.003,0.000,0.003
6579,-1,0,0.005,0.000,0.005
6580,-1,0,0.011,0.000,0.011
6581,-1,0,0.000,0.000,0.001
6582,-1,0,0.001,0.000,0.001
6583,-1,0,0.001,0.000,0.001
6584,-1,0,0.001,0.000,0.001
6585,-1,5,0.002,0.000,0.002
6586,-1,5,0.002,0.000,0.002
6587,-1,0,0.001,0.000,0.001
6588,-1,0,0.005,0.000,0.005
6589,-1,0,0.001,0.000,0.001
6590,-1,0,0.001,0.000,0.001
6591,-1,0,0.293,0.000,0.293
6592,-1,2,0.357,0.000,0.357
6593,-1,0,0.001,0.000,0.001
6594,-1,0,0.001,0.000,0.001
6595,-1,1,0.029,0.000,0.029
6596,-1,0,0.065,0.000,0.065
6597,-1,0,0.001,0.000,0.001
6598,-1,0,0.007,0.000,0.007
6599,-1,0,0.006,0.000,0.006
6600,-1,0,0.001,0.000,0.001
6601,-1,11,0.005,0.000,0.005
6602,-1,0,0.003,0.000,0.003
6603,-1,0,0.017,0.000,0.017
6604,-1,0,0.001,0.000,0.001
6605,-1,0,0.002,0.000,0.002
6606,-1,0,0.005,0.000,0.005
6607,-1,0,0.006,0.000,0.006
6608,-1,0,0.001,0.000,0.001
6609,-1,0,0.004,0.000,0.004
6610,-1,26,0.006,0.000,0.006
6611,-1,0,0.011,0.000,0.011
6612,-1,0,0.005,0.000,0.005
6613,-1,0,0.000,0.000,0.001
6614,-1,0,0.001,0.000,0.001
6615,-1,0,0.011,0.000,0.011
6616,-1,4,0.643,0.000,0.643
6617,-1,0,0.016,0.000,0.017
6618,-1,8,0.004,0.000,0.004
6619,-1,0,0.013,0.000,0.013
6620,-1,0,0.001,0.000,0.001
6621,-1,0,0.003,0.000,0.003
6622,-1,0,0.018,0.000,0.018
6623,-1,1,0.239,0.000,0.239
6624,-1,0,0.003,0.000,0.003
6625,-1,1,0.001,0.000,0.001
6626,-1,0,0.004,0.000,0.004
6627,-1,0,0.003,0.000,0.003
6628,-1,0,0.003,0.000,0.003
6629,-1,6,0.002,0.000,0.002
6630,-1,6,0.003,0.000,0.003
6631,-1,0,0.022,0.000,0.022
6632,-1,0,0.063,0.000,0.063
6633,-1,0,0.001,0.000,0.001
6634,-1,0,0.013,0.000,0.013
6635,-1,0,0.001,0.000,0.001
6636,-1,0,0.000,0.000,0.001
6637,-1,2,0.002,0.000,0.002
6638,-1,0,0.065,0.000,0.065
6639,-1,0,0.001,0.000,0.001
6640,-1,0,0.001,0.000,0.001
6641,-1,0,0.088,0.000,0.089
6642,-1,0,0.004,0.000,0.004
6643,-1,0,0.001,0.000,0.001
6644,-1,0,0.001,0.000,0.001
6645,-1,0,0.002,0.000,0.002
6646,-1,0,0.007,0.000,0.008
6647,-1,0,0.001,0.000,0.001
6648,-1,0,0.004,0.000,0.004
6649,-1,0,0.001,0.000,0.001
6650,-1,0,0.009,0.000,0.009
6651,-1,0,0.020,0.000,0.020
6652,-1,2,0.001,0.000,0.001
6653,-1,0,0.001,0.000,0.001
6654,-1,0,0.006,0.000,0.007
6655,-1,0,0.000,0.000,0.001
6656,-1,0,0.000,0.000,0.001
6657,-1,3,0.002,0.000,0.002
6658,-1,0,0.004,0.000,0.004
6659,-1,0,0.004,0.000,0.004
6660,-1,0,0.003,0.000,0.003
6661,-1,0,0.001,0.000,0.001
6662,-1,0,0.003,0.000,0.003
6663,-1,0,0.005,0.000,0.005
6664,-1,0,0.007,0.000,0.007
6665,-1,0,0.001,0.000,0.001
6666,-1,0,0.009,0.000,0.010
6667,-1,1,0.001,0.000,0.001
6668,-1,2,0.233,0.000,0.234
6669,-1,0,0.006,0.000,0.006
6670,-1,0,0.010,0.000,0.010
6671,-1,0,0.001,0.000,0.001
6672,-1,0,0.003,0.000,0.003
6673,-1,0,0.147,0.000,0.147
6674,-1,0,0.006,0.000,0.006
6675,-1,0,0.001,0.000,0.001
6676,-1,0,0.008,0.000,0.008
6677,-1,0,0.000,0.000,0.000
6678,-1,0,0.001,0.000,0.001
6679,-1,0,0.007,0.000,0.007
6680,-1,0,0.002,0.000,0.002
6681,-1,0,0.001,0.000,0.001
6682,-1,0,0.004,0.000,0.004
6683,-1,0,0.001,0.000,0.001
6684,-1,0,0.001,0.000,0.001
6685,-1,0,0.001,0.000,0.001
6686,-1,1,0.001,0.000,0.001
6687,-1,2,0.341,0.000,0.341
6688,-1,0,0.001,0.000,0.001
6689,-1,2,0.001,0.000,0.002
6690,-1,0,0.001,0.000,0.001
6691,-1,5,0.002,0.000,0.002
6692,-1,0,0.004,0.000,0.004
6693,-1,0,0.001,0.000,0.001
6694,-1,0,0.004,0.000,0.004
6695,-1,0,0.010,0.000,0.010
6696,-1,0,0.021,0.000,0.021
6697,-1,0,0.004,0.000,0.004
6698,-1,0,0.001,0.000,0.001
6699,-1,0,0.000,0.000,0.001
6700,-1,0,0.003,0.000,0.003
6701,-1,0,0.009,0.000,0.009
6702,-1,0,0.001,0.000,0.001
6703,-1,0,0.001,0.000,0.001
6704,-1,0,0.001,0.000,0.001
6705,-1,0,0.010,0.000,0.010
6706,-1,15,0.006,0.000,0.006
6707,-1,0,0.003,0.000,0.003
6708,-1,0,0.002,0.000,0.002
6709,-1,0,0.002,0.000,0.002
6710,-1,0,0.006,0.000,0.006
6711,-1,0,0.003,0.000,0.003
6712,-1,0,0.008,0.000,0.008
6713,-1,0,0.006,0.000,0.006
6714,-1,0,0.006,0.000,0.006
6715,-1,0,0.351,0.000,0.352
6716,-1,0,0.001,0.000,0.001
6717,-1,3,0.002,0.000,0.002
6718,-1,0,0.026,0.000,0.026
6719,-1,1,0.010,0.000,0.010
6720,-1,0,0.001,0.000,0.001
6721,-1,0,0.000,0.000,0.001
6722,-1,0,0.004,0.000,0.004
6723,-1,0,0.005,0.000,0.006
6724,-1,0,0.011,0.000,0.011
6725,-1,0,0.007,0.000,0.007
6726,-1,0,0.002,0.000,0.002
6727,-1,5,0.003,0.000,0.003
6728,-1,0,0.006,0.000,0.006
6729,-1,0,0.011,0.000,0.011
6730,-1,0,0.001,0.000,0.001
6731,-1,0,0.001,0.000,0.001
6732,-1,0,0.007,0.000,0.007
6733,-1,0,0.014,0.000,0.014
6734,-1,0,0.001,0.000,0.001
6735,-1,0,0.002,0.000,0.002
6736,-1,0,0.001,0.000,0.001
6737,-1,0,0.003,0.000,0.003
6738,-1,4,0.003,0.000,0.003
6739,-1,0,0.015,0.000,0.015
6740,-1,2,0.349,0.000,0.349
6741,-1,0,0.001,0.000,0.001
6742,-1,0,0.174,0.000,0.174
6743,-1,0,0.093,0.000,0.093
6744,-1,5,0.003,0.000,0.003
6745,-1,0,0.001,0.000,0.001
6746,-1,10,1.661,0.000,1.661
6747,-1,4,0.003,0.000,0.003
6748,-1,3,0.003,0.000,0.003
6749,-1,0,0.004,0.000,0.004
6750,-1,0,0.001,0.000,0.001
6751,-1,6,0.003,0.000,0.003
6752,-1,0,0.001,0.000,0.001
6753,-1,0,0.076,0.000,0.076
6754,-1,0,0.001,0.000,0.001
6755,-1,0,0.005,0.000,0.005
6756,-1,0,0.024,0.000,0.024
6757,-1,0,0.019,0.000,0.019
6758,-1,0,0.010,0.000,0.011
6759,-1,1,0.001,0.000,0.001
6760,-1,0,0.004,0.000,0.004
6761,-1,0,0.013,0.000,0.013
6762,-1,2,0.002,0.000,0.002
6763,-1,0,0.010,0.000,0.010
6764,-1,0,0.001,0.000,0.001
6765,-1,0,0.001,0.000,0.001
6766,-1,0,0.005,0.000,0.005
6767,-1,0,0.001,0.000,0.001
6768,-1,0,0.009,0.000,0.009
6769,-1,0,0.199,0.000,0.199
6770,-1,0,0.094,0.000,0.094
6771,-1,0,0.039,0.000,0.040
6772,-1,1,0.001,0.000,0.001
6773,-1,0,0.219,0.000,0.219
6774,-1,0,0.011,0.000,0.011
6775,-1,0,0.004,0.000,0.004
6776,-1,0,0.001,0.000,0.001
6777,-1,0,0.001,0.000,0.001
6778,-1,0,0.002,0.000,0.002
6779,-1,0,0.004,0.000,0.004
6780,-1,0,0.013,0.000,0.013
6781,-1,1,0.247,0.000,0.247
6782,-1,0,0.005,0.000,0.005
6783,-1,0,0.037,0.000,0.037
6784,-1,0,0.005,0.000,0.005
6785,-1,0,0.001,0.000,0.001
6786,-1,0,0.025,0.000,0.025
6787,-1,0,0.003,0.000,0.003
6788,-1,0,0.003,0.000,0.003
6789,-1,0,0.001,0.000,0.001
6790,-1,0,0.003,0.000,0.003
6791,-1,0,0.000,0.000,0.001
6792,-1,0,0.194,0.000,0.194
6793,-1,0,0.001,0.000,0.001
6794,-1,0,0.003,0.000,0.003
6795,-1,0,0.000,0.000,0.001
6796,-1,2,0.960,0.000,0.960
6797,-1,0,0.020,0.000,0.020
6798,-1,0,0.001,0.000,0.001
6799,-1,0,0.018,0.000,0.018
6800,-1,0,0.002,0.000,0.002
6801,-1,0,0.001,0.000,0.001
6802,-1,0,0.006,0.000,0.006
6803,-1,0,0.006,0.000,0.006
6804,-1,0,0.009,0.000,0.009
6805,-1,0,0.007,0.000,0.007
6806,-1,0,0.001,0.000,0.001
6807,-1,0,0.001,0.000,0.001
6808,-1,2,0.001,0.000,0.002
6809,-1,0,0.003,0.000,0.003
6810,-1,0,0.000,0.000,0.000
6811,-1,0,0.005,0.000,0.005
6812,-1,0,0.001,0.000,0.001
6813,-1,0,0.001,0.000,0.001
6814,-1,0,0.001,0.000,0.001
6815,-1,0,0.001,0.000,0.001
6816,-1,5,1.002,0.000,1.002
6817,-1,0,0.001,0.000,0.001
6818,-1,0,0.001,0.000,0.001
6819,-1,3,0.002,0.000,0.002
6820,-1,0,0.001,0.000,0.001
6821,-1,0,0.001,0.000,0.001
6822,-1,0,0.008,0.000,0.008
6823,-1,0,0.009,0.000,0.009
6824,-1,0,0.006,0.000,0.006
6825,-1,0,0.001,0.000,0.001
6826,-1,1,0.001,0.000,0.001
6827,-1,0,0.004,0.000,0.004
6828,-1,0,0.005,0.000,0.005
6829,-1,0,0.004,0.000,0.004
6830,-1,0,0.001,0.000,0.001
6831,-1,0,0.212,0.000,0.212
6832,-1,0,0.005,0.000,0.005
6833,-1,0,0.005,0.000,0.005
6834,-1,2,0.316,0.000,0.317
6835,-1,0,0.042,0.000,0.042
6836,-1,0,0.479,0.000,0.479
6837,-1,0,0.008,0.000,0.008
6838,-1,0,0.001,0.000,0.001
6839,-1,0,0.001,0.000,0.001
6840,-1,0,0.001,0.000,0.001
6841,-1,0,0.006,0.000,0.006
6842,-1,0,0.011,0.000,0.012
6843,-1,0,0.010,0.000,0.010
6844,-1,0,0.001,0.000,0.001
6845,-1,0,0.004,0.000,0.004
6846,-1,0,0.011,0.000,0.011
6847,-1,0,0.003,0.000,0.003
6848,-1,0,0.003,0.000,0.003
6849,-1,0,0.002,0.000,0.002
6850,-1,0,0.004,0.000,0.005
6851,-1,0,0.001,0.000,0.001
6852,-1,0,0.010,0.000,0.010
6853,-1,0,0.001,0.000,0.001
6854,-1,0,0.013,0.000,0.013
6855,-1,0,0.003,0.000,0.003
6856,-1,0,0.001,0.000,0.001
6857,-1,0,0.009,0.000,0.009
6858,-1,0,0.009,0.000,0.009
6859,-1,0,0.010,0.000,0.010
6860,-1,0,0.001,0.000,0.001
6861,-1,0,0.002,0.000,0.002
6862,-1,19,0.003,0.000,0.003
6863,-1,0,0.001,0.000,0.001
6864,-1,0,0.003,0.000,0.003
6865,-1,0,0.004,0.000,0.004
6866,-1,0,0.001,0.000,0.001
6867,-1,0,0.010,0.000,0.010
6868,-1,0,0.015,0.000,0.015
6869,-1,0,0.050,0.000,0.050
6870,-1,0,0.009,0.000,0.009
6871,-1,0,0.001,0.000,0.001
6872,-1,0,0.001,0.000,0.001
6873,-1,0,0.001,0.000,0.001
6874,-1,0,0.001,0.000,0.001
6875,-1,0,0.001,0.000,0.001
6876,-1,0,0.009,0.000,0.009
6877,-1,0,0.352,0.000,0.352
6878,-1,0,0.001,0.000,0.001
6879,-1,3,0.002,0.000,0.002
6880,-1,0,0.001,0.000,0.001
6881,-1,0,0.004,0.000,0.004
6882,-1,0,0.001,0.000,0.001
6883,-1,0,0.001,0.000,0.001
6884,-1,0,0.013,0.000,0.014
6885,-1,0,0.328,0.000,0.328
6886,-1,0,0.005,0.000,0.005
6887,-1,0,0.001,0.000,0.001
6888,-1,0,0.002,0.000,0.002
6889,-1,0,0.011,0.000,0.011
6890,-1,5,0.003,0.000,0.003
6891,-1,0,0.001,0.000,0.001
6892,-1,0,0.000,0.000,0.000
6893,-1,1,0.001,0.000,0.001
6894,-1,0,0.014,0.000,0.014
6895,-1,0,0.003,0.000,0.003
6896,-1,1,0.001,0.000,0.001
6897,-1,0,0.010,0.000,0.011
6898,-1,0,0.001,0.000,0.001
6899,-1,0,0.005,0.000,0.005
6900,-1,0,0.001,0.000,0.001
6901,-1,1,0.038,0.000,0.038
6902,-1,0,0.003,0.000,0.003
6903,-1,0,0.000,0.000,0.000
6904,-1,3,0.002,0.000,0.002
6905,-1,0,0.010,0.000,0.010
6906,-1,0,0.003,0.000,0.003
6907,-1,0,0.002,0.000,0.002
6908,-1,0,0.263,0.000,0.263
6909,-1,0,0.010,0.000,0.010
6910,-1,0,0.025,0.000,0.025
6911,-1,0,0.001,0.000,0.001
6912,-1,5,0.966,0.000,0.967
6913,-1,0,0.012,0.000,0.012
6914,-1,2,1.169,0.000,1.169
6915,-1,0,0.005,0.000,0.005
6916,-1,0,0.001,0.000,0.001
6917,-1,0,0.001,0.000,0.001
6918,-1,0,0.006,0.000,0.006
6919,-1,2,0.002,0.000,0.002
6920,-1,0,0.011,0.000,0.011
6921,-1,0,0.001,0.000,0.001
6922,-1,0,0.004,0.000,0.004
6923,-1,2,0.002,0.000,0.002
6924,-1,0,0.001,0.000,0.001
6925,-1,0,0.017,0.000,0.017
6926,-1,0,0.003,0.000,0.003
6927,-1,0,0.001,0.000,0.001
6928,-1,0,0.001,0.000,0.001
6929,-1,0,0.002,0.000,0.002
6930,-1,0,0.001,0.000,0.001
6931,-1,0,0.049,0.000,0.049
6932,-1,5,0.003,0.000,0.003
6933,-1,1,0.001,0.000,0.001
6934,-1,0,0.008,0.000,0.008
6935,-1,0,0.001,0.000,0.001
6936,-1,10,0.004,0.000,0.004
6937,-1,3,0.002,0.000,0.002
6938,-1,0,0.005,0.000,0.005
6939,-1,0,0.001,0.000,0.001
6940,-1,0,0.001,0.000,0.001
6941,-1,0,0.001,0.000,0.001
6942,-1,0,0.001,0.000,0.001
6943,-1,23,0.004,0.000,0.004
6944,-1,0,0.005,0.000,0.005
6945,-1,3,0.465,0.000,0.465
6946,-1,0,0.010,0.000,0.010
6947,-1,0,0.001,0.000,0.001
6948,-1,0,0.002,0.000,0.002
6949,-1,1,0.001,0.000,0.001
6950,-1,0,0.003,0.000,0.004
6951,-1,0,0.001,0.000,0.001
6952,-1,0,0.010,0.000,0.010
6953,-1,0,0.064,0.000,0.064
6954,-1,0,0.006,0.000,0.006
6955,-1,1,0.001,0.000,0.001
6956,-1,0,0.001,0.000,0.001
6957,-1,30,0.006,0.000,0.006
6958,-1,28,0.005,0.000,0.005
6959,-1,0,0.023,0.000,0.023
6960,-1,0,0.001,0.000,0.001
6961,-1,0,0.001,0.000,0.001
6962,-1,0,0.001,0.000,0.001
6963,-1,0,0.001,0.000,0.001
6964,-1,0,0.000,0.000,0.001
6965,-1,0,0.001,0.000,0.001
6966,-1,0,0.478,0.000,0.478
6967,-1,0,0.006,0.000,0.006
6968,-1,0,0.005,0.000,0.005
6969,-1,0,0.001,0.000,0.001
6970,-1,3,0.002,0.000,0.002
6971,-1,0,0.006,0.000,0.006
6972,-1,0,0.010,0.000,0.011
6973,-1,0,0.005,0.000,0.005
6974,-1,0,0.001,0.000,0.001
6975,-1,0,0.001,0.000,0.001
6976,-1,0,0.001,0.000,0.001
6977,-1,0,0.004,0.000,0.004
6978,-1,0,0.001,0.000,0.001
6979,-1,0,0.008,0.000,0.008
6980,-1,0,0.007,0.000,0.007
6981,-1,0,0.004,0.000,0.004
6982,-1,0,0.005,0.000,0.005
6983,-1,0,0.001,0.000,0.001
6984,-1,1,0.001,0.000,0.001
6985,-1,0,0.011,0.000,0.011
6986,-1,0,0.004,0.000,0.004
6987,-1,0,0.008,0.000,0.008
6988,-1,0,0.001,0.000,0.001
6989,-1,0,0.009,0.000,0.009
6990,-1,0,0.002,0.000,0.002
6991,-1,0,0.000,0.000,0.000
6992,-1,0,0.013,0.000,0.013
6993,-1,0,0.001,0.000,0.001
6994,-1,0,0.002,0.000,0.002
6995,-1,0,0.003,0.000,0.003
6996,-1,0,0.001,0.000,0.001
6997,-1,0,0.012,0.000,0.012
6998,-1,0,0.001,0.000,0.001
6999,-1,0,0.002,0.000,0.002
7000,-1,0,0.001,0.000,0.001
7001,-1,0,0.003,0.000,0.003
7002,-1,4,0.002,0.000,0.002
7003,-1,0,0.001,0.000,0.001
7004,-1,0,0.000,0.000,0.000
7005,-1,0,0.001,0.000,0.001
7006,-1,0,0.002,0.000,0.002
7007,-1,5,1.011,0.000,1.011
7008,-1,0,0.003,0.000,0.003
7009,-1,0,0.007,0.000,0.007
7010,-1,0,0.004,0.000,0.004
7011,-1,0,0.001,0.000,0.001
7012,-1,0,0.001,0.000,0.001
7013,-1,3,0.002,0.000,0.002
7014,-1,0,0.001,0.000,0.001
7015,-1,0,0.001,0.000,0.001
7016,-1,0,0.018,0.000,0.018
7017,-1,0,0.004,0.000,0.004
7018,-1,0,0.001,0.000,0.001
7019,-1,6,0.002,0.000,0.002
7020,-1,0,0.001,0.000,0.001
7021,-1,0,0.000,0.000,0.001
7022,-1,0,0.002,0.000,0.003
7023,-1,0,0.001,0.000,0.001
7024,-1,0,0.010,0.000,0.010
7025,-1,0,0.003,0.000,0.003
7026,-1,0,0.001,0.000,0.001
7027,-1,0,0.195,0.000,0.195
7028,-1,0,0.004,0.000,0.004
7029,-1,0,0.011,0.000,0.011
7030,-1,0,0.001,0.000,0.001
7031,-1,0,0.001,0.000,0.001
7032,-1,0,0.003,0.000,0.003
7033,-1,5,1.021,0.000,1.022
7034,-1,15,0.006,0.000,0.006
7035,-1,0,0.003,0.000,0.003
7036,-1,0,0.001,0.000,0.001
7037,-1,0,0.009,0.000,0.009
7038,-1,0,0.003,0.000,0.003
7039,-1,0,0.001,0.000,0.001
7040,-1,6,0.002,0.000,0.002
7041,-1,0,0.003,0.000,0.003
7042,-1,0,0.005,0.000,0.005
7043,-1,0,0.001,0.000,0.001
7044,-1,0,0.012,0.000,0.012
7045,-1,0,0.002,0.000,0.002
7046,-1,0,0.013,0.000,0.013
7047,-1,0,0.000,0.000,0.000
7048,-1,0,0.001,0.000,0.001
7049,-1,0,0.005,0.000,0.005
7050,-1,0,0.012,0.000,0.012
7051,-1,0,0.005,0.000,0.005
7052,-1,0,0.015,0.000,0.015
7053,-1,2,0.907,0.000,0.907
7054,-1,0,0.001,0.000,0.001
7055,-1,0,0.019,0.000,0.019
7056,-1,0,0.001,0.000,0.001
7057,-1,0,0.001,0.000,0.001
7058,-1,4,0.539,0.000,0.539
7059,-1,0,0.019,0.000,0.019
7060,-1,0,0.004,0.000,0.004
7061,-1,0,0.002,0.000,0.002
7062,-1,0,0.000,0.000,0.001
7063,-1,0,0.001,0.000,0.001
7064,-1,0,0.411,0.000,0.411
7065,-1,0,0.014,0.000,0.014
7066,-1,1,0.001,0.000,0.001
7067,-1,1,0.001,0.000,0.001
7068,-1,0,0.001,0.000,0.001
7069,-1,1,0.001,0.000,0.001
7070,-1,0,0.004,0.000,0.004
7071,-1,0,0.003,0.000,0.003
7072,-1,3,0.413,0.000,0.413
7073,-1,1,0.074,0.000,0.074
7074,-1,0,0.004,0.000,0.004
7075,-1,0,0.000,0.000,0.001
7076,-1,0,0.001,0.000,0.001
7077,-1,0,0.013,0.000,0.013
7078,-1,0,0.001,0.000,0.001
7079,-1,0,0.008,0.000,0.009
7080,-1,15,0.005,0.000,0.005
7081,-1,0,0.005,0.000,0.006
7082,-1,0,0.003,0.000,0.003
7083,-1,0,0.006,0.000,0.007
7084,-1,0,0.004,0.000,0.004
7085,-1,2,0.001,0.000,0.001
7086,-1,0,0.001,0.000,0.001
7087,-1,10,1.824,0.000,1.824
7088,-1,0,0.006,0.000,0.006
7089,-1,0,0.024,0.000,0.024
7090,-1,0,0.002,0.000,0.002
7091,-1,0,0.001,0.000,0.001
7092,-1,10,0.004,0.000,0.004
7093,-1,0,0.002,0.000,0.002
7094,-1,1,0.002,0.000,0.002
7095,-1,0,0.011,0.000,0.011
7096,-1,0,0.001,0.000,0.001
7097,-1,3,0.003,0.000,0.003
7098,-1,0,0.001,0.000,0.001
7099,-1,1,0.001,0.000,0.001
7100,-1,0,0.001,0.000,0.001
7101,-1,0,0.010,0.000,0.010
7102,-1,0,0.146,0.000,0.146
7103,-1,0,0.018,0.000,0.018
7104,-1,0,0.007,0.000,0.007
7105,-1,1,0.448,0.000,0.448
7106,-1,1,0.044,0.000,0.044
7107,-1,0,0.009,0.000,0.009
7108,-1,0,0.001,0.000,0.001
7109,-1,0,0.000,0.000,0.001
7110,-1,0,0.010,0.000,0.010
7111,-1,0,0.001,0.000,0.001
7112,-1,0,0.054,0.000,0.054
7113,-1,0,0.015,0.000,0.015
7114,-1,0,0.005,0.000,0.005
7115,-1,0,0.004,0.000,0.004
7116,-1,0,0.013,0.000,0.013
7117,-1,0,0.003,0.000,0.003
7118,-1,0,0.001,0.000,0.001
7119,-1,0,0.001,0.000,0.001
7120,-1,0,0.001,0.000,0.001
7121,-1,0,0.001,0.000,0.001
7122,-1,0,0.001,0.000,0.001
7123,-1,3,0.002,0.000,0.002
7124,-1,0,0.010,0.000,0.010
7125,-1,0,0.007,0.000,0.007
7126,-1,0,0.001,0.000,0.001
7127,-1,1,0.001,0.000,0.001
7128,-1,0,0.004,0.000,0.004
7129,-1,0,0.002,0.000,0.002
7130,-1,0,0.003,0.000,0.004
7131,-1,1,0.001,0.000,0.002
7132,-1,0,0.004,0.000,0.004
7133,-1,23,0.004,0.000,0.004
7134,-1,0,0.011,0.000,0.011
7135,-1,0,0.001,0.000,0.001
7136,-1,0,0.002,0.000,0.002
7137,-1,0,0.009,0.000,0.009
7138,-1,0,0.005,0.000,0.005
7139,-1,0,0.002,0.000,0.002
7140,-1,1,0.015,0.000,0.016
7141,-1,0,0.000,0.000,0.001
7142,-1,0,0.012,0.000,0.012
7143,-1,5,0.946,0.000,0.946
7144,-1,0,0.010,0.000,0.010
7145,-1,3,0.002,0.000,0.002
7146,-1,4,0.002,0.000,0.002
7147,-1,0,0.001,0.000,0.001
7148,-1,0,0.001,0.000,0.001
7149,-1,0,0.004,0.000,0.004
7150,-1,0,0.001,0.000,0.001
7151,-1,0,0.024,0.000,0.025
7152,-1,0,0.001,0.000,0.001
7153,-1,2,0.002,0.000,0.002
7154,-1,0,0.001,0.000,0.001
7155,-1,0,0.005,0.000,0.005
7156,-1,0,0.011,0.000,0.011
7157,-1,0,0.001,0.000,0.001
7158,-1,0,0.001,0.000,0.001
7159,-1,0,0.003,0.000,0.003
7160,-1,0,0.003,0.000,0.003
7161,-1,0,0.010,0.000,0.010
7162,-1,0,0.001,0.000,0.001
7163,-1,0,0.001,0.000,0.001
7164,-1,0,0.001,0.000,0.001
7165,-1,1,0.001,0.000,0.001
7166,-1,0,0.011,0.000,0.011
7167,-1,0,0.001,0.000,0.001
7168,-1,0,0.001,0.000,0.001
7169,-1,1,0.048,0.000,0.048
7170,-1,0,0.001,0.000,0.001
7171,-1,1,0.228,0.000,0.228
7172,-1,10,1.757,0.000,1.757
7173,-1,0,0.005,0.000,0.005
7174,-1,0,0.001,0.000,0.001
7175,-1,0,0.001,0.000,0.001
7176,-1,0,0.025,0.000,0.025
7177,-1,9,0.004,0.000,0.004
7178,-1,0,0.130,0.000,0.130
7179,-1,0,0.175,0.000,0.175
7180,-1,0,0.006,0.000,0.006
7181,-1,0,0.005,0.000,0.005
7182,-1,0,0.003,0.000,0.003
7183,-1,0,0.001,0.000,0.001
7184,-1,1,0.343,0.000,0.343
7185,-1,1,0.001,0.000,0.001
7186,-1,0,0.001,0.000,0.001
7187,-1,10,1.797,0.000,1.797
7188,-1,0,0.001,0.000,0.001
7189,-1,0,0.204,0.000,0.204
7190,-1,0,0.019,0.000,0.019
7191,-1,23,0.005,0.000,0.005
7192,-1,5,1.205,0.000,1.205
7193,-1,1,0.016,0.000,0.016
7194,-1,0,0.004,0.000,0.004
7195,-1,0,0.001,0.000,0.001
7196,-1,0,0.004,0.000,0.004
7197,-1,0,0.001,0.000,0.001
7198,-1,0,0.001,0.000,0.001
7199,-1,0,0.001,0.000,0.001
7200,-1,0,0.001,0.000,0.001
7201,-1,23,0.005,0.000,0.005
7202,-1,0,0.001,0.000,0.001
7203,-1,4,0.002,0.000,0.003
7204,-1,0,0.014,0.000,0.014
7205,-1,0,0.003,0.000,0.003
7206,-1,0,0.002,0.000,0.002
7207,-1,0,0.001,0.000,0.001
7208,-1,0,0.002,0.000,0.002
7209,-1,0,0.000,0.000,0.001
7210,-1,5,0.003,0.000,0.003
7211,-1,0,0.177,0.000,0.177
7212,-1,0,0.001,0.000,0.001
7213,-1,0,0.002,0.000,0.002
7214,-1,0,0.020,0.000,0.020
7215,-1,0,0.007,0.000,0.007
7216,-1,0,0.010,0.000,0.010
7217,-1,0,0.001,0.000,0.001
7218,-1,3,0.001,0.000,0.001
7219,-1,0,0.001,0.000,0.001
7220,-1,0,0.004,0.000,0.004
7221,-1,0,0.005,0.000,0.005
7222,-1,0,0.501,0.000,0.501
7223,-1,0,0.002,0.000,0.002
7224,-1,0,0.003,0.000,0.003
7225,-1,0,0.001,0.000,0.001
7226,-1,0,0.004,0.000,0.004
7227,-1,0,0.001,0.000,0.001
7228,-1,0,0.033,0.000,0.033
7229,-1,0,0.001,0.000,0.001
7230,-1,0,0.004,0.000,0.004
7231,-1,0,0.011,0.000,0.011
7232,-1,3,0.002,0.000,0.002
7233,-1,0,0.001,0.000,0.001
7234,-1,0,0.071,0.000,0.071
7235,-1,0,0.006,0.000,0.006
7236,-1,0,0.004,0.000,0.004
7237,-1,0,0.006,0.000,0.006
7238,-1,0,0.004,0.000,0.004
7239,-1,0,0.001,0.000,0.001
7240,-1,0,0.004,0.000,0.004
7241,-1,0,0.001,0.000,0.001
7242,-1,0,0.011,0.000,0.011
7243,-1,22,0.007,0.000,0.007
7244,-1,0,0.001,0.000,0.001
7245,-1,0,0.006,0.000,0.006
7246,-1,0,0.001,0.000,0.001
7247,-1,2,0.001,0.000,0.001
7248,-1,1,0.230,0.000,0.230
7249,-1,2,0.002,0.000,0.002
7250,-1,0,0.001,0.000,0.001
7251,-1,0,0.001,0.000,0.001
7252,-1,0,0.008,0.000,0.008
7253,-1,0,0.001,0.000,0.001
7254,-1,0,0.001,0.000,0.001
7255,-1,0,0.001,0.000,0.001
7256,-1,0,0.001,0.000,0.001
7257,-1,0,0.022,0.000,0.022
7258,-1,84,0.035,0.000,0.035
7259,-1,2,0.116,0.000,0.116
7260,-1,0,0.062,0.000,0.062
7261,-1,0,0.003,0.000,0.003
7262,-1,0,0.004,0.000,0.004
7263,-1,0,0.003,0.000,0.003
7264,-1,0,0.038,0.000,0.038
7265,-1,0,0.001,0.000,0.001
7266,-1,0,0.004,0.000,0.004
7267,-1,0,0.001,0.000,0.001
7268,-1,0,0.003,0.000,0.003
7269,-1,9,0.004,0.000,0.004
7270,-1,0,0.017,0.000,0.017
7271,-1,0,0.001,0.000,0.001
7272,-1,0,0.003,0.000,0.003
7273,-1,0,0.001,0.000,0.001
7274,-1,6,0.002,0.000,0.002
7275,-1,0,0.001,0.000,0.001
7276,-1,0,0.001,0.000,0.001
7277,-1,0,0.001,0.000,0.001
7278,-1,0,0.002,0.000,0.002
7279,-1,0,0.001,0.000,0.001
7280,-1,0,0.003,0.000,0.003
7281,-1,0,0.001,0.000,0.001
7282,-1,0,0.179,0.000,0.179
7283,-1,0,0.001,0.000,0.001
7284,-1,0,0.001,0.000,0.001
7285,-1,0,0.000,0.000,0.000
7286,-1,19,0.006,0.000,0.006
7287,-1,0,0.001,0.000,0.001
7288,-1,0,0.001,0.000,0.001
7289,-1,0,0.015,0.000,0.016
7290,-1,0,0.009,0.000,0.009
7291,-1,0,0.355,0.000,0.355
7292,-1,0,0.002,0.000,0.002
7293,-1,0,0.001,0.000,0.001
7294,-1,0,0.001,0.000,0.001
7295,-1,0,0.021,0.000,0.021
7296,-1,5,0.917,0.000,0.917
7297,-1,0,0.015,0.000,0.015
7298,-1,24,0.005,0.000,0.005
7299,-1,0,0.004,0.000,0.004
7300,-1,0,0.001,0.000,0.001
7301,-1,0,0.003,0.000,0.003
7302,-1,0,0.085,0.000,0.085
7303,-1,0,0.006,0.000,0.007
7304,-1,0,0.005,0.000,0.006
7305,-1,0,0.010,0.000,0.011
7306,-1,0,0.002,0.000,0.002
7307,-1,0,0.001,0.000,0.001
7308,-1,0,0.012,0.000,0.013
7309,-1,2,0.001,0.000,0.001
7310,-1,0,0.052,0.000,0.052
7311,-1,1,0.407,0.000,0.407
7312,-1,0,0.006,0.000,0.006
7313,-1,0,0.005,0.000,0.005
7314,-1,0,0.009,0.000,0.009
7315,-1,10,1.614,0.000,1.615
7316,-1,0,0.001,0.000,0.001
7317,-1,1,0.001,0.000,0.001
7318,-1,0,0.011,0.000,0.011
7319,-1,0,0.005,0.000,0.005
7320,-1,0,0.004,0.000,0.004
7321,-1,0,0.001,0.000,0.001
7322,-1,0,0.003,0.000,0.003
7323,-1,0,0.001,0.000,0.001
7324,-1,0,0.001,0.000,0.001
7325,-1,0,0.010,0.000,0.010
7326,-1,0,0.024,0.000,0.024
7327,-1,0,0.001,0.000,0.001
7328,-1,0,0.009,0.000,0.009
7329,-1,0,0.005,0.000,0.005
7330,-1,0,0.001,0.000,0.001
7331,-1,0,0.001,0.000,0.001
7332,-1,0,0.003,0.000,0.003
7333,-1,0,0.009,0.000,0.009
7334,-1,2,0.932,0.000,0.933
7335,-1,0,0.001,0.000,0.001
7336,-1,1,0.114,0.000,0.114
7337,-1,0,0.001,0.000,0.001
7338,-1,0,0.001,0.000,0.001
7339,-1,0,0.004,0.000,0.004
7340,-1,0,0.002,0.000,0.002
7341,-1,0,0.001,0.000,0.001
7342,-1,0,0.001,0.000,0.001
7343,-1,0,0.001,0.000,0.002
7344,-1,5,0.959,0.000,0.959
7345,-1,0,0.005,0.000,0.005
7346,-1,0,0.010,0.000,0.010
7347,-1,0,0.008,0.000,0.008
7348,-1,0,0.005,0.000,0.005
7349,-1,0,0.001,0.000,0.001
7350,-1,0,0.062,0.000,0.062
7351,-1,1,0.020,0.000,0.020
7352,-1,0,0.017,0.000,0.017
7353,-1,0,0.023,0.000,0.023
7354,-1,0,0.004,0.000,0.004
7355,-1,0,0.035,0.000,0.035
7356,-1,0,0.007,0.000,0.007
7357,-1,4,0.002,0.000,0.002
7358,-1,0,0.015,0.000,0.015
7359,-1,0,0.003,0.000,0.003
7360,-1,10,0.002,0.000,0.002
7361,-1,0,0.041,0.000,0.042
7362,-1,0,0.015,0.000,0.015
7363,-1,0,0.001,0.000,0.001
7364,-1,0,0.001,0.000,0.001
7365,-1,0,0.012,0.000,0.013
7366,-1,0,0.001,0.000,0.001
7367,-1,0,0.001,0.000,0.001
7368,-1,0,0.001,0.000,0.001
7369,-1,0,0.007,0.000,0.007
7370,-1,0,0.004,0.000,0.004
7371,-1,0,0.003,0.000,0.003
7372,-1,0,0.001,0.000,0.001
7373,-1,0,0.001,0.000,0.001
7374,-1,0,0.004,0.000,0.004
7375,-1,0,0.001,0.000,0.001
7376,-1,0,0.012,0.000,0.012
7377,-1,0,0.002,0.000,0.002
7378,-1,7,0.002,0.000,0.002
7379,-1,0,0.001,0.000,0.001
7380,-1,0,0.005,0.000,0.005
7381,-1,0,0.001,0.000,0.001
7382,-1,0,0.001,0.000,0.001
7383,-1,4,0.002,0.000,0.002
7384,-1,0,0.001,0.000,0.001
7385,-1,0,0.000,0.000,0.001
7386,-1,0,0.006,0.000,0.006
7387,-1,0,0.001,0.000,0.001
7388,-1,0,0.001,0.000,0.001
7389,-1,0,0.001,0.000,0.001
7390,-1,5,0.003,0.000,0.003
7391,-1,0,0.011,0.000,0.011
7392,-1,0,0.010,0.000,0.010
7393,-1,0,0.001,0.000,0.001
7394,-1,0,0.001,0.000,0.001
7395,-1,1,0.001,0.000,0.001
7396,-1,0,0.008,0.000,0.008
7397,-1,10,1.634,0.000,1.634
7398,-1,0,0.005,0.000,0.006
7399,-1,0,0.011,0.000,0.011
7400,-1,1,0.001,0.000,0.001
7401,-1,0,0.001,0.000,0.001
7402,-1,0,0.003,0.000,0.003
7403,-1,0,0.046,0.000,0.046
7404,-1,0,0.011,0.000,0.011
7405,-1,0,0.001,0.000,0.001
7406,-1,0,0.001,0.000,0.001
7407,-1,0,0.007,0.000,0.008
7408,-1,0,0.001,0.000,0.001
7409,-1,0,0.041,0.000,0.041
7410,-1,0,0.008,0.000,0.008
7411,-1,0,0.015,0.000,0.015
7412,-1,0,0.000,0.000,0.001
7413,-1,0,0.002,0.000,0.002
7414,-1,0,0.004,0.000,0.004
7415,-1,0,0.002,0.000,0.002
7416,-1,0,0.001,0.000,0.001
7417,-1,0,0.000,0.000,0.001
7418,-1,0,0.001,0.000,0.001
7419,-1,0,0.001,0.000,0.001
7420,-1,0,0.002,0.000,0.002
7421,-1,3,0.002,0.000,0.002
7422,-1,0,0.003,0.000,0.003
7423,-1,3,0.002,0.000,0.002
7424,-1,0,0.005,0.000,0.005
7425,-1,2,0.001,0.000,0.001
7426,-1,10,1.666,0.000,1.666
7427,-1,0,0.001,0.000,0.001
7428,-1,0,0.001,0.000,0.001
7429,-1,0,0.006,0.000,0.006
7430,-1,1,0.001,0.000,0.001
7431,-1,0,0.001,0.000,0.001
7432,-1,0,0.001,0.000,0.001
7433,-1,0,0.003,0.000,0.003
7434,-1,0,0.017,0.000,0.017
7435,-1,0,0.098,0.000,0.099
7436,-1,1,0.001,0.000,0.001
7437,-1,0,0.096,0.000,0.096
7438,-1,0,0.001,0.000,0.001
7439,-1,0,0.001,0.000,0.001
7440,-1,1,0.002,0.000,0.002
7441,-1,0,0.007,0.000,0.007
7442,-1,0,0.013,0.000,0.013
7443,-1,0,0.001,0.000,0.001
7444,-1,0,0.012,0.000,0.012
7445,-1,0,0.001,0.000,0.001
7446,-1,2,0.002,0.000,0.002
7447,-1,0,0.001,0.000,0.001
7448,-1,1,0.001,0.000,0.001
7449,-1,0,0.001,0.000,0.001
7450,-1,0,0.008,0.000,0.009
7451,-1,0,0.015,0.000,0.015
7452,-1,1,0.001,0.000,0.001
7453,-1,0,0.187,0.000,0.187
7454,-1,0,0.005,0.000,0.005
7455,-1,4,0.009,0.000,0.009
7456,-1,2,0.002,0.000,0.002
7457,-1,0,0.006,0.000,0.006
7458,-1,0,0.001,0.000,0.001
7459,-1,0,0.001,0.000,0.001
7460,-1,0,0.002,0.000,0.002
7461,-1,0,0.001,0.000,0.001
7462,-1,0,0.001,0.000,0.001
7463,-1,0,0.006,0.000,0.006
7464,-1,0,0.001,0.000,0.002
7465,-1,0,0.001,0.000,0.001
7466,-1,1,0.572,0.000,0.572
7467,-1,0,0.001,0.000,0.001
7468,-1,0,0.005,0.000,0.005
7469,-1,7,0.002,0.000,0.002
7470,-1,0,0.012,0.000,0.012
7471,-1,5,0.003,0.000,0.003
7472,-1,1,0.001,0.000,0.001
7473,-1,0,0.010,0.000,0.010
7474,-1,0,0.006,0.000,0.006
7475,-1,1,0.001,0.000,0.001
7476,-1,0,0.003,0.000,0.003
7477,-1,0,0.040,0.000,0.040
7478,-1,0,0.005,0.000,0.005
7479,-1,0,0.010,0.000,0.010
7480,-1,0,0.005,0.000,0.005
7481,-1,0,0.001,0.000,0.001
7482,-1,3,0.002,0.000,0.002
7483,-1,0,0.001,0.000,0.001
7484,-1,4,0.002,0.000,0.002
7485,-1,0,0.001,0.000,0.001
7486,-1,0,0.003,0.000,0.003
7487,-1,0,0.004,0.000,0.004
7488,-1,0,0.001,0.000,0.001
7489,-1,2,0.001,0.000,0.001
7490,-1,28,0.006,0.000,0.006
7491,-1,4,0.002,0.000,0.002
7492,-1,0,0.006,0.000,0.006
7493,-1,0,0.070,0.000,0.070
7494,-1,0,0.001,0.000,0.001
7495,-1,2,0.001,0.000,0.002
7496,-1,0,0.003,0.000,0.004
7497,-1,1,0.025,0.000,0.025
7498,-1,0,0.005,0.000,0.005
7499,-1,10,1.635,0.000,1.635
7500,-1,23,0.006,0.000,0.006
7501,-1,0,0.051,0.000,0.051
7502,-1,0,0.001,0.000,0.001
7503,-1,0,0.007,0.000,0.007
7504,-1,0,0.001,0.000,0.001
7505,-1,0,0.006,0.000,0.006
7506,-1,0,0.005,0.000,0.005
7507,-1,3,0.001,0.000,0.001
7508,-1,0,0.007,0.000,0.007
7509,-1,0,0.001,0.000,0.001
7510,-1,38,0.006,0.000,0.006
7511,-1,2,0.001,0.000,0.001
7512,-1,1,0.004,0.000,0.005
7513,-1,0,0.001,0.000,0.001
7514,-1,0,0.001,0.000,0.001
7515,-1,0,0.005,0.000,0.005
7516,-1,1,0.105,0.000,0.106
7517,-1,0,0.001,0.000,0.001
7518,-1,0,0.010,0.000,0.010
7519,-1,0,0.001,0.000,0.001
7520,-1,0,0.001,0.000,0.001
7521,-1,0,0.001,0.000,0.001
7522,-1,0,0.012,0.000,0.012
7523,-1,0,0.004,0.000,0.004
7524,-1,0,0.002,0.000,0.002
7525,-1,0,0.002,0.000,0.002
7526,-1,0,0.002,0.000,0.002
7527,-1,0,0.005,0.000,0.005
7528,-1,0,0.018,0.000,0.018
7529,-1,4,0.002,0.000,0.002
7530,-1,0,0.006,0.000,0.006
7531,-1,0,0.005,0.000,0.005
7532,-1,0,0.009,0.000,0.009
7533,-1,0,0.066,0.000,0.067
7534,-1,0,0.004,0.000,0.004
7535,-1,0,0.076,0.000,0.076
7536,-1,0,0.003,0.000,0.003
7537,-1,0,0.021,0.000,0.021
7538,-1,0,0.001,0.000,0.001
7539,-1,0,0.001,0.000,0.001
7540,-1,0,0.002,0.000,0.002
7541,-1,0,0.006,0.000,0.006
7542,-1,0,0.001,0.000,0.001
7543,-1,0,0.001,0.000,0.001
7544,-1,0,0.001,0.000,0.001
7545,-1,0,0.003,0.000,0.003
7546,-1,3,0.002,0.000,0.002
7547,-1,0,0.036,0.000,0.036
7548,-1,0,0.001,0.000,0.001
7549,-1,0,0.001,0.000,0.001
7550,-1,0,0.001,0.000,0.001
7551,-1,10,0.004,0.000,0.005
7552,-1,0,0.018,0.000,0.018
7553,-1,0,0.003,0.000,0.003
7554,-1,26,0.006,0.000,0.006
7555,-1,0,0.001,0.000,0.001
7556,-1,0,0.001,0.000,0.001
7557,-1,0,0.001,0.000,0.001
7558,-1,0,0.002,0.000,0.002
7559,-1,0,0.005,0.000,0.005
7560,-1,0,0.004,0.000,0.004
7561,-1,1,0.030,0.000,0.030
7562,-1,0,0.379,0.000,0.380
7563,-1,0,0.005,0.000,0.005
7564,-1,7,0.003,0.000,0.003
7565,-1,0,0.078,0.000,0.078
7566,-1,4,0.003,0.000,0.003
7567,-1,0,0.030,0.000,0.030
7568,-1,0,0.003,0.000,0.003
7569,-1,0,0.010,0.000,0.010
7570,-1,0,0.004,0.000,0.004
7571,-1,0,0.016,0.000,0.016
7572,-1,0,0.005,0.000,0.005
7573,-1,0,0.001,0.000,0.001
7574,-1,3,0.002,0.000,0.002
7575,-1,0,0.001,0.000,0.001
7576,-1,0,0.001,0.000,0.001
7577,-1,0,0.001,0.000,0.001
7578,-1,0,0.001,0.000,0.001
7579,-1,0,0.004,0.000,0.004
7580,-1,0,0.020,0.000,0.020
7581,-1,0,0.005,0.000,0.005
7582,-1,0,0.007,0.000,0.007
7583,-1,0,0.001,0.000,0.001
7584,-1,0,0.001,0.000,0.001
7585,-1,0,0.005,0.000,0.005
7586,-1,0,0.009,0.000,0.010
7587,-1,0,0.004,0.000,0.004
7588,-1,0,0.009,0.000,0.009
7589,-1,0,0.012,0.000,0.012
7590,-1,0,0.012,0.000,0.013
7591,-1,1,0.089,0.000,0.089
7592,-1,0,0.002,0.000,0.002
7593,-1,0,0.001,0.000,0.001
7594,-1,0,0.012,0.000,0.012
7595,-1,0,0.001,0.000,0.001
7596,-1,0,0.016,0.000,0.016
7597,-1,0,0.001,0.000,0.001
7598,-1,2,0.002,0.000,0.002
7599,-1,0,0.001,0.000,0.001
7600,-1,0,0.001,0.000,0.001
7601,-1,0,0.011,0.000,0.011
7602,-1,0,0.011,0.000,0.011
7603,-1,0,0.001,0.000,0.001
7604,-1,0,0.001,0.000,0.001
7605,-1,0,0.001,0.000,0.001
7606,-1,0,0.005,0.000,0.006
7607,-1,0,0.016,0.000,0.017
7608,-1,0,0.002,0.000,0.002
7609,-1,0,0.009,0.000,0.009
7610,-1,0,0.019,0.000,0.019
7611,-1,0,0.022,0.000,0.022
7612,-1,0,0.001,0.000,0.001
7613,-1,0,0.001,0.000,0.001
7614,-1,0,0.001,0.000,0.001
7615,-1,1,0.083,0.000,0.083
7616,-1,0,0.013,0.000,0.013
7617,-1,0,0.003,0.000,0.003
7618,-1,0,0.015,0.000,0.015
7619,-1,23,0.006,0.000,0.006
7620,-1,0,0.001,0.000,0.001
7621,-1,6,0.002,0.000,0.002
7622,-1,0,0.001,0.000,0.001
7623,-1,0,0.001,0.000,0.001
7624,-1,0,0.001,0.000,0.001
7625,-1,0,0.017,0.000,0.017
7626,-1,0,0.001,0.000,0.001
7627,-1,0,0.001,0.000,0.001
7628,-1,0,0.011,0.000,0.011
7629,-1,0,0.002,0.000,0.002
7630,-1,0,0.006,0.000,0.007
7631,-1,0,0.013,0.000,0.013
7632,-1,0,0.010,0.000,0.010
7633,-1,0,0.006,0.000,0.006
7634,-1,0,0.001,0.000,0.001
7635,-1,0,0.004,0.000,0.004
7636,-1,0,0.005,0.000,0.005
7637,-1,0,0.001,0.000,0.001
7638,-1,0,0.001,0.000,0.001
7639,-1,1,0.149,0.000,0.149
7640,-1,0,0.001,0.000,0.001
7641,-1,0,0.001,0.000,0.001
7642,-1,0,0.002,0.000,0.002
7643,-1,0,0.003,0.000,0.003
7644,-1,0,0.002,0.000,0.003
7645,-1,0,0.001,0.000,0.001
7646,-1,0,0.001,0.000,0.001
7647,-1,0,0.010,0.000,0.011
7648,-1,1,0.617,0.000,0.617
7649,-1,0,0.003,0.000,0.003
7650,-1,0,0.011,0.000,0.011
7651,-1,2,1.060,0.000,1.061
7652,-1,1,0.002,0.000,0.002
7653,-1,0,0.003,0.000,0.003
7654,-1,0,0.001,0.000,0.001
7655,-1,0,0.016,0.000,0.016
7656,-1,0,0.001,0.000,0.001
7657,-1,4,0.646,0.000,0.647
7658,-1,0,0.001,0.000,0.001
7659,-1,0,0.001,0.000,0.001
7660,-1,0,0.004,0.000,0.004
7661,-1,0,0.012,0.000,0.012
7662,-1,0,0.020,0.000,0.020
7663,-1,0,0.011,0.000,0.011
7664,-1,0,0.001,0.000,0.001
7665,-1,6,0.002,0.000,0.002
7666,-1,0,0.001,0.000,0.001
7667,-1,1,0.055,0.000,0.055
7668,-1,0,0.001,0.000,0.001
7669,-1,0,0.001,0.000,0.001
7670,-1,0,0.001,0.000,0.001
7671,-1,0,0.019,0.000,0.019
7672,-1,0,0.034,0.000,0.034
7673,-1,0,0.001,0.000,0.001
7674,-1,0,0.010,0.000,0.010
7675,-1,0,0.079,0.000,0.079
7676,-1,0,0.030,0.000,0.030
7677,-1,0,0.001,0.000,0.001
7678,-1,0,0.006,0.000,0.006
7679,-1,0,0.001,0.000,0.001
7680,-1,0,0.010,0.000,0.010
7681,-1,0,0.001,0.000,0.001
7682,-1,1,0.001,0.000,0.001
7683,-1,0,0.003,0.000,0.003
7684,-1,4,0.003,0.000,0.003
7685,-1,0,0.011,0.000,0.011
7686,-1,0,0.001,0.000,0.001
7687,-1,0,0.001,0.000,0.001
7688,-1,0,0.018,0.000,0.019
7689,-1,0,0.001,0.000,0.001
7690,-1,0,0.020,0.000,0.020
7691,-1,0,0.001,0.000,0.001
7692,-1,0,0.009,0.000,0.009
7693,-1,0,0.001,0.000,0.001
7694,-1,0,0.020,0.000,0.020
7695,-1,0,0.001,0.000,0.001
7696,-1,0,0.007,0.000,0.007
7697,-1,2,0.001,0.000,0.001
7698,-1,0,0.002,0.000,0.002
7699,-1,0,0.012,0.000,0.012
7700,-1,0,0.017,0.000,0.017
7701,-1,0,0.005,0.000,0.005
7702,-1,1,0.001,0.000,0.001
7703,-1,0,0.012,0.000,0.012
7704,-1,0,0.008,0.000,0.008
7705,-1,0,0.001,0.000,0.001
7706,-1,0,0.000,0.000,0.001
7707,-1,1,0.014,0.000,0.014
7708,-1,0,0.001,0.000,0.001
7709,-1,0,0.001,0.000,0.001
7710,-1,0,0.001,0.000,0.001
7711,-1,0,0.008,0.000,0.008
7712,-1,0,0.001,0.000,0.001
7713,-1,0,0.011,0.000,0.011
7714,-1,0,0.014,0.000,0.014
7715,-1,0,0.001,0.000,0.001
7716,-1,0,0.006,0.000,0.007
7717,-1,3,0.002,0.000,0.002
7718,-1,0,0.014,0.000,0.014
7719,-1,1,0.001,0.000,0.001
7720,-1,5,0.002,0.000,0.002
7721,-1,0,0.010,0.000,0.010
7722,-1,0,0.004,0.000,0.004
7723,-1,1,0.001,0.000,0.001
7724,-1,0,0.009,0.000,0.009
7725,-1,0,0.003,0.000,0.003
7726,-1,0,0.001,0.000,0.001
7727,-1,0,0.004,0.000,0.004
7728,-1,0,0.001,0.000,0.001
7729,-1,0,0.004,0.000,0.004
7730,-1,0,0.009,0.000,0.009
7731,-1,0,0.000,0.000,0.001
7732,-1,0,0.003,0.000,0.003
7733,-1,0,0.003,0.000,0.003
7734,-1,0,0.010,0.000,0.010
7735,-1,0,0.006,0.000,0.006
7736,-1,0,0.001,0.000,0.001
7737,-1,0,0.006,0.000,0.006
7738,-1,0,0.010,0.000,0.010
7739,-1,0,0.001,0.000,0.001
7740,-1,0,0.016,0.000,0.016
7741,-1,0,0.183,0.000,0.183
7742,-1,0,0.443,0.000,0.444
7743,-1,0,0.001,0.000,0.001
7744,-1,0,0.004,0.000,0.004
7745,-1,0,0.002,0.000,0.002
7746,-1,1,0.224,0.000,0.224
7747,-1,23,0.004,0.000,0.005
7748,-1,0,0.000,0.000,0.001
7749,-1,0,0.004,0.000,0.004
7750,-1,0,0.001,0.000,0.001
7751,-1,0,0.005,0.000,0.005
7752,-1,0,0.003,0.000,0.003
7753,-1,5,0.005,0.000,0.005
7754,-1,0,0.001,0.000,0.001
7755,-1,1,0.221,0.000,0.221
7756,-1,0,0.010,0.000,0.010
7757,-1,1,0.079,0.000,0.079
7758,-1,0,0.004,0.000,0.004
7759,-1,4,0.551,0.000,0.551
7760,-1,0,0.001,0.000,0.001
7761,-1,0,0.001,0.000,0.001
7762,-1,0,0.392,0.000,0.393
7763,-1,0,0.003,0.000,0.003
7764,-1,0,0.002,0.000,0.002
7765,-1,2,0.001,0.000,0.001
7766,-1,0,0.001,0.000,0.001
7767,-1,0,0.004,0.000,0.004
7768,-1,4,0.002,0.000,0.002
7769,-1,0,0.001,0.000,0.001
7770,-1,0,0.163,0.000,0.163
7771,-1,0,0.009,0.000,0.009
7772,-1,0,0.001,0.000,0.001
7773,-1,0,0.008,0.000,0.008
7774,-1,0,0.001,0.000,0.001
7775,-1,0,0.001,0.000,0.001
7776,-1,0,0.002,0.000,0.002
7777,-1,0,0.005,0.000,0.005
7778,-1,0,0.001,0.000,0.001
7779,-1,11,0.005,0.000,0.005
7780,-1,0,0.001,0.001,0.002
7781,-1,0,0.001,0.000,0.001
7782,-1,0,0.007,0.000,0.007
7783,-1,0,0.001,0.000,0.001
7784,-1,4,0.078,0.000,0.078
7785,-1,0,0.009,0.000,0.009
7786,-1,0,0.004,0.000,0.004
7787,-1,0,0.013,0.000,0.013
7788,-1,0,0.003,0.000,0.003
7789,-1,0,0.001,0.000,0.001
7790,-1,0,0.009,0.000,0.009
7791,-1,0,0.003,0.000,0.003
7792,-1,0,0.001,0.000,0.002
7793,-1,0,0.001,0.000,0.001
7794,-1,2,0.001,0.000,0.001
7795,-1,0,0.004,0.000,0.004
7796,-1,0,0.004,0.000,0.004
7797,-1,0,0.012,0.000,0.012
7798,-1,0,0.001,0.000,0.001
7799,-1,2,0.002,0.000,0.002
7800,-1,0,0.008,0.000,0.009
7801,-1,0,0.001,0.000,0.001
7802,-1,2,0.001,0.000,0.001
7803,-1,0,0.001,0.000,0.001
7804,-1,5,0.002,0.000,0.002
7805,-1,10,1.496,0.000,1.496
7806,-1,0,0.043,0.000,0.043
7807,-1,0,0.021,0.000,0.021
7808,-1,0,0.009,0.000,0.009
7809,-1,0,0.004,0.000,0.004
7810,-1,0,0.009,0.000,0.009
7811,-1,0,0.001,0.000,0.001
7812,-1,3,0.002,0.000,0.002
7813,-1,0,0.009,0.000,0.009
7814,-1,0,0.003,0.000,0.003
7815,-1,2,0.002,0.000,0.002
7816,-1,0,0.005,0.000,0.005
7817,-1,1,0.532,0.000,0.533
7818,-1,0,0.008,0.000,0.008
7819,-1,0,0.001,0.000,0.001
7820,-1,0,0.001,0.000,0.001
7821,-1,0,0.018,0.000,0.018
7822,-1,5,0.948,0.000,0.949
7823,-1,0,0.010,0.000,0.010
7824,-1,0,0.001,0.000,0.001
7825,-1,0,0.002,0.000,0.003
7826,-1,7,0.002,0.000,0.002
7827,-1,0,0.012,0.000,0.012
7828,-1,0,0.002,0.000,0.002
7829,-1,0,0.001,0.000,0.001
7830,-1,0,0.001,0.000,0.001
7831,-1,0,0.001,0.000,0.001
7832,-1,0,0.001,0.000,0.001
7833,-1,0,0.008,0.000,0.008
7834,-1,0,0.001,0.000,0.001
7835,-1,0,0.001,0.000,0.001
7836,-1,0,0.001,0.000,0.001
7837,-1,2,0.001,0.000,0.001
7838,-1,0,0.000,0.000,0.000
7839,-1,0,0.002,0.000,0.002
7840,-1,0,0.014,0.000,0.014
7841,-1,0,0.004,0.000,0.004
7842,-1,0,0.001,0.000,0.001
7843,-1,0,0.003,0.000,0.003
7844,-1,0,0.002,0.000,0.003
7845,-1,0,0.001,0.000,0.001
7846,-1,0,0.007,0.000,0.007
7847,-1,0,0.009,0.000,0.009
7848,-1,0,0.003,0.000,0.003
7849,-1,4,0.002,0.000,0.002
7850,-1,0,0.001,0.000,0.001
7851,-1,0,0.020,0.000,0.020
7852,-1,0,0.016,0.000,0.016
7853,-1,0,0.019,0.000,0.019
7854,-1,0,0.016,0.000,0.016
7855,-1,0,0.009,0.000,0.009
7856,-1,0,0.007,0.000,0.007
7857,-1,0,0.001,0.000,0.001
7858,-1,0,0.009,0.000,0.009
7859,-1,0,0.001,0.000,0.001
7860,-1,0,0.011,0.000,0.011
7861,-1,4,0.001,0.000,0.001
7862,-1,0,0.066,0.000,0.066
7863,-1,9,0.002,0.000,0.002
7864,-1,0,0.001,0.000,0.001
7865,-1,0,0.003,0.000,0.003
7866,-1,0,0.005,0.000,0.005
7867,-1,0,0.001,0.000,0.001
7868,-1,0,0.012,0.000,0.012
7869,-1,0,0.003,0.000,0.003
7870,-1,0,0.085,0.000,0.086
7871,-1,0,0.004,0.000,0.004
7872,-1,0,0.009,0.000,0.009
7873,-1,0,0.009,0.000,0.009
7874,-1,0,0.001,0.000,0.001
7875,-1,0,0.000,0.000,0.001
7876,-1,0,0.005,0.000,0.005
7877,-1,0,0.405,0.000,0.405
7878,-1,3,0.002,0.000,0.002
7879,-1,3,0.001,0.000,0.001
7880,-1,1,0.001,0.000,0.001
7881,-1,0,0.004,0.000,0.004
7882,-1,0,0.217,0.000,0.217
7883,-1,0,0.001,0.000,0.001
7884,-1,0,0.004,0.000,0.004
7885,-1,0,0.001,0.000,0.001
7886,-1,0,0.015,0.000,0.015
7887,-1,1,1.061,0.000,1.061
7888,-1,0,0.013,0.000,0.013
7889,-1,0,0.001,0.000,0.001
7890,-1,0,0.001,0.000,0.001
7891,-1,0,0.015,0.000,0.015
7892,-1,0,0.001,0.000,0.001
7893,-1,0,0.003,0.000,0.003
7894,-1,0,0.001,0.000,0.001
7895,-1,0,0.001,0.000,0.001
7896,-1,0,0.006,0.000,0.006
7897,-1,0,0.013,0.000,0.013
7898,-1,0,0.002,0.000,0.003
7899,-1,0,0.001,0.000,0.001
7900,-1,0,0.001,0.000,0.001
7901,-1,0,0.012,0.000,0.012
7902,-1,0,0.007,0.000,0.007
7903,-1,0,0.005,0.000,0.006
7904,-1,0,0.001,0.000,0.001
7905,-1,0,0.007,0.000,0.007
7906,-1,0,0.003,0.000,0.003
7907,-1,0,0.001,0.000,0.001
7908,-1,0,0.058,0.000,0.058
7909,-1,0,0.130,0.000,0.130
7910,-1,0,0.001,0.000,0.001
7911,-1,3,0.002,0.000,0.002
7912,-1,0,0.040,0.000,0.040
7913,-1,0,0.001,0.000,0.001
7914,-1,0,0.003,0.000,0.003
7915,-1,0,0.114,0.000,0.114
7916,-1,0,0.001,0.000,0.001
7917,-1,0,0.001,0.000,0.001
7918,-1,3,0.002,0.000,0.002
7919,-1,0,0.012,0.000,0.012
7920,-1,0,0.001,0.000,0.001
7921,-1,0,0.013,0.000,0.013
7922,-1,0,0.009,0.000,0.009
7923,-1,0,0.151,0.000,0.151
7924,-1,23,0.005,0.000,0.005
7925,-1,0,0.003,0.000,0.003
7926,-1,0,0.001,0.000,0.001
7927,-1,0,0.012,0.000,0.012
7928,-1,5,1.082,0.000,1.082
7929,-1,0,0.007,0.000,0.007
7930,-1,0,0.003,0.000,0.003
7931,-1,0,0.006,0.000,0.006
7932,-1,0,0.010,0.000,0.010
7933,-1,0,0.015,0.000,0.015
7934,-1,0,0.001,0.000,0.001
7935,-1,0,0.019,0.000,0.019
7936,-1,0,0.001,0.000,0.001
7937,-1,0,0.002,0.000,0.002
7938,-1,0,0.001,0.000,0.001
7939,-1,0,0.002,0.000,0.002
7940,-1,0,0.008,0.000,0.008
7941,-1,0,0.004,0.000,0.004
7942,-1,0,0.002,0.000,0.002
7943,-1,0,0.004,0.000,0.004
7944,-1,0,0.003,0.000,0.003
7945,-1,0,0.003,0.000,0.004
7946,-1,0,0.001,0.000,0.001
7947,-1,0,0.015,0.000,0.015
7948,-1,0,0.009,0.000,0.009
7949,-1,0,0.003,0.000,0.003
7950,-1,0,0.001,0.000,0.001
7951,-1,0,0.001,0.000,0.001
7952,-1,1,0.002,0.000,0.002
7953,-1,0,0.054,0.000,0.054
7954,-1,1,0.168,0.000,0.168
7955,-1,0,0.084,0.000,0.084
7956,-1,0,0.001,0.000,0.001
7957,-1,0,0.004,0.000,0.004
7958,-1,0,0.003,0.000,0.003
7959,-1,4,0.001,0.000,0.002
7960,-1,0,0.001,0.000,0.001
7961,-1,0,0.004,0.000,0.004
7962,-1,0,0.003,0.000,0.003
7963,-1,0,0.001,0.000,0.001
7964,-1,0,0.002,0.000,0.002
7965,-1,0,0.003,0.000,0.004
7966,-1,0,0.016,0.000,0.016
7967,-1,9,0.004,0.000,0.004
7968,-1,0,0.001,0.000,0.001
7969,-1,0,0.011,0.000,0.011
7970,-1,0,0.018,0.000,0.018
7971,-1,0,0.005,0.000,0.005
7972,-1,2,0.977,0.000,0.977
7973,-1,0,0.007,0.000,0.007
7974,-1,0,0.001,0.000,0.001
7975,-1,0,0.001,0.000,0.001
7976,-1,0,0.060,0.000,0.060
7977,-1,0,0.001,0.000,0.001
7978,-1,0,0.012,0.000,0.012
7979,-1,0,0.001,0.000,0.001
7980,-1,0,0.153,0.000,0.153
7981,-1,7,0.004,0.000,0.004
7982,-1,0,0.011,0.000,0.011
7983,-1,0,0.001,0.000,0.001
7984,-1,0,0.001,0.000,0.001
7985,-1,0,0.016,0.000,0.016
7986,-1,0,0.002,0.000,0.002
7987,-1,10,1.584,0.000,1.584
7988,-1,0,0.010,0.000,0.010
7989,-1,0,0.001,0.000,0.001
7990,-1,0,0.015,0.000,0.015
7991,-1,0,0.021,0.000,0.021
7992,-1,0,0.001,0.000,0.001
7993,-1,0,0.048,0.000,0.048
7994,-1,0,0.014,0.000,0.015
7995,-1,0,0.001,0.000,0.001
7996,-1,0,0.001,0.000,0.001
7997,-1,0,0.001,0.000,0.001
7998,-1,0,0.006,0.000,0.006
7999,-1,1,0.185,0.000,0.185
8000,-1,0,0.018,0.000,0.018
8001,-1,0,0.004,0.000,0.004
8002,-1,0,0.004,0.000,0.004
8003,-1,5,1.039,0.000,1.040
8004,-1,0,0.001,0.000,0.001
8005,-1,0,0.016,0.000,0.016
8006,-1,1,0.001,0.000,0.001
8007,-1,0,0.006,0.000,0.006
8008,-1,1,0.169,0.000,0.169
8009,-1,0,0.005,0.000,0.005
8010,-1,0,0.001,0.000,0.001
8011,-1,0,0.004,0.000,0.004
8012,-1,0,0.001,0.000,0.001
8013,-1,0,0.010,0.000,0.010
8014,-1,0,0.004,0.000,0.004
8015,-1,10,1.650,0.000,1.650
8016,-1,0,0.006,0.000,0.006
8017,-1,0,0.005,0.000,0.005
8018,-1,0,0.001,0.000,0.001
8019,-1,0,0.006,0.000,0.006
8020,-1,0,0.001,0.000,0.001
8021,-1,2,0.001,0.000,0.002
8022,-1,0,0.003,0.000,0.003
8023,-1,0,0.003,0.000,0.003
8024,-1,0,0.023,0.000,0.023
8025,-1,1,0.012,0.000,0.012
8026,-1,0,0.012,0.000,0.012
8027,-1,0,0.001,0.000,0.001
8028,-1,0,0.001,0.000,0.001
8029,-1,0,0.001,0.000,0.001
8030,-1,0,0.003,0.000,0.003
8031,-1,3,0.002,0.000,0.002
8032,-1,2,0.001,0.000,0.001
8033,-1,0,0.001,0.000,0.001
8034,-1,1,0.010,0.000,0.010
8035,-1,0,0.005,0.000,0.006
8036,-1,0,0.001,0.000,0.001
8037,-1,2,0.001,0.000,0.001
8038,-1,1,0.001,0.000,0.001
8039,-1,0,0.001,0.000,0.001
8040,-1,0,0.001,0.000,0.001
8041,-1,0,0.002,0.000,0.002
8042,-1,0,0.001,0.000,0.001
8043,-1,0,0.004,0.000,0.004
8044,-1,0,0.011,0.000,0.011
8045,-1,0,0.001,0.000,0.001
8046,-1,0,0.005,0.000,0.005
8047,-1,0,0.014,0.000,0.014
8048,-1,0,0.003,0.000,0.003
8049,-1,0,0.005,0.000,0.005
8050,-1,0,0.003,0.000,0.003
8051,-1,0,0.008,0.000,0.008
8052,-1,0,0.094,0.000,0.094
8053,-1,0,0.001,0.000,0.001
8054,-1,0,0.004,0.000,0.004
8055,-1,0,0.004,0.000,0.004
8056,-1,0,0.001,0.000,0.001
8057,-1,0,0.003,0.000,0.003
8058,-1,0,0.005,0.000,0.005
8059,-1,4,0.002,0.000,0.003
8060,-1,0,0.001,0.000,0.001
8061,-1,0,0.025,0.000,0.025
8062,-1,0,0.003,0.000,0.003
8063,-1,0,0.001,0.000,0.001
8064,-1,0,0.004,0.000,0.005
8065,-1,0,0.000,0.000,0.001
8066,-1,0,0.004,0.000,0.004
8067,-1,0,0.001,0.000,0.001
8068,-1,0,0.015,0.000,0.015
8069,-1,4,0.002,0.000,0.002
8070,-1,1,0.265,0.000,0.265
8071,-1,1,0.011,0.000,0.011
8072,-1,1,0.002,0.000,0.002
8073,-1,0,0.001,0.000,0.001
8074,-1,0,0.001,0.000,0.001
8075,-1,2,0.243,0.000,0.243
8076,-1,0,0.005,0.000,0.005
8077,-1,0,0.001,0.000,0.001
8078,-1,4,0.622,0.000,0.622
8079,-1,0,0.001,0.000,0.001
8080,-1,0,0.001,0.000,0.001
8081,-1,0,0.001,0.000,0.001
8082,-1,0,0.006,0.000,0.006
8083,-1,0,0.008,0.000,0.008
8084,-1,0,0.001,0.000,0.001
8085,-1,2,0.002,0.000,0.002
8086,-1,0,0.021,0.000,0.021
8087,-1,0,0.004,0.000,0.004
8088,-1,0,0.001,0.000,0.001
8089,-1,0,0.001,0.000,0.001
8090,-1,0,0.001,0.000,0.001
8091,-1,0,0.011,0.000,0.011
8092,-1,0,0.018,0.000,0.018
8093,-1,0,0.001,0.000,0.001
8094,-1,0,0.003,0.000,0.003
8095,-1,0,0.004,0.000,0.004
8096,-1,0,0.001,0.000,0.001
8097,-1,0,0.010,0.000,0.010
8098,-1,0,0.004,0.000,0.004
8099,-1,0,0.001,0.000,0.001
8100,-1,3,0.002,0.000,0.002
8101,-1,0,0.001,0.000,0.001
8102,-1,0,0.027,0.000,0.027
8103,-1,0,0.001,0.000,0.001
8104,-1,0,0.008,0.000,0.009
8105,-1,2,0.346,0.000,0.346
8106,-1,2,0.002,0.000,0.002
8107,-1,0,0.002,0.000,0.002
8108,-1,0,0.001,0.000,0.001
8109,-1,0,0.009,0.000,0.009
8110,-1,0,0.001,0.000,0.001
8111,-1,0,0.001,0.000,0.001
8112,-1,0,0.001,0.000,0.001
8113,-1,0,0.008,0.000,0.008
8114,-1,0,0.001,0.000,0.001
8115,-1,0,0.071,0.000,0.071
8116,-1,1,0.001,0.000,0.001
8117,-1,3,0.002,0.000,0.002
8118,-1,0,0.001,0.000,0.001
8119,-1,0,0.003,0.000,0.003
8120,-1,0,0.001,0.000,0.001
8121,-1,0,0.001,0.000,0.001
8122,-1,0,0.001,0.000,0.001
8123,-1,2,0.240,0.000,0.240
8124,-1,0,0.006,0.000,0.006
8125,-1,1,0.016,0.000,0.016
8126,-1,0,0.001,0.000,0.001
8127,-1,0,0.010,0.000,0.010
8128,-1,0,0.001,0.000,0.001
8129,-1,0,0.081,0.000,0.081
8130,-1,17,0.004,0.000,0.004
8131,-1,0,0.003,0.000,0.003
8132,-1,27,0.004,0.000,0.005
8133,-1,0,0.002,0.000,0.002
8134,-1,0,0.001,0.000,0.001
8135,-1,0,0.000,0.000,0.000
8136,-1,0,0.008,0.000,0.008
8137,-1,0,0.000,0.000,0.001
8138,-1,0,0.001,0.000,0.001
8139,-1,0,0.000,0.000,0.000
8140,-1,0,0.001,0.000,0.001
8141,-1,5,0.003,0.000,0.003
8142,-1,0,0.001,0.000,0.001
8143,-1,0,0.008,0.000,0.008
8144,-1,0,0.001,0.000,0.001
8145,-1,0,0.005,0.000,0.005
8146,-1,0,0.021,0.000,0.021
8147,-1,0,0.000,0.000,0.000
8148,-1,3,0.002,0.000,0.002
8149,-1,0,0.035,0.000,0.036
8150,-1,0,0.003,0.000,0.003
8151,-1,0,0.004,0.000,0.004
8152,-1,0,0.092,0.000,0.092
8153,-1,10,1.580,0.000,1.581
8154,-1,0,0.018,0.000,0.018
8155,-1,0,0.001,0.000,0.001
8156,-1,1,0.013,0.000,0.013
8157,-1,0,0.003,0.000,0.003
8158,-1,5,0.003,0.000,0.003
8159,-1,0,0.004,0.000,0.004
8160,-1,0,0.005,0.000,0.005
8161,-1,0,0.109,0.000,0.109
8162,-1,0,0.009,0.000,0.009
8163,-1,0,0.001,0.000,0.001
8164,-1,0,0.001,0.000,0.001
8165,-1,0,0.004,0.000,0.004
8166,-1,0,0.001,0.000,0.001
8167,-1,0,0.001,0.000,0.001
8168,-1,0,0.010,0.000,0.011
8169,-1,0,0.006,0.000,0.006
8170,-1,5,1.290,0.000,1.291
8171,-1,0,0.001,0.000,0.001
8172,-1,0,0.004,0.000,0.004
8173,-1,0,0.002,0.000,0.002
8174,-1,0,0.004,0.000,0.004
8175,-1,4,0.003,0.000,0.003
8176,-1,0,0.017,0.000,0.017
8177,-1,3,0.067,0.000,0.067
8178,-1,0,0.004,0.000,0.004
8179,-1,0,0.003,0.000,0.003
8180,-1,5,0.003,0.000,0.003
8181,-1,0,0.007,0.000,0.008
8182,-1,0,0.003,0.000,0.003
8183,-1,0,0.015,0.000,0.015
8184,-1,0,0.000,0.000,0.000
8185,-1,0,0.072,0.000,0.073
8186,-1,0,0.015,0.000,0.015
8187,-1,2,0.001,0.000,0.002
8188,-1,0,0.098,0.000,0.098
8189,-1,0,0.001,0.000,0.001
8190,-1,0,0.006,0.000,0.006
8191,-1,1,0.200,0.000,0.201
8192,-1,0,0.018,0.000,0.018
8193,-1,0,0.086,0.000,0.087
8194,-1,0,0.012,0.000,0.012
8195,-1,0,0.001,0.000,0.001
8196,-1,0,0.016,0.000,0.016
8197,-1,0,0.001,0.000,0.001
8198,-1,0,0.002,0.000,0.002
8199,-1,0,0.003,0.000,0.003
8200,-1,0,0.000,0.000,0.001
8201,-1,0,0.006,0.000,0.006
8202,-1,0,0.046,0.000,0.046
8203,-1,0,0.002,0.000,0.002
8204,-1,1,0.218,0.000,0.218
8205,-1,0,0.001,0.000,0.001
8206,-1,0,0.001,0.000,0.001
8207,-1,0,0.003,0.000,0.003
8208,-1,0,0.003,0.000,0.003
8209,-1,0,0.001,0.000,0.001
8210,-1,0,0.001,0.000,0.001
8211,-1,0,0.006,0.000,0.006
8212,-1,0,0.000,0.000,0.000
8213,-1,0,0.003,0.000,0.003
8214,-1,0,0.005,0.000,0.005
8215,-1,3,0.003,0.000,0.003
8216,-1,0,0.010,0.000,0.010
8217,-1,1,0.015,0.000,0.015
8218,-1,0,0.002,0.000,0.002
8219,-1,0,0.001,0.000,0.001
8220,-1,0,0.002,0.000,0.003
8221,-1,0,0.010,0.000,0.010
8222,-1,0,0.005,0.000,0.005
8223,-1,0,0.006,0.000,0.006
8224,-1,10,1.626,0.000,1.626
8225,-1,0,0.001,0.000,0.001
8226,-1,0,0.001,0.000,0.001
8227,-1,0,0.001,0.000,0.001
8228,-1,0,0.014,0.000,0.014
8229,-1,3,0.002,0.000,0.003
8230,-1,0,0.001,0.000,0.001
8231,-1,0,0.012,0.000,0.012
8232,-1,2,0.331,0.000,0.331
8233,-1,0,0.009,0.000,0.009
8234,-1,0,0.029,0.000,0.029
8235,-1,2,0.002,0.000,0.002
8236,-1,0,0.013,0.000,0.013
8237,-1,0,0.001,0.000,0.001
8238,-1,0,0.009,0.000,0.009
8239,-1,4,0.587,0.000,0.588
8240,-1,0,0.002,0.000,0.002
8241,-1,0,0.002,0.000,0.003
8242,-1,2,0.327,0.000,0.327
8243,-1,0,0.004,0.000,0.004
8244,-1,0,0.001,0.000,0.001
8245,-1,0,0.001,0.000,0.001
8246,-1,0,0.001,0.000,0.001
8247,-1,0,0.015,0.000,0.015
8248,-1,0,0.003,0.000,0.003
8249,-1,0,0.009,0.000,0.009
8250,-1,0,0.001,0.000,0.001
8251,-1,23,0.005,0.000,0.005
8252,-1,0,0.010,0.000,0.010
8253,-1,0,0.004,0.000,0.004
8254,-1,0,0.001,0.000,0.001
8255,-1,2,0.002,0.000,0.002
8256,-1,0,0.001,0.000,0.001
8257,-1,0,0.015,0.000,0.015
8258,-1,1,0.001,0.000,0.001
8259,-1,0,0.001,0.000,0.001
8260,-1,0,0.001,0.000,0.001
8261,-1,0,0.004,0.000,0.004
8262,-1,0,0.001,0.000,0.001
8263,-1,49,0.008,0.000,0.009
8264,-1,0,0.000,0.000,0.001
8265,-1,0,0.048,0.000,0.048
8266,-1,0,0.021,0.000,0.021
8267,-1,0,0.000,0.000,0.001
8268,-1,0,0.009,0.000,0.009
8269,-1,5,0.003,0.000,0.003
8270,-1,0,0.000,0.000,0.001
8271,-1,0,0.006,0.000,0.006
8272,-1,0,0.004,0.000,0.004
8273,-1,0,0.001,0.000,0.001
8274,-1,0,0.001,0.000,0.001
8275,-1,4,0.560,0.000,0.560
8276,-1,0,0.001,0.000,0.001
8277,-1,0,0.001,0.000,0.001
8278,-1,0,0.001,0.000,0.001
8279,-1,0,0.009,0.000,0.009
8280,-1,0,0.001,0.000,0.001
8281,-1,0,0.010,0.000,0.010
8282,-1,0,0.001,0.000,0.001
8283,-1,10,1.605,0.000,1.605
8284,-1,0,0.001,0.000,0.001
8285,-1,0,0.004,0.000,0.004
8286,-1,0,0.001,0.000,0.001
8287,-1,0,0.009,0.000,0.009
8288,-1,0,0.003,0.000,0.003
8289,-1,5,0.003,0.000,0.003
8290,-1,0,0.001,0.000,0.001
8291,-1,4,0.002,0.000,0.002
8292,-1,0,0.001,0.000,0.001
8293,-1,0,0.003,0.000,0.003
8294,-1,0,0.006,0.000,0.006
8295,-1,0,0.003,0.000,0.003
8296,-1,1,0.001,0.000,0.002
8297,-1,0,0.004,0.000,0.004
8298,-1,0,0.006,0.000,0.006
8299,-1,0,0.005,0.000,0.005
8300,-1,5,0.002,0.000,0.002
8301,-1,0,0.001,0.000,0.001
8302,-1,0,0.001,0.000,0.001
8303,-1,2,0.002,0.000,0.002
8304,-1,0,0.003,0.000,0.003
8305,-1,0,0.001,0.000,0.001
8306,-1,0,0.004,0.000,0.004
8307,-1,1,0.001,0.000,0.001
8308,-1,0,0.004,0.000,0.004
8309,-1,0,0.000,0.000,0.001
8310,-1,0,0.001,0.000,0.001
8311,-1,0,0.059,0.000,0.059
8312,-1,0,0.059,0.000,0.059
8313,-1,0,0.001,0.000,0.001
8314,-1,0,0.004,0.000,0.004
8315,-1,0,0.004,0.000,0.004
8316,-1,0,0.004,0.000,0.004
8317,-1,0,0.010,0.000,0.010
8318,-1,0,0.001,0.000,0.001
8319,-1,5,0.002,0.000,0.002
8320,-1,0,0.001,0.000,0.001
8321,-1,0,0.086,0.000,0.086
8322,-1,1,0.001,0.000,0.001
8323,-1,0,0.001,0.000,0.001
8324,-1,0,0.009,0.000,0.009
8325,-1,0,0.004,0.000,0.004
8326,-1,5,0.003,0.000,0.003
8327,-1,2,0.355,0.000,0.355
8328,-1,0,0.008,0.000,0.008
8329,-1,0,0.011,0.000,0.011
8330,-1,0,0.014,0.000,0.014
8331,-1,6,0.003,0.000,0.003
8332,-1,0,0.428,0.000,0.428
8333,-1,1,0.008,0.000,0.008
8334,-1,0,0.004,0.000,0.004
8335,-1,0,0.001,0.000,0.001
8336,-1,0,0.001,0.000,0.001
8337,-1,0,0.001,0.000,0.001
8338,-1,2,0.100,0.000,0.100
8339,-1,0,0.001,0.000,0.001
8340,-1,4,0.002,0.000,0.002
8341,-1,0,0.001,0.000,0.001
8342,-1,0,0.001,0.000,0.001
8343,-1,0,0.001,0.000,0.001
8344,-1,0,0.002,0.000,0.002
8345,-1,0,0.004,0.000,0.004
8346,-1,0,0.001,0.000,0.001
8347,-1,0,0.008,0.000,0.008
8348,-1,0,0.004,0.000,0.004
8349,-1,0,0.006,0.000,0.006
8350,-1,0,0.024,0.000,0.024
8351,-1,0,0.002,0.000,0.002
8352,-1,0,0.005,0.000,0.005
8353,-1,0,0.001,0.000,0.001
8354,-1,0,0.001,0.000,0.001
8355,-1,0,0.004,0.000,0.004
8356,-1,0,0.000,0.000,0.001
8357,-1,0,0.008,0.000,0.009
8358,-1,0,0.019,0.000,0.020
8359,-1,0,0.003,0.000,0.003
8360,-1,0,0.016,0.000,0.016
8361,-1,0,0.012,0.000,0.012
8362,-1,0,0.003,0.000,0.003
8363,-1,2,0.002,0.000,0.002
8364,-1,0,0.001,0.000,0.001
8365,-1,0,0.011,0.000,0.011
8366,-1,0,0.004,0.000,0.004
8367,-1,0,0.001,0.000,0.001
8368,-1,0,0.001,0.000,0.001
8369,-1,0,0.005,0.000,0.005
8370,-1,32,0.010,0.000,0.010
8371,-1,0,0.001,0.000,0.001
8372,-1,0,0.014,0.000,0.014
8373,-1,0,0.004,0.000,0.005
8374,-1,0,0.001,0.000,0.001
8375,-1,31,0.005,0.000,0.005
8376,-1,0,0.009,0.000,0.009
8377,-1,0,0.000,0.000,0.001
8378,-1,0,0.001,0.000,0.001
8379,-1,0,0.001,0.000,0.001
8380,-1,0,0.003,0.000,0.004
8381,-1,0,0.001,0.000,0.001
8382,-1,0,0.001,0.000,0.001
8383,-1,0,0.001,0.000,0.001
8384,-1,1,0.012,0.000,0.012
8385,-1,0,0.010,0.000,0.010
8386,-1,0,0.060,0.000,0.060
8387,-1,0,0.001,0.000,0.001
8388,-1,0,0.009,0.000,0.009
8389,-1,2,0.001,0.000,0.001
8390,-1,0,0.002,0.000,0.002
8391,-1,0,0.009,0.000,0.009
8392,-1,0,0.001,0.000,0.001
8393,-1,0,0.003,0.000,0.003
8394,-1,1,0.016,0.000,0.016
8395,-1,2,0.995,0.000,0.995
8396,-1,0,0.014,0.000,0.014
8397,-1,1,0.189,0.000,0.189
8398,-1,0,0.004,0.000,0.004
8399,-1,0,0.001,0.000,0.001
8400,-1,0,0.001,0.000,0.001
8401,-1,0,0.018,0.000,0.018
8402,-1,0,0.009,0.000,0.009
8403,-1,0,0.003,0.000,0.003
8404,-1,0,0.001,0.000,0.001
8405,-1,0,0.005,0.000,0.005
8406,-1,0,0.001,0.000,0.001
8407,-1,0,0.001,0.000,0.001
8408,-1,0,0.003,0.000,0.003
8409,-1,17,0.007,0.000,0.007
8410,-1,0,0.001,0.000,0.001
8411,-1,0,0.003,0.000,0.003
8412,-1,1,0.001,0.000,0.001
8413,-1,5,0.003,0.000,0.003
8414,-1,26,0.005,0.000,0.005
8415,-1,0,0.013,0.000,0.013
8416,-1,1,0.132,0.000,0.132
8417,-1,0,0.142,0.000,0.142
8418,-1,0,0.003,0.000,0.003
8419,-1,0,0.003,0.000,0.003
8420,-1,0,0.001,0.000,0.001
8421,-1,0,0.163,0.000,0.163
8422,-1,0,0.004,0.000,0.004
8423,-1,0,0.021,0.000,0.021
8424,-1,0,0.001,0.000,0.001
8425,-1,0,0.004,0.000,0.004
8426,-1,0,0.004,0.000,0.004
8427,-1,0,0.002,0.000,0.002
8428,-1,0,0.062,0.000,0.062
8429,-1,0,0.010,0.000,0.010
8430,-1,0,0.004,0.000,0.004
8431,-1,0,0.001,0.000,0.001
8432,-1,0,0.001,0.000,0.001
8433,-1,0,0.001,0.000,0.001
8434,-1,0,0.004,0.000,0.004
8435,-1,0,0.003,0.000,0.003
8436,-1,0,0.003,0.000,0.003
8437,-1,0,0.060,0.000,0.060
8438,-1,0,0.015,0.000,0.015
8439,-1,0,0.002,0.000,0.002
8440,-1,0,0.004,0.000,0.004
8441,-1,0,0.014,0.000,0.014
8442,-1,0,0.012,0.000,0.012
8443,-1,3,0.002,0.000,0.002
8444,-1,6,0.003,0.000,0.003
8445,-1,2,0.002,0.000,0.002
8446,-1,0,0.001,0.000,0.001
8447,-1,0,0.001,0.000,0.001
8448,-1,0,0.009,0.000,0.010
8449,-1,0,0.085,0.000,0.085
8450,-1,0,0.005,0.000,0.005
8451,-1,0,0.001,0.000,0.001
8452,-1,24,0.008,0.000,0.008
8453,-1,0,0.001,0.000,0.001
8454,-1,0,0.001,0.000,0.001
8455,-1,0,0.009,0.000,0.009
8456,-1,0,0.001,0.000,0.001
8457,-1,0,0.000,0.000,0.000
8458,-1,1,0.017,0.000,0.017
8459,-1,1,0.013,0.000,0.013
8460,-1,0,0.002,0.000,0.002
8461,-1,0,0.017,0.000,0.017
8462,-1,0,0.005,0.000,0.005
8463,-1,0,0.009,0.000,0.009
8464,-1,0,0.001,0.000,0.001
8465,-1,0,0.001,0.000,0.001
8466,-1,0,0.005,0.000,0.005
8467,-1,0,0.071,0.000,0.071
8468,-1,0,0.004,0.000,0.004
8469,-1,0,0.010,0.000,0.010
8470,-1,0,0.011,0.000,0.011
8471,-1,0,0.002,0.000,0.002
8472,-1,0,0.001,0.000,0.001
8473,-1,0,0.014,0.000,0.014
8474,-1,0,0.001,0.000,0.001
8475,-1,1,0.001,0.000,0.001
8476,-1,0,0.001,0.000,0.001
8477,-1,0,0.011,0.000,0.011
8478,-1,0,0.004,0.000,0.004
8479,-1,0,0.002,0.000,0.002
8480,-1,0,0.001,0.000,0.001
8481,-1,0,0.004,0.000,0.005
8482,-1,0,0.005,0.000,0.005
8483,-1,0,0.001,0.000,0.001
8484,-1,0,0.001,0.000,0.001
8485,-1,0,0.009,0.000,0.009
8486,-1,0,0.002,0.000,0.002
8487,-1,0,0.010,0.000,0.010
8488,-1,0,0.002,0.000,0.002
8489,-1,0,0.002,0.000,0.002
8490,-1,0,0.010,0.000,0.010
8491,-1,3,0.002,0.000,0.002
8492,-1,2,0.001,0.000,0.002
8493,-1,0,0.001,0.000,0.001
8494,-1,5,1.077,0.000,1.078
8495,-1,0,0.066,0.000,0.066
8496,-1,0,0.000,0.000,0.000
8497,-1,0,0.002,0.000,0.002
8498,-1,0,0.005,0.000,0.005
8499,-1,0,0.006,0.000,0.006
8500,-1,0,0.001,0.000,0.001
8501,-1,0,0.003,0.000,0.004
8502,-1,0,0.001,0.000,0.001
8503,-1,0,0.005,0.000,0.005
8504,-1,0,0.040,0.000,0.040
8505,-1,0,0.006,0.000,0.006
8506,-1,0,0.006,0.000,0.006
8507,-1,0,0.002,0.000,0.002
8508,-1,0,0.017,0.000,0.017
8509,-1,0,0.003,0.000,0.003
8510,-1,0,0.010,0.000,0.010
8511,-1,0,0.003,0.000,0.003
8512,-1,1,0.274,0.000,0.274
8513,-1,0,0.002,0.000,0.002
8514,-1,0,0.003,0.000,0.003
8515,-1,0,0.003,0.000,0.004
8516,-1,0,0.004,0.000,0.004
8517,-1,4,0.563,0.000,0.563
8518,-1,0,0.001,0.000,0.001
8519,-1,5,0.003,0.000,0.003
8520,-1,0,0.001,0.000,0.001
8521,-1,0,0.015,0.000,0.015
8522,-1,1,0.112,0.000,0.112
8523,-1,0,0.000,0.000,0.001
8524,-1,0,0.001,0.000,0.001
8525,-1,0,0.001,0.000,0.001
8526,-1,0,0.006,0.000,0.006
8527,-1,0,0.001,0.000,0.001
8528,-1,0,0.001,0.000,0.001
8529,-1,0,0.001,0.000,0.001
8530,-1,0,0.001,0.000,0.001
8531,-1,0,0.006,0.000,0.006
8532,-1,0,0.000,0.000,0.001
8533,-1,0,0.001,0.000,0.001
8534,-1,0,0.005,0.000,0.006
8535,-1,0,0.002,0.000,0.002
8536,-1,0,0.002,0.000,0.002
8537,-1,0,0.002,0.000,0.002
8538,-1,0,0.004,0.000,0.004
8539,-1,0,0.006,0.000,0.006
8540,-1,0,0.001,0.000,0.001
8541,-1,0,0.158,0.000,0.158
8542,-1,0,0.004,0.000,0.004
8543,-1,0,0.004,0.000,0.004
8544,-1,0,0.011,0.000,0.012
8545,-1,0,0.001,0.000,0.001
8546,-1,0,0.001,0.000,0.001
8547,-1,0,0.003,0.000,0.003
8548,-1,0,0.003,0.000,0.003
8549,-1,0,0.003,0.000,0.003
8550,-1,2,0.218,0.000,0.218
8551,-1,0,0.001,0.000,0.001
8552,-1,0,0.004,0.000,0.004
8553,-1,0,0.016,0.000,0.016
8554,-1,7,0.002,0.000,0.002
8555,-1,0,0.001,0.000,0.001
8556,-1,10,0.003,0.000,0.004
8557,-1,0,0.001,0.000,0.001
8558,-1,1,0.001,0.000,0.001
8559,-1,0,0.000,0.000,0.001
8560,-1,0,0.001,0.000,0.001
8561,-1,0,0.001,0.000,0.001
8562,-1,0,0.001,0.000,0.001
8563,-1,4,0.002,0.000,0.002
8564,-1,0,0.000,0.000,0.000
8565,-1,0,0.016,0.000,0.016
8566,-1,0,0.001,0.000,0.001
8567,-1,0,0.012,0.000,0.012
8568,-1,9,0.004,0.000,0.004
8569,-1,0,0.004,0.000,0.004
8570,-1,6,0.002,0.000,0.002
8571,-1,0,0.001,0.000,0.001
8572,-1,0,0.009,0.000,0.009
8573,-1,0,0.007,0.000,0.007
8574,-1,0,0.005,0.000,0.005
8575,-1,0,0.003,0.000,0.003
8576,-1,0,0.001,0.000,0.001
8577,-1,0,0.011,0.000,0.011
8578,-1,3,0.002,0.000,0.002
8579,-1,0,0.001,0.000,0.001
8580,-1,0,0.000,0.000,0.000
8581,-1,0,0.001,0.000,0.001
8582,-1,0,0.009,0.000,0.009
8583,-1,2,0.001,0.000,0.001
8584,-1,0,0.001,0.000,0.001
8585,-1,0,0.033,0.000,0.033
8586,-1,0,0.001,0.000,0.001
8587,-1,0,0.021,0.000,0.021
8588,-1,2,0.913,0.000,0.913
8589,-1,0,0.001,0.000,0.001
8590,-1,0,0.008,0.000,0.008
8591,-1,0,0.003,0.000,0.003
8592,-1,23,0.004,0.000,0.004
8593,-1,1,0.522,0.000,0.522
8594,-1,1,0.001,0.000,0.002
8595,-1,0,0.003,0.000,0.003
8596,-1,0,0.002,0.000,0.002
8597,-1,0,0.002,0.000,0.002
8598,-1,0,0.010,0.000,0.010
8599,-1,0,0.015,0.000,0.015
8600,-1,0,0.001,0.000,0.001
8601,-1,0,0.002,0.000,0.002
8602,-1,0,0.001,0.000,0.001
8603,-1,0,0.001,0.000,0.001
8604,-1,0,0.001,0.000,0.001
8605,-1,0,0.064,0.000,0.065
8606,-1,0,0.009,0.000,0.009
8607,-1,0,0.003,0.000,0.003
8608,-1,0,0.010,0.000,0.010
8609,-1,0,0.416,0.000,0.416
8610,-1,0,0.006,0.000,0.006
8611,-1,0,0.001,0.000,0.001
8612,-1,0,0.004,0.000,0.004
8613,-1,0,0.001,0.000,0.001
8614,-1,0,0.002,0.000,0.002
8615,-1,0,0.000,0.000,0.000
8616,-1,0,0.005,0.000,0.006
8617,-1,3,0.002,0.000,0.002
8618,-1,1,0.558,0.000,0.558
8619,-1,0,0.008,0.000,0.008
8620,-1,0,0.011,0.000,0.011
8621,-1,0,0.017,0.000,0.018
8622,-1,0,0.003,0.000,0.003
8623,-1,0,0.002,0.000,0.002
8624,-1,0,0.006,0.000,0.007
8625,-1,0,0.001,0.000,0.001
8626,-1,0,0.001,0.000,0.001
8627,-1,2,0.002,0.000,0.002
8628,-1,0,0.012,0.000,0.012
8629,-1,1,0.020,0.000,0.020
8630,-1,0,0.003,0.000,0.003
8631,-1,0,0.001,0.000,0.001
8632,-1,117,0.031,0.000,0.031
8633,-1,0,0.001,0.000,0.001
8634,-1,4,0.002,0.000,0.002
8635,-1,0,0.002,0.000,0.002
8636,-1,0,0.048,0.000,0.048
8637,-1,0,0.001,0.000,0.001
8638,-1,0,0.004,0.000,0.004
8639,-1,0,0.001,0.000,0.001
8640,-1,0,0.001,0.000,0.001
8641,-1,1,0.019,0.000,0.020
8642,-1,0,0.004,0.000,0.004
8643,-1,0,0.001,0.000,0.001
8644,-1,0,0.001,0.000,0.001
8645,-1,0,0.001,0.000,0.001
8646,-1,0,0.001,0.000,0.001
8647,-1,0,0.001,0.000,0.001
8648,-1,0,0.020,0.000,0.020
8649,-1,0,0.002,0.000,0.003
8650,-1,0,0.006,0.000,0.006
8651,-1,0,0.001,0.000,0.001
8652,-1,0,0.036,0.000,0.036
8653,-1,5,0.002,0.000,0.002
8654,-1,0,0.012,0.000,0.012
8655,-1,0,0.001,0.000,0.001
8656,-1,0,0.001,0.000,0.001
8657,-1,0,0.005,0.000,0.005
8658,-1,4,0.002,0.000,0.002
8659,-1,7,0.003,0.000,0.003
8660,-1,0,0.001,0.000,0.001
8661,-1,0,0.004,0.000,0.004
8662,-1,28,0.005,0.000,0.005
8663,-1,0,0.001,0.000,0.001
8664,-1,0,0.000,0.000,0.000
8665,-1,1,0.001,0.000,0.001
8666,-1,0,0.062,0.000,0.062
8667,-1,0,0.001,0.000,0.001
8668,-1,0,0.006,0.000,0.007
8669,-1,0,0.034,0.000,0.034
8670,-1,1,0.015,0.000,0.015
8671,-1,0,0.316,0.000,0.317
8672,-1,0,0.005,0.000,0.005
8673,-1,0,0.001,0.000,0.001
8674,-1,0,0.007,0.000,0.007
8675,-1,0,0.013,0.000,0.013
8676,-1,0,0.004,0.000,0.004
8677,-1,0,0.001,0.000,0.001
8678,-1,0,0.002,0.000,0.002
8679,-1,1,0.001,0.000,0.001
8680,-1,2,0.010,0.000,0.010
8681,-1,0,0.004,0.000,0.004
8682,-1,0,0.001,0.000,0.001
8683,-1,0,0.004,0.000,0.004
8684,-1,0,0.001,0.000,0.001
8685,-1,3,0.002,0.000,0.002
8686,-1,0,0.001,0.000,0.001
8687,-1,0,0.017,0.000,0.017
8688,-1,0,0.003,0.000,0.003
8689,-1,7,0.003,0.000,0.004
8690,-1,0,0.003,0.000,0.003
8691,-1,0,0.002,0.000,0.002
8692,-1,2,0.049,0.000,0.049
8693,-1,0,0.001,0.000,0.001
8694,-1,2,0.342,0.000,0.342
8695,-1,1,0.488,0.000,0.488
8696,-1,0,0.008,0.000,0.008
8697,-1,0,0.010,0.000,0.010
8698,-1,0,0.005,0.000,0.005
8699,-1,1,0.016,0.000,0.017
8700,-1,0,0.003,0.000,0.003
8701,-1,7,0.001,0.000,0.001
8702,-1,0,0.004,0.000,0.004
8703,-1,0,0.013,0.000,0.013
8704,-1,0,0.001,0.000,0.001
8705,-1,0,0.009,0.000,0.009
8706,-1,4,0.002,0.000,0.002
8707,-1,20,0.007,0.000,0.007
8708,-1,0,0.001,0.000,0.001
8709,-1,0,0.001,0.000,0.001
8710,-1,0,0.001,0.000,0.001
8711,-1,0,0.001,0.000,0.001
8712,-1,0,0.001,0.000,0.001
8713,-1,0,0.001,0.000,0.001
8714,-1,0,0.001,0.000,0.001
8715,-1,0,0.001,0.000,0.001
8716,-1,0,0.001,0.000,0.001
8717,-1,0,0.001,0.000,0.001
8718,-1,0,0.000,0.000,0.001
8719,-1,0,0.000,0.000,0.000
8720,-1,0,0.001,0.000,0.001
8721,-1,0,0.007,0.000,0.007
8722,-1,0,0.002,0.000,0.002
8723,-1,0,0.010,0.000,0.010
8724,-1,0,0.005,0.000,0.005
8725,-1,0,0.004,0.000,0.004
8726,-1,0,0.005,0.000,0.005
8727,-1,0,0.032,0.000,0.032
8728,-1,0,0.001,0.000,0.001
8729,-1,0,0.001,0.000,0.001
8730,-1,1,0.001,0.000,0.001
8731,-1,0,0.001,0.000,0.001
8732,-1,0,0.004,0.000,0.004
8733,-1,0,0.001,0.000,0.001
8734,-1,0,0.013,0.000,0.013
8735,-1,0,0.004,0.000,0.004
8736,-1,1,0.001,0.000,0.001
8737,-1,0,0.001,0.000,0.001
8738,-1,0,0.016,0.000,0.016
8739,-1,1,0.182,0.000,0.183
8740,-1,0,0.003,0.000,0.003
8741,-1,0,0.082,0.000,0.082
8742,-1,4,0.002,0.000,0.002
8743,-1,0,0.001,0.000,0.001
8744,-1,0,0.016,0.000,0.016
8745,-1,0,0.003,0.000,0.003
8746,-1,6,0.002,0.000,0.002
8747,-1,4,0.002,0.000,0.002
8748,-1,0,0.002,0.000,0.002
8749,-1,0,0.010,0.000,0.010
8750,-1,0,0.315,0.000,0.315
8751,-1,0,0.001,0.000,0.001
8752,-1,0,0.001,0.000,0.001
8753,-1,0,0.001,0.000,0.001
8754,-1,0,0.005,0.000,0.005
8755,-1,0,0.004,0.000,0.004
8756,-1,0,0.293,0.000,0.293
8757,-1,0,0.000,0.000,0.001
8758,-1,0,0.004,0.000,0.005
8759,-1,0,0.006,0.000,0.006
8760,-1,0,0.007,0.000,0.007
8761,-1,0,0.001,0.000,0.001
8762,-1,0,0.001,0.000,0.001
8763,-1,0,0.003,0.000,0.003
8764,-1,1,0.001,0.000,0.001
8765,-1,0,0.001,0.000,0.001
8766,-1,0,0.001,0.000,0.001
8767,-1,0,0.001,0.000,0.001
8768,-1,0,0.003,0.000,0.003
8769,-1,0,0.003,0.000,0.003
8770,-1,0,0.001,0.000,0.001
8771,-1,0,0.001,0.000,0.001
8772,-1,0,0.002,0.000,0.002
8773,-1,1,0.001,0.000,0.001
8774,-1,0,0.003,0.000,0.003
8775,-1,0,0.001,0.000,0.001
8776,-1,0,0.161,0.000,0.161
8777,-1,0,0.000,0.000,0.001
8778,-1,0,0.002,0.000,0.002
8779,-1,0,0.001,0.000,0.001
8780,-1,1,0.001,0.000,0.001
8781,-1,0,0.001,0.000,0.001
8782,-1,0,0.003,0.000,0.003
8783,-1,0,0.007,0.000,0.007
8784,-1,0,0.002,0.000,0.002
8785,-1,0,0.016,0.000,0.016
8786,-1,0,0.008,0.000,0.008
8787,-1,0,0.003,0.000,0.003
8788,-1,0,0.001,0.000,0.001
8789,-1,5,1.003,0.000,1.004
8790,-1,0,0.001,0.000,0.002
8791,-1,0,0.001,0.000,0.001
8792,-1,0,0.004,0.000,0.004
8793,-1,0,0.001,0.000,0.001
8794,-1,0,0.002,0.000,0.002
8795,-1,0,0.001,0.000,0.001
8796,-1,0,0.001,0.000,0.001
8797,-1,0,0.005,0.000,0.005
8798,-1,0,0.001,0.000,0.001
8799,-1,8,0.003,0.000,0.003
8800,-1,0,0.004,0.000,0.004
8801,-1,0,0.005,0.000,0.005
8802,-1,0,0.001,0.000,0.001
8803,-1,0,0.002,0.000,0.002
8804,-1,0,0.003,0.000,0.003
8805,-1,0,0.065,0.000,0.065
8806,-1,0,0.031,0.000,0.031
8807,-1,0,0.004,0.000,0.004
8808,-1,0,0.001,0.000,0.001
8809,-1,0,0.000,0.000,0.000
8810,-1,0,0.001,0.000,0.001
8811,-1,0,0.014,0.000,0.015
8812,-1,0,0.011,0.000,0.011
8813,-1,0,0.004,0.000,0.004
8814,-1,0,0.001,0.000,0.001
8815,-1,0,0.029,0.000,0.029
8816,-1,0,0.003,0.000,0.003
8817,-1,0,0.001,0.000,0.001
8818,-1,0,0.004,0.000,0.004
8819,-1,0,0.018,0.000,0.018
8820,-1,0,0.009,0.000,0.009
8821,-1,1,0.061,0.000,0.061
8822,-1,0,0.001,0.000,0.001
8823,-1,0,0.001,0.000,0.001
8824,-1,0,0.008,0.000,0.008
8825,-1,0,0.009,0.000,0.009
8826,-1,23,0.004,0.000,0.004
8827,-1,0,0.001,0.000,0.001
8828,-1,0,0.003,0.000,0.003
8829,-1,0,0.001,0.000,0.001
8830,-1,0,0.044,0.000,0.044
8831,-1,0,0.011,0.000,0.011
8832,-1,0,0.002,0.000,0.002
8833,-1,0,0.001,0.000,0.001
8834,-1,0,0.004,0.000,0.004
8835,-1,0,0.001,0.000,0.001
8836,-1,0,0.062,0.000,0.062
8837,-1,0,0.194,0.000,0.194
8838,-1,0,0.002,0.000,0.003
8839,-1,0,0.001,0.000,0.001
8840,-1,0,0.001,0.000,0.001
8841,-1,0,0.001,0.000,0.001
8842,-1,0,0.010,0.000,0.010
8843,-1,0,0.002,0.000,0.002
8844,-1,0,0.001,0.000,0.001
8845,-1,0,0.001,0.000,0.001
8846,-1,0,0.096,0.000,0.096
8847,-1,0,0.003,0.000,0.003
8848,-1,0,0.042,0.000,0.042
8849,-1,0,0.003,0.000,0.003
8850,-1,1,0.001,0.000,0.001
8851,-1,0,0.011,0.000,0.011
8852,-1,0,0.000,0.000,0.001
8853,-1,0,0.008,0.000,0.008
8854,-1,0,0.004,0.000,0.004
8855,-1,0,0.000,0.000,0.000
8856,-1,0,0.001,0.000,0.001
8857,-1,1,0.004,0.000,0.004
8858,-1,0,0.004,0.000,0.004
8859,-1,0,0.014,0.000,0.014
8860,-1,0,0.009,0.000,0.009
8861,-1,0,0.001,0.000,0.001
8862,-1,0,0.060,0.000,0.060
8863,-1,10,1.515,0.000,1.516
8864,-1,4,0.002,0.000,0.002
8865,-1,0,0.004,0.000,0.004
8866,-1,0,0.001,0.000,0.001
8867,-1,0,0.000,0.000,0.000
8868,-1,2,0.001,0.000,0.001
8869,-1,0,0.008,0.000,0.008
8870,-1,0,0.008,0.000,0.008
8871,-1,0,0.003,0.000,0.003
8872,-1,5,0.002,0.000,0.002
8873,-1,0,0.058,0.000,0.058
8874,-1,0,0.001,0.000,0.001
8875,-1,0,0.001,0.000,0.001
8876,-1,0,0.005,0.000,0.005
8877,-1,0,0.004,0.000,0.004
8878,-1,0,0.009,0.000,0.009
8879,-1,0,0.012,0.000,0.012
8880,-1,1,0.001,0.000,0.001
8881,-1,0,0.005,0.000,0.005
8882,-1,0,0.001,0.000,0.001
8883,-1,0,0.003,0.000,0.003
8884,-1,0,0.008,0.000,0.008
8885,-1,0,0.006,0.000,0.006
8886,-1,0,0.003,0.000,0.003
8887,-1,0,0.002,0.000,0.002
8888,-1,0,0.002,0.000,0.002
8889,-1,0,0.003,0.000,0.003
8890,-1,0,0.001,0.000,0.001
8891,-1,0,0.003,0.000,0.004
8892,-1,0,0.003,0.000,0.003
8893,-1,0,0.004,0.000,0.004
8894,-1,0,0.003,0.000,0.003
8895,-1,0,0.001,0.000,0.001
8896,-1,0,0.008,0.000,0.009
8897,-1,2,0.001,0.000,0.001
8898,-1,0,0.008,0.000,0.008
8899,-1,0,0.010,0.000,0.010
8900,-1,0,0.002,0.000,0.002
8901,-1,0,0.008,0.000,0.008
8902,-1,0,0.001,0.000,0.001
8903,-1,0,0.002,0.000,0.002
8904,-1,0,0.001,0.000,0.001
8905,-1,0,0.001,0.000,0.001
8906,-1,4,0.002,0.000,0.002
8907,-1,2,0.138,0.000,0.138
8908,-1,0,0.001,0.000,0.001
8909,-1,0,0.043,0.000,0.043
8910,-1,0,0.011,0.000,0.011
8911,-1,3,0.001,0.000,0.001
8912,-1,0,0.000,0.000,0.001
8913,-1,3,0.001,0.000,0.002
8914,-1,0,0.001,0.000,0.001
8915,-1,0,0.001,0.000,0.001
8916,-1,0,0.009,0.000,0.009
8917,-1,0,0.008,0.000,0.008
8918,-1,0,0.000,0.000,0.001
8919,-1,0,0.001,0.000,0.001
8920,-1,0,0.038,0.000,0.038
8921,-1,0,0.002,0.000,0.002
8922,-1,0,0.003,0.000,0.003
8923,-1,1,0.036,0.000,0.036
8924,-1,0,0.005,0.000,0.005
8925,-1,0,0.040,0.000,0.040
8926,-1,39,0.010,0.000,0.011
8927,-1,0,0.001,0.000,0.001
8928,-1,0,0.007,0.000,0.007
8929,-1,0,0.003,0.000,0.003
8930,-1,0,0.001,0.000,0.001
8931,-1,0,0.023,0.000,0.023
8932,-1,0,0.003,0.000,0.003
8933,-1,0,0.000,0.000,0.000
8934,-1,1,0.081,0.000,0.081
8935,-1,0,0.004,0.000,0.004
8936,-1,0,0.005,0.000,0.005
8937,-1,0,0.005,0.000,0.006
8938,-1,0,0.219,0.000,0.219
8939,-1,0,0.002,0.000,0.002
8940,-1,3,0.002,0.000,0.002
8941,-1,0,0.001,0.000,0.001
8942,-1,0,0.001,0.000,0.001
8943,-1,0,0.004,0.000,0.004
8944,-1,4,0.003,0.000,0.003
8945,-1,0,0.000,0.000,0.000
8946,-1,0,0.003,0.000,0.003
8947,-1,0,0.003,0.000,0.003
8948,-1,0,0.004,0.000,0.004
8949,-1,0,0.011,0.000,0.011
8950,-1,0,0.002,0.000,0.002
8951,-1,0,0.004,0.000,0.004
8952,-1,31,0.005,0.000,0.005
8953,-1,0,0.170,0.000,0.170
8954,-1,0,0.001,0.000,0.001
8955,-1,0,0.001,0.000,0.001
8956,-1,4,0.557,0.000,0.557
8957,-1,0,0.011,0.000,0.011
8958,-1,0,0.003,0.000,0.003
8959,-1,0,0.001,0.000,0.001
8960,-1,0,0.001,0.000,0.001
8961,-1,0,0.009,0.000,0.009
8962,-1,0,0.011,0.000,0.011
8963,-1,0,0.007,0.000,0.007
8964,-1,0,0.003,0.000,0.003
8965,-1,0,0.000,0.000,0.000
8966,-1,5,1.043,0.000,1.043
8967,-1,0,0.001,0.000,0.001
8968,-1,0,0.007,0.000,0.007
8969,-1,4,0.002,0.000,0.002
8970,-1,0,0.001,0.000,0.001
8971,-1,0,0.001,0.000,0.001
8972,-1,0,0.001,0.000,0.001
8973,-1,1,0.230,0.000,0.230
8974,-1,0,0.001,0.000,0.001
8975,-1,4,0.003,0.000,0.003
8976,-1,0,0.001,0.000,0.001
8977,-1,0,0.125,0.000,0.125
8978,-1,3,0.002,0.000,0.002
8979,-1,0,0.001,0.000,0.001
8980,-1,0,0.002,0.000,0.002
8981,-1,0,0.001,0.000,0.001
8982,-1,0,0.004,0.000,0.004
8983,-1,10,0.003,0.000,0.003
8984,-1,0,0.000,0.000,0.000
8985,-1,0,0.001,0.000,0.001
8986,-1,1,0.190,0.000,0.190
8987,-1,0,0.003,0.000,0.003
8988,-1,0,0.001,0.000,0.001
8989,-1,0,0.004,0.000,0.004
8990,-1,0,0.014,0.000,0.014
8991,-1,0,0.003,0.000,0.003
8992,-1,0,0.003,0.000,0.004
8993,-1,0,0.000,0.000,0.001
8994,-1,0,0.006,0.000,0.006
8995,-1,0,0.005,0.000,0.005
8996,-1,0,0.002,0.000,0.003
8997,-1,0,0.315,0.000,0.315
8998,-1,0,0.005,0.000,0.005
8999,-1,0,0.004,0.000,0.004
9000,-1,0,0.004,0.000,0.004
9001,-1,0,0.002,0.000,0.002
9002,-1,1,0.001,0.000,0.001
9003,-1,0,0.009,0.000,0.009
9004,-1,0,0.001,0.000,0.001
9005,-1,0,0.032,0.000,0.032
9006,-1,0,0.107,0.000,0.107
9007,-1,0,0.020,0.000,0.021
9008,-1,0,0.003,0.000,0.003
9009,-1,28,0.004,0.000,0.004
9010,-1,0,0.001,0.000,0.001
9011,-1,0,0.008,0.000,0.009
9012,-1,0,0.004,0.000,0.004
9013,-1,0,0.003,0.000,0.003
9014,-1,2,0.876,0.000,0.877
9015,-1,0,0.004,0.000,0.004
9016,-1,0,0.004,0.000,0.004
9017,-1,0,0.001,0.000,0.001
9018,-1,0,0.010,0.000,0.011
9019,-1,0,0.001,0.000,0.001
9020,-1,0,0.002,0.000,0.002
9021,-1,0,0.000,0.000,0.000
9022,-1,0,0.067,0.000,0.067
9023,-1,0,0.004,0.000,0.004
9024,-1,2,0.307,0.000,0.308
9025,-1,0,0.001,0.000,0.001
9026,-1,0,0.001,0.000,0.001
9027,-1,0,0.001,0.000,0.002
9028,-1,0,0.004,0.000,0.004
9029,-1,0,0.002,0.000,0.002
9030,-1,0,0.069,0.000,0.069
9031,-1,0,0.001,0.000,0.001
9032,-1,0,0.008,0.000,0.008
9033,-1,0,0.001,0.000,0.001
9034,-1,0,0.001,0.000,0.001
9035,-1,5,0.002,0.000,0.002
9036,-1,0,0.150,0.000,0.150
9037,-1,0,0.003,0.000,0.003
9038,-1,0,0.010,0.000,0.010
9039,-1,0,0.001,0.000,0.001
9040,-1,0,0.001,0.000,0.001
9041,-1,0,0.011,0.000,0.011
9042,-1,1,0.001,0.000,0.001
9043,-1,0,0.001,0.000,0.001
9044,-1,0,0.001,0.000,0.001
9045,-1,0,0.001,0.000,0.001
9046,-1,0,0.003,0.000,0.003
9047,-1,0,0.001,0.000,0.001
9048,-1,0,0.003,0.000,0.003
9049,-1,0,0.004,0.000,0.004
9050,-1,0,0.005,0.000,0.006
9051,-1,0,0.001,0.000,0.001
9052,-1,0,0.005,0.000,0.005
9053,-1,0,0.004,0.000,0.004
9054,-1,30,0.005,0.000,0.005
9055,-1,5,0.002,0.000,0.002
9056,-1,0,0.008,0.000,0.008
9057,-1,0,0.001,0.000,0.001
9058,-1,0,0.010,0.000,0.010
9059,-1,0,0.003,0.000,0.003
9060,-1,0,0.001,0.000,0.001
9061,-1,0,0.001,0.000,0.001
9062,-1,0,0.000,0.000,0.001
9063,-1,0,0.008,0.000,0.008
9064,-1,0,0.004,0.000,0.004
9065,-1,0,0.004,0.000,0.005
9066,-1,0,0.001,0.000,0.001
9067,-1,0,0.010,0.000,0.010
9068,-1,0,0.007,0.000,0.007
9069,-1,0,0.007,0.000,0.007
9070,-1,0,0.013,0.000,0.013
9071,-1,0,0.004,0.000,0.004
9072,-1,1,0.008,0.000,0.008
9073,-1,0,0.003,0.000,0.003
9074,-1,0,0.017,0.000,0.017
9075,-1,0,0.009,0.000,0.009
9076,-1,0,0.001,0.000,0.001
9077,-1,0,0.001,0.000,0.001
9078,-1,0,0.009,0.000,0.009
9079,-1,0,0.003,0.000,0.003
9080,-1,0,0.001,0.000,0.001
9081,-1,0,0.002,0.000,0.002
9082,-1,0,0.012,0.000,0.012
9083,-1,8,0.002,0.000,0.003
9084,-1,0,0.003,0.000,0.003
9085,-1,0,0.009,0.000,0.009
9086,-1,0,0.000,0.000,0.001
9087,-1,0,0.051,0.000,0.051
9088,-1,0,0.001,0.000,0.001
9089,-1,2,0.001,0.000,0.001
9090,-1,0,0.016,0.000,0.016
9091,-1,0,0.003,0.000,0.003
9092,-1,0,0.004,0.000,0.004
9093,-1,0,0.001,0.000,0.001
9094,-1,0,0.002,0.000,0.002
9095,-1,0,0.003,0.000,0.003
9096,-1,0,0.009,0.000,0.009
9097,-1,0,0.016,0.000,0.016
9098,-1,0,0.070,0.000,0.070
9099,-1,0,0.198,0.000,0.198
9100,-1,0,0.008,0.000,0.008
9101,-1,2,0.001,0.000,0.001
9102,-1,0,0.012,0.000,0.012
9103,-1,0,0.002,0.000,0.002
9104,-1,10,0.003,0.000,0.004
9105,-1,0,0.001,0.000,0.001
9106,-1,0,0.003,0.000,0.003
9107,-1,0,0.001,0.000,0.001
9108,-1,23,0.004,0.000,0.004
9109,-1,0,0.001,0.000,0.001
9110,-1,0,0.006,0.000,0.006
9111,-1,0,0.013,0.000,0.013
9112,-1,0,0.001,0.000,0.001
9113,-1,0,0.012,0.000,0.012
9114,-1,0,0.001,0.000,0.001
9115,-1,0,0.017,0.000,0.017
9116,-1,0,0.012,0.000,0.012
9117,-1,0,0.004,0.000,0.004
9118,-1,0,0.016,0.000,0.016
9119,-1,0,0.001,0.000,0.001
9120,-1,0,0.003,0.000,0.003
9121,-1,0,0.014,0.000,0.014
9122,-1,0,0.003,0.000,0.003
9123,-1,0,0.001,0.000,0.001
9124,-1,7,0.002,0.000,0.002
9125,-1,1,0.535,0.000,0.535
9126,-1,0,0.001,0.000,0.001
9127,-1,0,0.001,0.000,0.001
9128,-1,0,0.002,0.000,0.002
9129,-1,0,0.001,0.000,0.001
9130,-1,5,1.006,0.000,1.006
9131,-1,0,0.001,0.000,0.001
9132,-1,0,0.010,0.000,0.010
9133,-1,0,0.001,0.000,0.001
9134,-1,0,0.289,0.000,0.289
9135,-1,0,0.016,0.000,0.017
9136,-1,0,0.004,0.000,0.004
9137,-1,1,0.207,0.000,0.207
9138,-1,0,0.000,0.000,0.001
9139,-1,0,0.014,0.000,0.014
9140,-1,0,0.001,0.000,0.001
9141,-1,0,0.400,0.000,0.400
9142,-1,0,0.004,0.000,0.005
9143,-1,0,0.003,0.000,0.003
9144,-1,0,0.010,0.000,0.011
9145,-1,0,0.001,0.000,0.001
9146,-1,0,0.002,0.000,0.002
9147,-1,0,0.001,0.000,0.001
9148,-1,0,0.002,0.000,0.002
9149,-1,3,0.002,0.000,0.002
9150,-1,0,0.001,0.000,0.001
9151,-1,0,0.001,0.000,0.001
9152,-1,1,0.001,0.000,0.001
9153,-1,0,0.001,0.000,0.001
9154,-1,5,1.057,0.000,1.058
9155,-1,0,0.001,0.000,0.001
9156,-1,0,0.004,0.000,0.004
9157,-1,0,0.001,0.000,0.001
9158,-1,0,0.001,0.000,0.001
9159,-1,0,0.001,0.000,0.001
9160,-1,0,0.001,0.000,0.001
9161,-1,3,0.002,0.000,0.002
9162,-1,0,0.001,0.000,0.001
9163,-1,0,0.001,0.000,0.001
9164,-1,0,0.001,0.000,0.001
9165,-1,0,0.003,0.000,0.003
9166,-1,0,0.001,0.000,0.001
9167,-1,0,0.003,0.000,0.003
9168,-1,1,0.333,0.000,0.333
9169,-1,0,0.077,0.000,0.077
9170,-1,0,0.003,0.000,0.003
9171,-1,0,0.001,0.000,0.001
9172,-1,0,0.000,0.000,0.000
9173,-1,0,0.155,0.000,0.155
9174,-1,0,0.020,0.000,0.020
9175,-1,0,0.001,0.000,0.001
9176,-1,0,0.006,0.000,0.006
9177,-1,0,0.003,0.000,0.003
9178,-1,4,0.002,0.000,0.002
9179,-1,0,0.010,0.000,0.010
9180,-1,0,0.004,0.000,0.004
9181,-1,0,0.000,0.000,0.001
9182,-1,0,0.017,0.000,0.017
9183,-1,0,0.003,0.000,0.003
9184,-1,0,0.003,0.000,0.003
9185,-1,0,0.003,0.000,0.003
9186,-1,0,0.000,0.000,0.000
9187,-1,0,0.006,0.000,0.006
9188,-1,0,0.001,0.000,0.001
9189,-1,1,0.001,0.000,0.001
9190,-1,1,0.011,0.000,0.011
9191,-1,0,0.001,0.000,0.001
9192,-1,0,0.006,0.000,0.006
9193,-1,2,0.001,0.000,0.001
9194,-1,0,0.009,0.000,0.009
9195,-1,0,0.001,0.000,0.001
9196,-1,0,0.063,0.000,0.063
9197,-1,0,0.009,0.000,0.009
9198,-1,1,0.592,0.000,0.593
9199,-1,0,0.006,0.000,0.006
9200,-1,0,0.005,0.000,0.005
9201,-1,0,0.001,0.000,0.001
9202,-1,1,0.217,0.000,0.217
9203,-1,0,0.001,0.000,0.001
9204,-1,0,0.001,0.000,0.001
9205,-1,0,0.012,0.000,0.012
9206,-1,0,0.001,0.000,0.001
9207,-1,0,0.001,0.000,0.001
9208,-1,0,0.003,0.000,0.003
9209,-1,0,0.060,0.000,0.060
9210,-1,2,0.001,0.000,0.001
9211,-1,3,0.002,0.000,0.002
9212,-1,0,0.004,0.000,0.004
9213,-1,0,0.081,0.000,0.081
9214,-1,0,0.004,0.000,0.004
9215,-1,0,0.003,0.000,0.003
9216,-1,3,0.002,0.000,0.002
9217,-1,0,0.007,0.000,0.008
9218,-1,0,0.001,0.000,0.001
9219,-1,0,0.005,0.000,0.005
9220,-1,0,0.001,0.000,0.001
9221,-1,1,0.001,0.000,0.001
9222,-1,0,0.002,0.000,0.002
9223,-1,0,0.004,0.000,0.004
9224,-1,0,0.009,0.000,0.009
9225,-1,0,0.014,0.000,0.014
9226,-1,0,0.018,0.000,0.018
9227,-1,0,0.002,0.000,0.003
9228,-1,0,0.001,0.000,0.001
9229,-1,0,0.001,0.000,0.001
9230,-1,0,0.011,0.000,0.012
9231,-1,0,0.010,0.000,0.010
9232,-1,0,0.080,0.000,0.080
9233,-1,0,0.002,0.000,0.002
9234,-1,0,0.071,0.000,0.071
9235,-1,0,0.004,0.000,0.004
9236,-1,0,0.008,0.000,0.008
9237,-1,1,0.001,0.000,0.001
9238,-1,0,0.001,0.000,0.001
9239,-1,0,0.005,0.000,0.005
9240,-1,0,0.001,0.000,0.001
9241,-1,0,0.003,0.000,0.003
9242,-1,0,0.001,0.000,0.001
9243,-1,0,0.001,0.000,0.001
9244,-1,0,0.003,0.000,0.003
9245,-1,0,0.001,0.000,0.001
9246,-1,0,0.001,0.000,0.001
9247,-1,0,0.001,0.000,0.001
9248,-1,0,0.000,0.000,0.001
9249,-1,2,0.002,0.000,0.002
9250,-1,0,0.002,0.000,0.002
9251,-1,0,0.001,0.000,0.001
9252,-1,0,0.011,0.000,0.011
9253,-1,0,0.004,0.000,0.005
9254,-1,0,0.154,0.000,0.154
9255,-1,0,0.016,0.000,0.016
9256,-1,0,0.001,0.000,0.001
9257,-1,0,0.006,0.000,0.006
9258,-1,0,0.002,0.000,0.003
9259,-1,0,0.001,0.000,0.001
9260,-1,0,0.008,0.000,0.008
9261,-1,0,0.001,0.000,0.001
9262,-1,0,0.003,0.000,0.003
9263,-1,0,0.000,0.000,0.000
9264,-1,3,0.002,0.000,0.002
9265,-1,0,0.001,0.000,0.001
9266,-1,0,0.007,0.000,0.007
9267,-1,0,0.008,0.000,0.008
9268,-1,1,0.006,0.000,0.006
9269,-1,0,0.015,0.000,0.015
9270,-1,0,0.005,0.000,0.005
9271,-1,0,0.001,0.000,0.001
9272,-1,0,0.005,0.000,0.005
9273,-1,0,0.015,0.000,0.015
9274,-1,0,0.001,0.000,0.001
9275,-1,1,0.027,0.000,0.027
9276,-1,0,0.007,0.000,0.007
9277,-1,0,0.004,0.000,0.004
9278,-1,0,0.001,0.000,0.001
9279,-1,9,0.004,0.000,0.004
9280,-1,0,0.003,0.000,0.003
9281,-1,0,0.007,0.000,0.007
9282,-1,0,0.003,0.000,0.003
9283,-1,0,0.027,0.000,0.027
9284,-1,0,0.088,0.000,0.088
9285,-1,0,0.004,0.000,0.005
9286,-1,0,0.005,0.000,0.005
9287,-1,0,0.069,0.000,0.069
9288,-1,0,0.005,0.000,0.005
9289,-1,0,0.003,0.000,0.003
9290,-1,0,0.001,0.000,0.001
9291,-1,0,0.012,0.000,0.012
9292,-1,0,0.001,0.000,0.001
9293,-1,0,0.001,0.000,0.001
9294,-1,0,0.001,0.000,0.001
9295,-1,0,0.007,0.000,0.007
9296,-1,0,0.000,0.000,0.000
9297,-1,0,0.003,0.000,0.003
9298,-1,0,0.175,0.000,0.175
9299,-1,0,0.005,0.000,0.005
9300,-1,1,0.001,0.000,0.001
9301,-1,0,0.001,0.000,0.001
9302,-1,0,0.008,0.000,0.008
9303,-1,0,0.005,0.000,0.005
9304,-1,0,0.000,0.000,0.000
9305,-1,0,0.004,0.000,0.004
9306,-1,0,0.010,0.000,0.010
9307,-1,0,0.001,0.000,0.001
9308,-1,0,0.005,0.000,0.005
9309,-1,0,0.003,0.000,0.004
9310,-1,0,0.001,0.000,0.001
9311,-1,2,0.001,0.000,0.001
9312,-1,0,0.001,0.000,0.001
9313,-1,0,0.000,0.000,0.001
9314,-1,0,0.012,0.000,0.012
9315,-1,0,0.002,0.000,0.002
9316,-1,0,0.001,0.000,0.001
9317,-1,0,0.005,0.000,0.005
9318,-1,0,0.002,0.000,0.002
9319,-1,1,0.001,0.000,0.001
9320,-1,0,0.000,0.000,0.000
9321,-1,0,0.004,0.000,0.004
9322,-1,0,0.001,0.000,0.001
9323,-1,0,0.152,0.000,0.152
9324,-1,0,0.002,0.000,0.002
9325,-1,0,0.001,0.000,0.001
9326,-1,0,0.002,0.000,0.002
9327,-1,0,0.008,0.000,0.009
9328,-1,0,0.090,0.000,0.090
9329,-1,0,0.032,0.000,0.032
9330,-1,10,0.004,0.000,0.004
9331,-1,0,0.009,0.000,0.009
9332,-1,0,0.001,0.000,0.001
9333,-1,0,0.000,0.000,0.001
9334,-1,0,0.004,0.000,0.004
9335,-1,0,0.001,0.000,0.001
9336,-1,4,0.002,0.000,0.002
9337,-1,0,0.048,0.000,0.048
9338,-1,0,0.064,0.000,0.064
9339,-1,0,0.004,0.000,0.004
9340,-1,0,0.000,0.000,0.001
9341,-1,0,0.001,0.000,0.001
9342,-1,5,1.071,0.000,1.071
9343,-1,0,0.010,0.000,0.010
9344,-1,0,0.001,0.000,0.001
9345,-1,0,0.019,0.000,0.019
9346,-1,0,0.001,0.000,0.001
9347,-1,0,0.010,0.000,0.010
9348,-1,0,0.003,0.000,0.003
9349,-1,0,0.022,0.000,0.022
9350,-1,0,0.002,0.000,0.002
9351,-1,0,0.002,0.000,0.002
9352,-1,0,0.003,0.000,0.003
9353,-1,0,0.001,0.000,0.001
9354,-1,0,0.001,0.000,0.001
9355,-1,23,0.004,0.000,0.004
9356,-1,0,0.001,0.000,0.001
9357,-1,0,0.000,0.000,0.001
9358,-1,0,0.010,0.000,0.010
9359,-1,0,0.001,0.000,0.001
9360,-1,0,0.002,0.000,0.002
9361,-1,0,0.001,0.000,0.001
9362,-1,0,0.001,0.000,0.001
9363,-1,0,0.001,0.000,0.001
9364,-1,0,0.005,0.000,0.005
9365,-1,0,0.000,0.000,0.001
9366,-1,0,0.001,0.000,0.001
9367,-1,1,0.001,0.000,0.001
9368,-1,2,0.001,0.000,0.001
9369,-1,0,0.000,0.000,0.001
9370,-1,0,0.001,0.000,0.001
9371,-1,0,0.003,0.000,0.003
9372,-1,2,0.001,0.000,0.001
9373,-1,1,0.001,0.000,0.001
9374,-1,0,0.016,0.000,0.016
9375,-1,0,0.003,0.000,0.003
9376,-1,0,0.071,0.000,0.071
9377,-1,0,0.005,0.000,0.005
9378,-1,0,0.008,0.000,0.008
9379,-1,0,0.009,0.000,0.010
9380,-1,0,0.012,0.000,0.012
9381,-1,0,0.001,0.000,0.001
9382,-1,0,0.005,0.000,0.005
9383,-1,0,0.001,0.000,0.001
9384,-1,0,0.003,0.000,0.003
9385,-1,0,0.004,0.000,0.004
9386,-1,0,0.001,0.000,0.001
9387,-1,0,0.007,0.000,0.007
9388,-1,0,0.026,0.000,0.026
9389,-1,0,0.001,0.000,0.001
9390,-1,0,0.001,0.000,0.001
9391,-1,1,0.015,0.000,0.015
9392,-1,2,0.001,0.000,0.002
9393,-1,0,0.003,0.000,0.003
9394,-1,0,0.008,0.000,0.008
9395,-1,2,0.353,0.000,0.353
9396,-1,4,0.003,0.000,0.003
9397,-1,0,0.217,0.000,0.217
9398,-1,0,0.001,0.000,0.001
9399,-1,0,0.001,0.000,0.001
9400,-1,0,0.333,0.000,0.333
9401,-1,0,0.013,0.000,0.013
9402,-1,3,0.002,0.000,0.002
9403,-1,0,0.000,0.000,0.001
9404,-1,0,0.001,0.000,0.001
9405,-1,0,0.005,0.000,0.005
9406,-1,0,0.024,0.000,0.024
9407,-1,0,0.001,0.000,0.001
9408,-1,0,0.001,0.000,0.001
9409,-1,0,0.012,0.000,0.012
9410,-1,0,0.001,0.000,0.001
9411,-1,0,0.001,0.000,0.001
9412,-1,0,0.001,0.000,0.001
9413,-1,0,0.008,0.000,0.008
9414,-1,0,0.004,0.000,0.004
9415,-1,2,0.986,0.000,0.986
9416,-1,0,0.009,0.000,0.009
9417,-1,3,0.001,0.000,0.001
9418,-1,0,0.002,0.000,0.002
9419,-1,0,0.014,0.000,0.014
9420,-1,0,0.001,0.000,0.001
9421,-1,0,0.001,0.000,0.001
9422,-1,0,0.001,0.000,0.001
9423,-1,0,0.001,0.000,0.001
9424,-1,0,0.003,0.000,0.003
9425,-1,0,0.001,0.000,0.001
9426,-1,0,0.001,0.000,0.001
9427,-1,0,0.001,0.000,0.001
9428,-1,0,0.004,0.000,0.005
9429,-1,0,0.001,0.000,0.001
9430,-1,0,0.012,0.000,0.012
9431,-1,0,0.001,0.000,0.001
9432,-1,0,0.008,0.000,0.009
9433,-1,0,0.001,0.000,0.001
9434,-1,0,0.001,0.000,0.001
9435,-1,9,0.002,0.000,0.002
9436,-1,0,0.003,0.000,0.003
9437,-1,0,0.001,0.000,0.001
9438,-1,10,1.640,0.000,1.641
9439,-1,0,0.001,0.000,0.001
9440,-1,0,0.001,0.000,0.001
9441,-1,0,0.014,0.000,0.014
9442,-1,0,0.012,0.000,0.012
9443,-1,0,0.003,0.000,0.003
9444,-1,0,0.004,0.000,0.004
9445,-1,0,0.007,0.000,0.007
9446,-1,0,0.001,0.000,0.001
9447,-1,0,0.001,0.000,0.001
9448,-1,0,0.010,0.000,0.010
9449,-1,0,0.006,0.000,0.006
9450,-1,0,0.001,0.000,0.001
9451,-1,2,0.907,0.000,0.907
9452,-1,0,0.001,0.000,0.001
9453,-1,0,0.001,0.000,0.001
9454,-1,0,0.004,0.000,0.004
9455,-1,0,0.000,0.000,0.001
9456,-1,0,0.029,0.000,0.029
9457,-1,0,0.000,0.000,0.000
9458,-1,4,0.508,0.000,0.508
9459,-1,0,0.004,0.000,0.004
9460,-1,0,0.001,0.000,0.001
9461,-1,1,0.001,0.000,0.001
9462,-1,0,0.001,0.000,0.001
9463,-1,0,0.012,0.000,0.012
9464,-1,0,0.001,0.000,0.001
9465,-1,0,0.059,0.000,0.059
9466,-1,0,0.000,0.000,0.001
9467,-1,1,0.001,0.000,0.002
9468,-1,0,0.001,0.000,0.001
9469,-1,5,0.002,0.000,0.002
9470,-1,0,0.003,0.000,0.003
9471,-1,4,0.001,0.000,0.002
9472,-1,1,0.436,0.000,0.436
9473,-1,0,0.001,0.000,0.001
9474,-1,10,1.602,0.000,1.602
9475,-1,0,0.001,0.000,0.001
9476,-1,117,0.033,0.000,0.033
9477,-1,0,0.001,0.000,0.001
9478,-1,0,0.001,0.000,0.001
9479,-1,1,0.001,0.000,0.001
9480,-1,0,0.001,0.000,0.001
9481,-1,0,0.002,0.000,0.002
9482,-1,4,0.002,0.000,0.002
9483,-1,0,0.000,0.000,0.000
9484,-1,0,0.003,0.000,0.003
9485,-1,3,0.002,0.000,0.002
9486,-1,0,0.000,0.000,0.001
9487,-1,0,0.001,0.000,0.001
9488,-1,3,0.001,0.000,0.001
9489,-1,1,0.001,0.000,0.001
9490,-1,0,0.001,0.000,0.001
9491,-1,0,0.002,0.000,0.002
9492,-1,0,0.001,0.000,0.001
9493,-1,0,0.002,0.000,0.002
9494,-1,0,0.012,0.000,0.012
9495,-1,0,0.001,0.000,0.001
9496,-1,0,0.014,0.000,0.015
9497,-1,0,0.010,0.000,0.010
9498,-1,0,0.004,0.000,0.004
9499,-1,0,0.000,0.000,0.000
9500,-1,4,0.002,0.000,0.002
9501,-1,0,0.001,0.000,0.001
9502,-1,0,0.020,0.000,0.020
9503,-1,0,0.001,0.000,0.001
9504,-1,0,0.001,0.000,0.001
9505,-1,0,0.001,0.000,0.001
9506,-1,0,0.003,0.000,0.003
9507,-1,0,0.004,0.000,0.004
9508,-1,84,0.021,0.000,0.021
9509,-1,0,0.001,0.000,0.001
9510,-1,0,0.010,0.000,0.010
9511,-1,0,0.017,0.000,0.017
9512,-1,0,0.020,0.000,0.020
9513,-1,0,0.004,0.000,0.004
9514,-1,0,0.023,0.000,0.023
9515,-1,0,0.000,0.000,0.001
9516,-1,0,0.010,0.000,0.010
9517,-1,0,0.001,0.000,0.001
9518,-1,0,0.004,0.000,0.004
9519,-1,0,0.001,0.000,0.001
9520,-1,0,0.010,0.000,0.010
9521,-1,7,0.003,0.000,0.003
9522,-1,5,0.002,0.000,0.002
9523,-1,1,0.088,0.000,0.088
9524,-1,1,0.004,0.000,0.004
9525,-1,0,0.001,0.000,0.001
9526,-1,0,0.007,0.000,0.007
9527,-1,0,0.001,0.000,0.001
9528,-1,0,0.001,0.000,0.001
9529,-1,0,0.001,0.000,0.001
9530,-1,0,0.002,0.000,0.002
9531,-1,0,0.001,0.000,0.001
9532,-1,0,0.001,0.000,0.001
9533,-1,0,0.001,0.000,0.001
9534,-1,0,0.004,0.000,0.005
9535,-1,0,0.001,0.000,0.001
9536,-1,0,0.004,0.000,0.004
9537,-1,3,0.002,0.000,0.002
9538,-1,3,0.144,0.000,0.144
9539,-1,0,0.001,0.000,0.001
9540,-1,2,0.001,0.000,0.001
9541,-1,0,0.095,0.000,0.095
9542,-1,10,0.004,0.000,0.004
9543,-1,0,0.001,0.000,0.001
9544,-1,0,0.001,0.000,0.001
9545,-1,0,0.010,0.000,0.010
9546,-1,0,0.014,0.000,0.014
9547,-1,2,0.363,0.000,0.364
9548,-1,0,0.005,0.000,0.005
9549,-1,0,0.010,0.000,0.010
9550,-1,0,0.002,0.000,0.002
9551,-1,0,0.009,0.000,0.009
9552,-1,0,0.001,0.000,0.001
9553,-1,0,0.001,0.000,0.001
9554,-1,0,0.001,0.000,0.001
9555,-1,0,0.000,0.000,0.001
9556,-1,0,0.002,0.000,0.002
9557,-1,0,0.005,0.000,0.005
9558,-1,0,0.005,0.000,0.005
9559,-1,0,0.004,0.000,0.004
9560,-1,0,0.004,0.000,0.004
9561,-1,0,0.001,0.000,0.001
9562,-1,0,0.012,0.000,0.013
9563,-1,0,0.007,0.000,0.007
9564,-1,0,0.008,0.000,0.009
9565,-1,0,0.001,0.000,0.001
9566,-1,0,0.001,0.000,0.001
9567,-1,0,0.036,0.000,0.036
9568,-1,10,1.614,0.000,1.614
9569,-1,1,0.002,0.000,0.002
9570,-1,0,0.001,0.000,0.001
9571,-1,0,0.001,0.000,0.001
9572,-1,0,0.011,0.000,0.011
9573,-1,0,0.001,0.000,0.001
9574,-1,0,0.001,0.000,0.001
9575,-1,0,0.004,0.000,0.004
9576,-1,0,0.001,0.000,0.001
9577,-1,0,0.017,0.000,0.017
9578,-1,0,0.006,0.000,0.006
9579,-1,0,0.001,0.000,0.001
9580,-1,0,0.073,0.000,0.073
9581,-1,0,0.001,0.000,0.001
9582,-1,0,0.007,0.000,0.007
9583,-1,0,0.015,0.000,0.015
9584,-1,0,0.001,0.000,0.001
9585,-1,0,0.005,0.000,0.005
9586,-1,0,0.001,0.000,0.001
9587,-1,1,0.001,0.000,0.001
9588,-1,0,0.011,0.000,0.011
9589,-1,0,0.019,0.000,0.019
9590,-1,1,0.001,0.000,0.001
9591,-1,0,0.002,0.000,0.002
9592,-1,0,0.001,0.000,0.001
9593,-1,0,0.013,0.000,0.013
9594,-1,0,0.005,0.000,0.005
9595,-1,0,0.003,0.000,0.003
9596,-1,0,0.001,0.000,0.001
9597,-1,0,0.001,0.000,0.001
9598,-1,0,0.001,0.000,0.001
9599,-1,0,0.001,0.000,0.001
9600,-1,0,0.001,0.000,0.001
9601,-1,1,0.338,0.000,0.339
9602,-1,0,0.001,0.000,0.001
9603,-1,1,0.001,0.000,0.001
9604,-1,4,0.003,0.000,0.003
9605,-1,2,0.001,0.000,0.001
9606,-1,0,0.010,0.000,0.010
9607,-1,0,0.001,0.000,0.001
9608,-1,0,0.001,0.000,0.001
9609,-1,0,0.003,0.000,0.003
9610,-1,0,0.002,0.000,0.002
9611,-1,0,0.001,0.000,0.001
9612,-1,1,0.621,0.000,0.621
9613,-1,3,0.002,0.000,0.002
9614,-1,1,0.072,0.000,0.072
9615,-1,0,0.009,0.000,0.009
9616,-1,0,0.018,0.000,0.018
9617,-1,0,0.004,0.000,0.004
9618,-1,0,0.001,0.000,0.001
9619,-1,0,0.004,0.000,0.004
9620,-1,0,0.001,0.000,0.001
9621,-1,0,0.210,0.000,0.210
9622,-1,9,0.004,0.000,0.004
9623,-1,0,0.039,0.000,0.039
9624,-1,0,0.004,0.000,0.004
9625,-1,0,0.008,0.000,0.008
9626,-1,1,0.040,0.000,0.041
9627,-1,5,1.147,0.000,1.148
9628,-1,0,0.001,0.000,0.001
9629,-1,0,0.004,0.000,0.004
9630,-1,0,0.001,0.000,0.001
9631,-1,0,0.001,0.000,0.001
9632,-1,0,0.025,0.000,0.025
9633,-1,0,0.011,0.000,0.011
9634,-1,0,0.010,0.000,0.011
9635,-1,1,0.001,0.000,0.001
9636,-1,0,0.006,0.000,0.006
9637,-1,0,0.001,0.000,0.001
9638,-1,0,0.005,0.000,0.005
9639,-1,0,0.007,0.000,0.007
9640,-1,0,0.001,0.000,0.001
9641,-1,0,0.005,0.000,0.005
9642,-1,0,0.001,0.000,0.001
9643,-1,0,0.009,0.000,0.009
9644,-1,0,0.011,0.000,0.011
9645,-1,0,0.001,0.000,0.001
9646,-1,0,0.001,0.000,0.001
9647,-1,0,0.001,0.000,0.001
9648,-1,0,0.001,0.000,0.001
9649,-1,0,0.002,0.000,0.002
9650,-1,0,0.201,0.000,0.202
9651,-1,0,0.001,0.000,0.001
9652,-1,0,0.005,0.000,0.005
9653,-1,0,0.003,0.000,0.003
9654,-1,0,0.000,0.000,0.001
9655,-1,0,0.012,0.000,0.012
9656,-1,7,0.003,0.000,0.003
9657,-1,0,0.007,0.000,0.007
9658,-1,5,0.002,0.000,0.002
9659,-1,0,0.015,0.000,0.015
9660,-1,1,0.001,0.000,0.001
9661,-1,0,0.001,0.000,0.001
9662,-1,1,0.001,0.000,0.001
9663,-1,5,1.154,0.000,1.154
9664,-1,0,0.001,0.000,0.001
9665,-1,0,0.166,0.000,0.166
9666,-1,0,0.067,0.000,0.067
9667,-1,1,0.001,0.000,0.001
9668,-1,0,0.001,0.000,0.001
9669,-1,0,0.005,0.000,0.005
9670,-1,0,0.006,0.000,0.006
9671,-1,0,0.001,0.000,0.001
9672,-1,0,0.019,0.000,0.019
9673,-1,0,0.004,0.000,0.004
9674,-1,0,0.003,0.000,0.003
9675,-1,0,0.001,0.000,0.001
9676,-1,0,0.026,0.000,0.026
9677,-1,0,0.001,0.000,0.001
9678,-1,0,0.014,0.000,0.014
9679,-1,7,0.003,0.000,0.003
9680,-1,0,0.001,0.000,0.001
9681,-1,0,0.001,0.000,0.001
9682,-1,0,0.003,0.000,0.003
9683,-1,0,0.003,0.000,0.003
9684,-1,0,0.001,0.000,0.001
9685,-1,0,0.001,0.000,0.001
9686,-1,0,0.001,0.000,0.001
9687,-1,0,0.013,0.000,0.013
9688,-1,0,0.003,0.000,0.003
9689,-1,0,0.003,0.000,0.003
9690,-1,0,0.001,0.000,0.001
9691,-1,1,0.001,0.000,0.001
9692,-1,0,0.004,0.000,0.004
9693,-1,0,0.003,0.000,0.003
9694,-1,0,0.004,0.000,0.004
9695,-1,2,0.001,0.000,0.001
9696,-1,0,0.003,0.000,0.003
9697,-1,0,0.015,0.000,0.015
9698,-1,0,0.001,0.000,0.001
9699,-1,0,0.002,0.000,0.002
9700,-1,0,0.008,0.000,0.008
9701,-1,7,0.003,0.000,0.003
9702,-1,1,0.126,0.000,0.126
9703,-1,0,0.001,0.000,0.001
9704,-1,0,0.005,0.000,0.005
9705,-1,0,0.026,0.000,0.026
9706,-1,0,0.006,0.000,0.006
9707,-1,1,0.001,0.000,0.001
9708,-1,0,0.077,0.000,0.077
9709,-1,1,0.023,0.000,0.023
9710,-1,0,0.006,0.000,0.006
9711,-1,0,0.003,0.000,0.003
9712,-1,0,0.001,0.000,0.001
9713,-1,6,0.002,0.000,0.002
9714,-1,23,0.005,0.000,0.005
9715,-1,0,0.016,0.000,0.016
9716,-1,0,0.011,0.000,0.011
9717,-1,1,0.262,0.000,0.262
9718,-1,0,0.001,0.000,0.001
9719,-1,0,0.001,0.000,0.001
9720,-1,0,0.015,0.000,0.015
9721,-1,0,0.011,0.000,0.011
9722,-1,0,0.001,0.000,0.001
9723,-1,0,0.001,0.000,0.001
9724,-1,4,0.659,0.000,0.659
9725,-1,1,0.068,0.000,0.069
9726,-1,0,0.003,0.000,0.003
9727,-1,0,0.001,0.000,0.001
9728,-1,0,0.011,0.000,0.011
9729,-1,0,0.322,0.000,0.322
9730,-1,0,0.012,0.000,0.012
9731,-1,0,0.005,0.000,0.005
9732,-1,2,0.002,0.000,0.002
9733,-1,0,0.003,0.000,0.003
9734,-1,0,0.001,0.000,0.001
9735,-1,39,0.011,0.000,0.011
9736,-1,0,0.005,0.000,0.005
9737,-1,2,1.013,0.000,1.013
9738,-1,1,0.001,0.000,0.001
9739,-1,0,0.010,0.000,0.011
9740,-1,0,0.001,0.000,0.001
9741,-1,0,0.003,0.000,0.004
9742,-1,0,0.001,0.000,0.001
9743,-1,24,0.007,0.000,0.007
9744,-1,2,0.002,0.000,0.002
9745,-1,0,0.001,0.000,0.001
9746,-1,0,0.003,0.000,0.003
9747,-1,0,0.007,0.000,0.007
9748,-1,4,0.002,0.000,0.002
9749,-1,0,0.004,0.000,0.004
9750,-1,29,0.005,0.000,0.005
9751,-1,0,0.001,0.000,0.001
9752,-1,0,0.004,0.000,0.004
9753,-1,0,0.002,0.000,0.002
9754,-1,0,0.001,0.000,0.001
9755,-1,5,0.003,0.000,0.003
9756,-1,0,0.028,0.000,0.028
9757,-1,0,0.001,0.000,0.001
9758,-1,0,0.001,0.000,0.001
9759,-1,0,0.004,0.000,0.005
9760,-1,0,0.001,0.000,0.001
9761,-1,0,0.000,0.000,0.001
9762,-1,0,0.005,0.000,0.005
9763,-1,1,0.157,0.000,0.157
9764,-1,0,0.039,0.000,0.039
9765,-1,7,0.003,0.000,0.003
9766,-1,0,0.005,0.000,0.005
9767,-1,0,0.002,0.000,0.002
9768,-1,0,0.001,0.000,0.001
9769,-1,0,0.005,0.000,0.005
9770,-1,0,0.001,0.000,0.001
9771,-1,0,0.001,0.000,0.001
9772,-1,0,0.387,0.000,0.387
9773,-1,0,0.002,0.000,0.002
9774,-1,0,0.001,0.000,0.001
9775,-1,17,0.005,0.000,0.005
9776,-1,0,0.010,0.000,0.010
9777,-1,0,0.005,0.000,0.005
9778,-1,0,0.387,0.000,0.387
9779,-1,15,0.005,0.000,0.005
9780,-1,0,0.000,0.000,0.001
9781,-1,0,0.001,0.000,0.001
9782,-1,0,0.010,0.000,0.010
9783,-1,0,0.018,0.002,0.020
9784,-1,0,0.001,0.000,0.001
9785,-1,0,0.011,0.000,0.011
9786,-1,39,0.032,0.000,0.032
9787,-1,0,0.001,0.000,0.001
9788,-1,5,0.943,0.000,0.944
9789,-1,0,0.001,0.000,0.001
9790,-1,0,0.000,0.000,0.001
9791,-1,0,0.026,0.000,0.026
9792,-1,0,0.001,0.000,0.001
9793,-1,0,0.005,0.000,0.005
9794,-1,0,0.007,0.000,0.007
9795,-1,2,0.002,0.000,0.002
9796,-1,0,0.001,0.000,0.001
9797,-1,0,0.004,0.000,0.004
9798,-1,0,0.001,0.000,0.001
9799,-1,0,0.001,0.000,0.001
9800,-1,0,0.001,0.000,0.001
9801,-1,5,0.002,0.000,0.003
9802,-1,0,0.001,0.000,0.001
9803,-1,0,0.001,0.000,0.001
9804,-1,0,0.000,0.000,0.001
9805,-1,0,0.014,0.000,0.014
9806,-1,0,0.005,0.000,0.005
9807,-1,0,0.001,0.000,0.001
9808,-1,0,0.001,0.000,0.001
9809,-1,0,0.001,0.000,0.001
9810,-1,2,0.954,0.000,0.954
9811,-1,1,0.001,0.000,0.001
9812,-1,32,0.010,0.000,0.010
9813,-1,0,0.002,0.000,0.002
9814,-1,0,0.001,0.000,0.001
9815,-1,2,0.001,0.000,0.001
9816,-1,19,0.005,0.000,0.005
9817,-1,0,0.006,0.000,0.006
9818,-1,0,0.009,0.000,0.009
9819,-1,1,0.001,0.000,0.001
9820,-1,0,0.001,0.000,0.001
9821,-1,0,0.000,0.000,0.000
9822,-1,0,0.001,0.000,0.001
9823,-1,0,0.001,0.000,0.001
9824,-1,1,0.007,0.000,0.007
9825,-1,0,0.001,0.000,0.001
9826,-1,0,0.005,0.000,0.005
9827,-1,3,0.001,0.000,0.002
9828,-1,4,0.530,0.000,0.530
9829,-1,0,0.001,0.000,0.001
9830,-1,0,0.001,0.000,0.001
9831,-1,0,0.001,0.000,0.001
9832,-1,0,0.012,0.000,0.012
9833,-1,0,0.003,0.000,0.003
9834,-1,0,0.049,0.000,0.049
9835,-1,0,0.011,0.000,0.011
9836,-1,0,0.001,0.000,0.001
9837,-1,0,0.011,0.000,0.011
9838,-1,0,0.000,0.000,0.001
9839,-1,0,0.001,0.000,0.001
9840,-1,0,0.027,0.000,0.027
9841,-1,0,0.004,0.000,0.004
9842,-1,0,0.005,0.000,0.005
9843,-1,1,0.250,0.000,0.250
9844,-1,1,0.053,0.000,0.053
9845,-1,0,0.001,0.000,0.001
9846,-1,0,0.011,0.000,0.011
9847,-1,3,0.002,0.000,0.002
9848,-1,0,0.001,0.000,0.001
9849,-1,19,0.004,0.000,0.004
9850,-1,0,0.001,0.000,0.001
9851,-1,0,0.003,0.000,0.003
9852,-1,0,0.003,0.000,0.003
9853,-1,0,0.008,0.000,0.008
9854,-1,0,0.024,0.000,0.024
9855,-1,0,0.001,0.000,0.001
9856,-1,0,0.013,0.000,0.013
9857,-1,0,0.004,0.000,0.004
9858,-1,0,0.102,0.000,0.102
9859,-1,0,0.001,0.000,0.001
9860,-1,0,0.005,0.000,0.005
9861,-1,0,0.006,0.000,0.006
9862,-1,0,0.002,0.000,0.002
9863,-1,0,0.010,0.000,0.010
9864,-1,0,0.001,0.000,0.001
9865,-1,1,0.001,0.000,0.001
9866,-1,0,0.003,0.000,0.003
9867,-1,0,0.001,0.000,0.001
9868,-1,0,0.001,0.000,0.001
9869,-1,0,0.007,0.000,0.007
9870,-1,0,0.005,0.000,0.005
9871,-1,0,0.103,0.000,0.103
9872,-1,0,0.001,0.000,0.001
9873,-1,2,0.001,0.000,0.001
9874,-1,0,0.004,0.000,0.004
9875,-1,0,0.001,0.000,0.001
9876,-1,0,0.010,0.000,0.010
9877,-1,0,0.012,0.000,0.012
9878,-1,0,0.001,0.000,0.001
9879,-1,0,0.001,0.000,0.001
9880,-1,0,0.001,0.000,0.001
9881,-1,0,0.003,0.000,0.003
9882,-1,5,0.002,0.000,0.003
9883,-1,0,0.003,0.000,0.004
9884,-1,0,0.003,0.000,0.003
9885,-1,0,0.001,0.000,0.001
9886,-1,0,0.025,0.000,0.025
9887,-1,0,0.003,0.000,0.003
9888,-1,0,0.001,0.000,0.001
9889,-1,10,1.979,0.000,1.979
9890,-1,0,0.029,0.000,0.029
9891,-1,0,0.001,0.000,0.001
9892,-1,4,0.002,0.000,0.002
9893,-1,0,0.018,0.000,0.019
9894,-1,10,1.763,0.000,1.763
9895,-1,0,0.006,0.000,0.006
9896,-1,0,0.001,0.000,0.001
9897,-1,0,0.001,0.000,0.001
9898,-1,0,0.013,0.000,0.013
9899,-1,0,0.001,0.000,0.001
9900,-1,0,0.001,0.000,0.001
9901,-1,1,0.309,0.000,0.309
9902,-1,0,0.001,0.000,0.001
9903,-1,0,0.025,0.000,0.025
9904,-1,0,0.012,0.000,0.012
9905,-1,0,0.014,0.000,0.014
9906,-1,0,0.001,0.000,0.001
9907,-1,0,0.012,0.000,0.012
9908,-1,0,0.002,0.000,0.002
9909,-1,0,0.005,0.000,0.005
9910,-1,1,0.020,0.000,0.020
9911,-1,0,0.001,0.000,0.001
9912,-1,0,0.000,0.000,0.001
9913,-1,0,0.001,0.000,0.001
9914,-1,0,0.001,0.000,0.001
9915,-1,0,0.006,0.000,0.006
9916,-1,0,0.004,0.000,0.004
9917,-1,0,0.009,0.000,0.009
9918,-1,1,0.001,0.000,0.001
9919,-1,0,0.010,0.000,0.010
9920,-1,0,0.012,0.000,0.012
9921,-1,0,0.004,0.000,0.004
9922,-1,0,0.001,0.000,0.001
9923,-1,0,0.001,0.000,0.001
9924,-1,0,0.001,0.000,0.001
9925,-1,1,0.002,0.000,0.002
9926,-1,2,0.002,0.000,0.002
9927,-1,0,0.247,0.000,0.247
9928,-1,0,0.001,0.000,0.001
9929,-1,0,0.001,0.000,0.001
9930,-1,0,0.003,0.000,0.004
9931,-1,0,0.012,0.000,0.012
9932,-1,0,0.002,0.000,0.002
9933,-1,1,0.001,0.000,0.001
9934,-1,0,0.004,0.000,0.004
9935,-1,0,0.001,0.000,0.001
9936,-1,1,0.001,0.000,0.001
9937,-1,0,0.001,0.000,0.001
9938,-1,0,0.003,0.000,0.003
9939,-1,0,0.002,0.000,0.002
9940,-1,0,0.001,0.000,0.001
9941,-1,0,0.001,0.000,0.001
9942,-1,0,0.003,0.000,0.003
9943,-1,0,0.001,0.000,0.001
9944,-1,2,0.002,0.000,0.002
9945,-1,2,0.002,0.000,0.002
9946,-1,0,0.033,0.000,0.033
9947,-1,0,0.031,0.000,0.031
9948,-1,0,0.001,0.000,0.001
9949,-1,0,0.001,0.000,0.001
9950,-1,1,0.001,0.000,0.001
9951,-1,0,0.019,0.000,0.019
9952,-1,2,0.002,0.000,0.002
9953,-1,0,0.097,0.000,0.097
9954,-1,0,0.001,0.000,0.001
9955,-1,7,0.003,0.000,0.003
9956,-1,5,1.202,0.000,1.202
9957,-1,0,0.001,0.000,0.001
9958,-1,0,0.001,0.000,0.001
9959,-1,0,0.018,0.000,0.018
9960,-1,3,0.003,0.000,0.003
9961,-1,0,0.011,0.000,0.011
9962,-1,0,0.008,0.000,0.008
9963,-1,0,0.001,0.000,0.001
9964,-1,0,0.012,0.000,0.012
9965,-1,0,0.001,0.000,0.001
9966,-1,0,0.001,0.000,0.001
9967,-1,0,0.011,0.000,0.011
9968,-1,0,0.004,0.000,0.005
9969,-1,0,0.001,0.000,0.001
9970,-1,0,0.013,0.000,0.013
9971,-1,2,0.001,0.000,0.001
9972,-1,0,0.001,0.000,0.001
9973,-1,1,0.007,0.000,0.007
9974,-1,0,0.001,0.000,0.001
9975,-1,0,0.001,0.000,0.001
9976,-1,0,0.001,0.000,0.001
9977,-1,0,0.004,0.000,0.004
9978,-1,0,0.448,0.000,0.448
9979,-1,0,0.001,0.000,0.001
9980,-1,0,0.004,0.000,0.004
9981,-1,0,0.004,0.000,0.004
9982,-1,0,0.001,0.000,0.001
9983,-1,42,0.013,0.000,0.013
9984,-1,0,0.000,0.000,0.001
9985,-1,0,0.001,0.000,0.001
9986,-1,0,0.005,0.000,0.005
9987,-1,2,0.002,0.000,0.002
9988,-1,0,0.011,0.000,0.011
9989,-1,0,0.003,0.000,0.003
9990,-1,0,0.001,0.000,0.001
9991,-1,5,0.003,0.000,0.003
9992,-1,0,0.004,0.000,0.004
9993,-1,0,0.014,0.000,0.014
9994,-1,0,0.004,0.000,0.004
9995,-1,4,0.002,0.000,0.002
9996,-1,0,0.001,0.000,0.001
9997,-1,0,0.000,0.000,0.001
9998,-1,0,0.000,0.000,0.001
9999,-1,10,1.830,0.000,1.830
10000,-1,0,0.002,0.000,0.002
10001,-1,0,0.001,0.000,0.001
10002,-1,0,0.020,0.000,0.020
10003,-1,0,0.021,0.000,0.021
10004,-1,0,0.016,0.000,0.016
10005,-1,0,0.006,0.000,0.006
10006,-1,0,0.001,0.000,0.001
10007,-1,0,0.002,0.000,0.002
10008,-1,0,0.001,0.000,0.001
10009,-1,0,0.001,0.000,0.001
10010,-1,0,0.009,0.000,0.009
10011,-1,0,0.009,0.000,0.009
10012,-1,0,0.004,0.000,0.004
10013,-1,0,0.000,0.000,0.000
10014,-1,0,0.001,0.000,0.001
10015,-1,14,0.004,0.000,0.004
10016,-1,0,0.001,0.000,0.001
10017,-1,0,0.003,0.000,0.004
10018,-1,0,0.001,0.000,0.001
10019,-1,0,0.000,0.000,0.000
10020,-1,0,0.006,0.000,0.006
10021,-1,0,0.003,0.000,0.003
10022,-1,0,0.008,0.000,0.008
10023,-1,2,0.001,0.000,0.001
10024,-1,0,0.105,0.000,0.105
10025,-1,0,0.005,0.000,0.005
10026,-1,0,0.005,0.000,0.005
10027,-1,1,0.480,0.005,0.485
10028,-1,0,0.005,0.000,0.005
10029,-1,0,0.001,0.000,0.001
10030,-1,0,0.001,0.000,0.001
10031,-1,0,0.004,0.000,0.004
10032,-1,0,0.001,0.000,0.001
10033,-1,0,0.001,0.000,0.001
10034,-1,0,0.015,0.000,0.016
10035,-1,5,0.003,0.000,0.003
10036,-1,0,0.001,0.000,0.001
10037,-1,0,0.001,0.000,0.001
10038,-1,0,0.003,0.000,0.003
10039,-1,0,0.001,0.000,0.001
10040,-1,0,0.003,0.000,0.003
10041,-1,0,0.001,0.000,0.001
10042,-1,0,0.003,0.000,0.003
10043,-1,0,0.004,0.000,0.004
10044,-1,5,0.972,0.000,0.972
10045,-1,5,0.883,0.000,0.883
10046,-1,0,0.001,0.000,0.001
10047,-1,0,0.001,0.000,0.001
10048,-1,0,0.012,0.000,0.012
10049,-1,0,0.009,0.000,0.009
10050,-1,0,0.008,0.000,0.008
10051,-1,0,0.007,0.000,0.007
10052,-1,0,0.001,0.000,0.001
10053,-1,0,0.001,0.000,0.001
10054,-1,0,0.006,0.000,0.007
10055,-1,0,0.001,0.000,0.001
10056,-1,0,0.001,0.000,0.001
10057,-1,13,0.004,0.000,0.004
10058,-1,2,0.766,0.000,0.766
10059,-1,0,0.003,0.000,0.003
10060,-1,0,0.001,0.000,0.001
10061,-1,0,0.048,0.000,0.048
10062,-1,0,0.005,0.000,0.005
10063,-1,0,0.005,0.000,0.005
10064,-1,0,0.001,0.000,0.001
10065,-1,0,0.004,0.000,0.004
10066,-1,0,0.005,0.000,0.005
10067,-1,6,0.002,0.000,0.002
10068,-1,1,0.020,0.000,0.020
10069,-1,0,0.001,0.000,0.001
10070,-1,0,0.008,0.000,0.008
10071,-1,0,0.013,0.000,0.013
10072,-1,1,0.001,0.000,0.001
10073,-1,0,0.001,0.000,0.001
10074,-1,0,0.001,0.000,0.001
10075,-1,0,0.003,0.000,0.003
10076,-1,0,0.009,0.000,0.009
10077,-1,0,0.002,0.000,0.002
10078,-1,0,0.001,0.000,0.001
10079,-1,0,0.001,0.000,0.001
10080,-1,0,0.001,0.000,0.001
10081,-1,0,0.002,0.000,0.002
10082,-1,0,0.001,0.000,0.001
10083,-1,0,0.001,0.000,0.001
10084,-1,0,0.001,0.000,0.001
10085,-1,1,0.096,0.000,0.096
10086,-1,0,0.000,0.000,0.000
10087,-1,0,0.008,0.000,0.008
10088,-1,0,0.007,0.000,0.007
10089,-1,0,0.008,0.000,0.008
10090,-1,1,0.113,0.000,0.113
10091,-1,0,0.003,0.000,0.003
10092,-1,0,0.001,0.000,0.002
10093,-1,0,0.002,0.000,0.002
10094,-1,0,0.004,0.000,0.004
10095,-1,2,0.897,0.000,0.897
10096,-1,0,0.003,0.000,0.003
10097,-1,0,0.003,0.000,0.003
10098,-1,0,0.002,0.000,0.002
10099,-1,0,0.001,0.000,0.001
10100,-1,9,0.003,0.000,0.003
10101,-1,0,0.001,0.000,0.001
10102,-1,13,0.005,0.000,0.005
10103,-1,0,0.064,0.000,0.064
10104,-1,0,0.003,0.000,0.003
10105,-1,0,0.001,0.000,0.001
10106,-1,0,0.013,0.000,0.013
10107,-1,9,0.004,0.000,0.004
10108,-1,22,0.007,0.000,0.007
10109,-1,0,0.017,0.000,0.017
10110,-1,0,0.003,0.000,0.003
10111,-1,0,0.001,0.000,0.001
10112,-1,0,0.004,0.000,0.004
10113,-1,0,0.028,0.000,0.028
10114,-1,0,0.193,0.000,0.193
10115,-1,0,0.001,0.000,0.001
10116,-1,0,0.001,0.000,0.001
10117,-1,2,0.001,0.000,0.001
10118,-1,1,0.002,0.000,0.002
10119,-1,0,0.009,0.000,0.009
10120,-1,0,0.049,0.000,0.049
10121,-1,0,0.011,0.000,0.011
10122,-1,0,0.004,0.000,0.004
10123,-1,0,0.001,0.000,0.001
10124,-1,0,0.001,0.000,0.001
10125,-1,2,0.103,0.000,0.103
10126,-1,0,0.023,0.000,0.023
10127,-1,3,0.127,0.000,0.128
10128,-1,3,0.001,0.000,0.001
10129,-1,0,0.030,0.000,0.030
10130,-1,0,0.001,0.000,0.001
10131,-1,0,0.002,0.000,0.002
10132,-1,0,0.008,0.000,0.008
10133,-1,0,0.004,0.000,0.004
10134,-1,0,0.008,0.000,0.008
10135,-1,0,0.007,0.000,0.007
10136,-1,3,0.002,0.000,0.002
10137,-1,0,0.005,0.000,0.005
10138,-1,0,0.008,0.000,0.008
10139,-1,0,0.001,0.000,0.001
10140,-1,0,0.001,0.000,0.001
10141,-1,0,0.001,0.000,0.001
10142,-1,1,0.232,0.000,0.232
10143,-1,0,0.001,0.000,0.001
10144,-1,0,0.015,0.000,0.015
10145,-1,0,0.129,0.000,0.129
10146,-1,0,0.000,0.000,0.001
10147,-1,0,0.000,0.000,0.000
10148,-1,0,0.001,0.000,0.001
10149,-1,0,0.001,0.000,0.001
10150,-1,0,0.001,0.000,0.001
10151,-1,0,0.013,0.000,0.013
10152,-1,0,0.008,0.000,0.008
10153,-1,0,0.003,0.000,0.003
10154,-1,0,0.001,0.000,0.001
10155,-1,0,0.005,0.000,0.006
10156,-1,0,0.004,0.000,0.004
10157,-1,0,0.001,0.000,0.001
10158,-1,0,0.001,0.000,0.001
10159,-1,1,0.001,0.000,0.001
10160,-1,0,0.003,0.000,0.003
10161,-1,0,0.098,0.000,0.098
10162,-1,0,0.003,0.000,0.003
10163,-1,0,0.003,0.000,0.003
10164,-1,0,0.007,0.000,0.007
10165,-1,1,0.001,0.000,0.001
10166,-1,2,0.272,0.000,0.272
10167,-1,0,0.001,0.000,0.001
10168,-1,0,0.001,0.000,0.001
10169,-1,0,0.009,0.000,0.009
10170,-1,0,0.005,0.000,0.005
10171,-1,0,0.001,0.000,0.001
10172,-1,14,0.005,0.000,0.005
10173,-1,0,0.008,0.000,0.008
10174,-1,0,0.001,0.000,0.001
10175,-1,2,0.002,0.000,0.002
10176,-1,0,0.001,0.000,0.001
10177,-1,0,0.002,0.000,0.002
10178,-1,4,0.003,0.000,0.003
10179,-1,0,0.032,0.000,0.032
10180,-1,0,0.001,0.000,0.001
10181,-1,0,0.000,0.000,0.001
10182,-1,0,0.001,0.000,0.001
10183,-1,0,0.002,0.000,0.002
10184,-1,0,0.002,0.000,0.003
10185,-1,0,0.003,0.000,0.003
10186,-1,2,0.307,0.000,0.307
10187,-1,0,0.001,0.000,0.001
10188,-1,0,0.009,0.000,0.009
10189,-1,0,0.000,0.000,0.000
10190,-1,0,0.004,0.000,0.004
10191,-1,0,0.001,0.000,0.001
10192,-1,0,0.003,0.000,0.003
10193,-1,0,0.002,0.000,0.002
10194,-1,4,0.002,0.000,0.002
10195,-1,0,0.003,0.000,0.003
10196,-1,0,0.001,0.000,0.001
10197,-1,0,0.000,0.000,0.001
10198,-1,0,0.001,0.000,0.001
10199,-1,0,0.003,0.000,0.004
10200,-1,0,0.001,0.000,0.001
10201,-1,0,0.002,0.000,0.002
10202,-1,0,0.002,0.000,0.002
10203,-1,0,0.008,0.000,0.008
10204,-1,0,0.002,0.000,0.002
10205,-1,0,0.186,0.000,0.186
10206,-1,0,0.001,0.000,0.001
10207,-1,0,0.008,0.000,0.008
10208,-1,0,0.003,0.000,0.003
10209,-1,0,0.003,0.000,0.003
10210,-1,0,0.007,0.000,0.007
10211,-1,0,0.016,0.000,0.016
10212,-1,0,0.066,0.000,0.066
10213,-1,0,0.001,0.000,0.001
10214,-1,0,0.009,0.000,0.009
10215,-1,0,0.001,0.000,0.001
10216,-1,0,0.009,0.000,0.009
10217,-1,0,0.003,0.000,0.003
10218,-1,1,0.095,0.000,0.095
10219,-1,0,0.001,0.000,0.001
10220,-1,0,0.003,0.000,0.003
10221,-1,0,0.009,0.000,0.009
10222,-1,0,0.001,0.000,0.001
10223,-1,0,0.006,0.000,0.006
10224,-1,0,0.001,0.000,0.001
10225,-1,0,0.015,0.000,0.015
10226,-1,0,0.006,0.000,0.006
10227,-1,0,0.000,0.000,0.000
10228,-1,0,0.001,0.000,0.001
10229,-1,0,0.002,0.000,0.002
10230,-1,0,0.001,0.000,0.001
10231,-1,0,0.004,0.000,0.004
10232,-1,0,0.009,0.000,0.009
10233,-1,0,0.001,0.000,0.001
10234,-1,0,0.074,0.000,0.075
10235,-1,0,0.006,0.000,0.006
10236,-1,0,0.004,0.000,0.004
10237,-1,0,0.001,0.000,0.001
10238,-1,0,0.009,0.000,0.009
10239,-1,0,0.004,0.000,0.005
10240,-1,0,0.010,0.000,0.010
10241,-1,0,0.007,0.000,0.007
10242,-1,2,0.001,0.000,0.002
10243,-1,0,0.002,0.000,0.002
10244,-1,0,0.006,0.000,0.006
10245,-1,7,0.002,0.000,0.002
10246,-1,0,0.001,0.000,0.001
10247,-1,31,0.005,0.000,0.005
10248,-1,0,0.001,0.000,0.001
10249,-1,0,0.001,0.000,0.001
10250,-1,0,0.010,0.000,0.010
10251,-1,0,0.160,0.000,0.161
10252,-1,0,0.009,0.000,0.009
10253,-1,0,0.013,0.000,0.014
10254,-1,0,0.030,0.000,0.030
10255,-1,0,0.001,0.000,0.001
10256,-1,0,0.001,0.000,0.001
10257,-1,0,0.004,0.000,0.004
10258,-1,0,0.001,0.000,0.001
10259,-1,0,0.002,0.000,0.002
10260,-1,0,0.008,0.000,0.008
10261,-1,0,0.001,0.000,0.001
10262,-1,0,0.007,0.000,0.007
10263,-1,0,0.074,0.000,0.074
10264,-1,0,0.004,0.000,0.004
10265,-1,0,0.001,0.000,0.001
10266,-1,0,0.000,0.000,0.000
10267,-1,0,0.001,0.000,0.001
10268,-1,0,0.001,0.000,0.001
10269,-1,1,0.001,0.000,0.001
10270,-1,0,0.001,0.000,0.001
10271,-1,0,0.001,0.000,0.001
10272,-1,0,0.005,0.000,0.005
10273,-1,1,0.195,0.000,0.195
10274,-1,0,0.183,0.000,0.183
10275,-1,0,0.001,0.000,0.001
10276,-1,0,0.083,0.000,0.083
10277,-1,1,0.005,0.000,0.005
10278,-1,0,0.006,0.000,0.007
10279,-1,0,0.001,0.000,0.001
10280,-1,0,0.016,0.000,0.016
10281,-1,3,0.001,0.000,0.001
10282,-1,0,0.004,0.000,0.004
10283,-1,2,0.001,0.000,0.001
10284,-1,0,0.000,0.000,0.000
10285,-1,0,0.012,0.000,0.012
10286,-1,0,0.003,0.000,0.004
10287,-1,0,0.001,0.000,0.001
10288,-1,24,0.007,0.000,0.007
10289,-1,0,0.001,0.000,0.001
10290,-1,0,0.001,0.000,0.001
10291,-1,0,0.001,0.000,0.001
10292,-1,0,0.018,0.000,0.018
10293,-1,0,0.000,0.000,0.000
10294,-1,0,0.001,0.000,0.001
10295,-1,0,0.001,0.000,0.001
10296,-1,0,0.000,0.000,0.000
10297,-1,0,0.005,0.000,0.005
10298,-1,0,0.003,0.000,0.003
10299,-1,0,0.013,0.000,0.013
10300,-1,0,0.005,0.000,0.005
10301,-1,0,0.346,0.000,0.346
10302,-1,0,0.001,0.000,0.001
10303,-1,0,0.001,0.000,0.001
10304,-1,0,0.021,0.000,0.021
10305,-1,0,0.002,0.000,0.003
10306,-1,0,0.001,0.000,0.001
10307,-1,0,0.006,0.000,0.006
10308,-1,0,0.000,0.000,0.001
10309,-1,0,0.004,0.000,0.004
10310,-1,0,0.000,0.000,0.000
10311,-1,0,0.000,0.000,0.001
10312,-1,0,0.000,0.000,0.000
10313,-1,1,0.001,0.000,0.001
10314,-1,0,0.004,0.000,0.004
10315,-1,0,0.009,0.000,0.009
10316,-1,0,0.004,0.000,0.004
10317,-1,0,0.001,0.000,0.001
10318,-1,0,0.001,0.000,0.001
10319,-1,5,0.002,0.000,0.002
10320,-1,0,0.001,0.000,0.002
10321,-1,0,0.001,0.000,0.001
10322,-1,0,0.001,0.000,0.001
10323,-1,0,0.005,0.000,0.005
10324,-1,0,0.011,0.000,0.011
10325,-1,0,0.002,0.000,0.002
10326,-1,0,0.001,0.000,0.001
10327,-1,0,0.003,0.000,0.003
10328,-1,0,0.001,0.000,0.001
10329,-1,0,0.010,0.000,0.010
10330,-1,0,0.002,0.000,0.002
10331,-1,0,0.001,0.000,0.001
10332,-1,1,0.097,0.000,0.097
10333,-1,0,0.001,0.000,0.001
10334,-1,0,0.001,0.000,0.001
10335,-1,0,0.009,0.000,0.009
10336,-1,0,0.061,0.000,0.061
10337,-1,0,0.001,0.000,0.001
10338,-1,0,0.002,0.000,0.002
10339,-1,0,0.001,0.000,0.001
10340,-1,0,0.001,0.000,0.001
10341,-1,0,0.001,0.000,0.001
10342,-1,1,0.001,0.000,0.001
10343,-1,5,0.916,0.000,0.916
10344,-1,0,0.001,0.000,0.001
10345,-1,0,0.001,0.000,0.001
10346,-1,2,0.002,0.000,0.002
10347,-1,19,0.005,0.000,0.005
10348,-1,0,0.074,0.000,0.074
10349,-1,0,0.001,0.000,0.001
10350,-1,0,0.008,0.000,0.008
10351,-1,1,0.001,0.000,0.001
10352,-1,0,0.008,0.000,0.008
10353,-1,0,0.027,0.000,0.027
10354,-1,67,0.016,0.000,0.016
10355,-1,0,0.000,0.000,0.001
10356,-1,24,0.005,0.000,0.005
10357,-1,0,0.008,0.000,0.008
10358,-1,0,0.001,0.000,0.001
10359,-1,0,0.006,0.000,0.007
10360,-1,0,0.010,0.000,0.010
10361,-1,0,0.008,0.000,0.008
10362,-1,0,0.003,0.000,0.003
10363,-1,0,0.003,0.000,0.003
10364,-1,0,0.001,0.000,0.001
10365,-1,0,0.001,0.000,0.001
10366,-1,0,0.010,0.000,0.010
10367,-1,3,0.001,0.000,0.002
10368,-1,4,0.002,0.000,0.002
10369,-1,0,0.001,0.000,0.001
10370,-1,0,0.004,0.000,0.004
10371,-1,0,0.170,0.000,0.170
10372,-1,0,0.012,0.000,0.012
10373,-1,2,0.001,0.000,0.001
10374,-1,34,0.006,0.000,0.006
10375,-1,1,0.012,0.000,0.012
10376,-1,8,0.003,0.000,0.003
10377,-1,1,0.001,0.000,0.001
10378,-1,0,0.002,0.000,0.002
10379,-1,0,0.109,0.000,0.109
10380,-1,0,0.001,0.000,0.001
10381,-1,0,0.001,0.000,0.001
10382,-1,0,0.003,0.000,0.004
10383,-1,0,0.006,0.000,0.006
10384,-1,0,0.003,0.000,0.003
10385,-1,0,0.029,0.000,0.030
10386,-1,0,0.012,0.000,0.012
10387,-1,0,0.001,0.000,0.001
10388,-1,0,0.001,0.000,0.001
10389,-1,3,0.002,0.000,0.002
10390,-1,4,0.002,0.000,0.002
10391,-1,1,0.001,0.000,0.001
10392,-1,0,0.001,0.000,0.001
10393,-1,0,0.007,0.000,0.008
10394,-1,0,0.000,0.000,0.000
10395,-1,0,0.166,0.000,0.166
10396,-1,0,0.002,0.000,0.002
10397,-1,0,0.005,0.000,0.005
10398,-1,0,0.003,0.000,0.003
10399,-1,0,0.004,0.000,0.004
10400,-1,0,0.001,0.000,0.001
10401,-1,0,0.001,0.000,0.001
10402,-1,0,0.003,0.000,0.003
10403,-1,0,0.001,0.000,0.001
10404,-1,5,0.902,0.000,0.902
10405,-1,1,0.045,0.000,0.045
10406,-1,1,0.007,0.000,0.007
10407,-1,0,0.004,0.000,0.004
10408,-1,0,0.001,0.000,0.001
10409,-1,0,0.000,0.000,0.001
10410,-1,6,0.002,0.000,0.002
10411,-1,0,0.003,0.000,0.003
10412,-1,2,0.233,0.000,0.234
10413,-1,0,0.001,0.000,0.001
10414,-1,0,0.001,0.000,0.001
10415,-1,0,0.022,0.000,0.022
10416,-1,0,0.004,0.000,0.004
10417,-1,0,0.013,0.000,0.013
10418,-1,0,0.001,0.000,0.001
10419,-1,2,0.001,0.000,0.001
10420,-1,0,0.001,0.000,0.001
10421,-1,0,0.016,0.000,0.016
10422,-1,0,0.003,0.000,0.003
10423,-1,0,0.003,0.000,0.003
10424,-1,0,0.011,0.000,0.012
10425,-1,0,0.010,0.000,0.010
10426,-1,0,0.001,0.000,0.001
10427,-1,0,0.001,0.000,0.001
10428,-1,0,0.015,0.000,0.015
10429,-1,0,0.076,0.000,0.076
10430,-1,0,0.001,0.000,0.001
10431,-1,1,0.001,0.000,0.001
10432,-1,0,0.001,0.000,0.001
10433,-1,0,0.001,0.000,0.001
10434,-1,0,0.001,0.000,0.001
10435,-1,0,0.000,0.000,0.001
10436,-1,1,0.001,0.000,0.001
10437,-1,0,0.003,0.000,0.003
10438,-1,0,0.005,0.000,0.005
10439,-1,0,0.001,0.000,0.001
10440,-1,0,0.003,0.000,0.003
10441,-1,2,0.001,0.000,0.001
10442,-1,0,0.005,0.000,0.005
10443,-1,0,0.014,0.000,0.014
10444,-1,1,0.063,0.000,0.063
10445,-1,0,0.011,0.000,0.011
10446,-1,0,0.002,0.000,0.002
10447,-1,0,0.000,0.000,0.000
10448,-1,0,0.147,0.000,0.147
10449,-1,0,0.001,0.000,0.001
10450,-1,0,0.001,0.000,0.001
10451,-1,0,0.000,0.000,0.000
10452,-1,3,0.001,0.000,0.002
10453,-1,4,0.002,0.000,0.002
10454,-1,0,0.001,0.000,0.001
10455,-1,0,0.001,0.000,0.001
10456,-1,0,0.004,0.000,0.004
10457,-1,0,0.001,0.000,0.001
10458,-1,0,0.081,0.000,0.081
10459,-1,0,0.015,0.000,0.015
10460,-1,0,0.001,0.000,0.001
10461,-1,2,0.001,0.000,0.001
10462,-1,0,0.011,0.000,0.011
10463,-1,0,0.003,0.000,0.003
10464,-1,0,0.027,0.000,0.027
10465,-1,0,0.004,0.000,0.004
10466,-1,0,0.000,0.000,0.000
10467,-1,0,0.003,0.000,0.003
10468,-1,0,0.003,0.000,0.003
10469,-1,0,0.002,0.000,0.002
10470,-1,0,0.011,0.000,0.011
10471,-1,0,0.008,0.000,0.008
10472,-1,0,0.001,0.000,0.001
10473,-1,0,0.009,0.000,0.009
10474,-1,0,0.001,0.000,0.001
10475,-1,0,0.002,0.000,0.002
10476,-1,0,0.001,0.000,0.001
10477,-1,0,0.001,0.000,0.001
10478,-1,0,0.005,0.000,0.006
10479,-1,0,0.001,0.000,0.001
10480,-1,0,0.001,0.000,0.001
10481,-1,0,0.001,0.000,0.001
10482,-1,0,0.002,0.000,0.002
10483,-1,0,0.009,0.000,0.009
10484,-1,0,0.001,0.000,0.001
10485,-1,0,0.033,0.000,0.033
10486,-1,1,0.001,0.000,0.001
10487,-1,0,0.001,0.000,0.001
10488,-1,0,0.003,0.000,0.004
10489,-1,0,0.005,0.000,0.005
10490,-1,0,0.001,0.000,0.001
10491,-1,0,0.041,0.000,0.041
10492,-1,0,0.001,0.000,0.001
10493,-1,3,0.001,0.000,0.001
10494,-1,0,0.007,0.000,0.007
10495,-1,0,0.002,0.000,0.002
10496,-1,0,0.002,0.000,0.002
10497,-1,2,0.001,0.000,0.001
10498,-1,0,0.001,0.000,0.001
10499,-1,0,0.001,0.000,0.001
10500,-1,0,0.031,0.000,0.031
10501,-1,1,0.268,0.000,0.268
10502,-1,0,0.053,0.000,0.053
10503,-1,0,0.001,0.000,0.001
10504,-1,0,0.014,0.000,0.014
10505,-1,0,0.000,0.000,0.000
10506,-1,0,0.004,0.000,0.004
10507,-1,0,0.001,0.000,0.001
10508,-1,0,0.003,0.000,0.003
10509,-1,0,0.001,0.000,0.001
10510,-1,0,0.004,0.000,0.005
10511,-1,0,0.128,0.000,0.128
10512,-1,0,0.005,0.000,0.005
10513,-1,1,0.005,0.000,0.005
10514,-1,1,0.051,0.000,0.051
10515,-1,0,0.001,0.000,0.001
10516,-1,0,0.000,0.000,0.001
10517,-1,0,0.005,0.000,0.005
10518,-1,0,0.001,0.000,0.001
10519,-1,0,0.005,0.000,0.005
10520,-1,1,0.014,0.000,0.014
10521,-1,0,0.001,0.000,0.001
10522,-1,0,0.001,0.000,0.001
10523,-1,0,0.001,0.000,0.001
10524,-1,0,0.001,0.000,0.001
10525,-1,0,0.008,0.000,0.008
10526,-1,0,0.003,0.000,0.003
10527,-1,0,0.001,0.000,0.001
10528,-1,0,0.002,0.000,0.002
10529,-1,1,0.001,0.000,0.001
10530,-1,0,0.050,0.000,0.050
10531,-1,3,0.001,0.000,0.001
10532,-1,0,0.001,0.000,0.001
10533,-1,0,0.000,0.000,0.000
10534,-1,0,0.008,0.000,0.008
10535,-1,0,0.002,0.000,0.003
10536,-1,0,0.001,0.000,0.001
10537,-1,0,0.019,0.000,0.019
10538,-1,0,0.022,0.000,0.022
10539,-1,0,0.001,0.000,0.001
10540,-1,0,0.045,0.000,0.045
10541,-1,0,0.002,0.000,0.002
10542,-1,10,0.003,0.000,0.003
10543,-1,0,0.000,0.000,0.000
10544,-1,32,0.007,0.000,0.007
10545,-1,0,0.000,0.000,0.001
10546,-1,0,0.008,0.000,0.008
10547,-1,1,0.186,0.000,0.186
10548,-1,0,0.001,0.000,0.001
10549,-1,0,0.001,0.000,0.001
10550,-1,0,0.001,0.000,0.001
10551,-1,0,0.001,0.000,0.001
10552,-1,2,0.002,0.000,0.002
10553,-1,1,0.001,0.000,0.001
10554,-1,0,0.005,0.000,0.005
10555,-1,0,0.001,0.000,0.001
10556,-1,0,0.003,0.000,0.003
10557,-1,5,0.002,0.000,0.002
10558,-1,0,0.002,0.000,0.002
10559,-1,0,0.054,0.000,0.054
10560,-1,0,0.001,0.000,0.001
10561,-1,0,0.000,0.000,0.001
10562,-1,0,0.001,0.000,0.001
10563,-1,0,0.002,0.000,0.002
10564,-1,0,0.001,0.000,0.001
10565,-1,0,0.001,0.000,0.001
10566,-1,0,0.000,0.000,0.000
10567,-1,0,0.000,0.000,0.000
10568,-1,0,0.001,0.000,0.001
10569,-1,0,0.003,0.000,0.003
10570,-1,0,0.005,0.000,0.005
10571,-1,1,0.561,0.000,0.561
10572,-1,0,0.009,0.000,0.009
10573,-1,0,0.001,0.000,0.001
10574,-1,3,0.002,0.000,0.002
10575,-1,0,0.001,0.000,0.001
10576,-1,5,0.002,0.000,0.002
10577,-1,0,0.001,0.000,0.001
10578,-1,0,0.004,0.000,0.004
10579,-1,34,0.006,0.000,0.006
10580,-1,0,0.029,0.000,0.029
10581,-1,0,0.055,0.000,0.055
10582,-1,0,0.407,0.000,0.407
10583,-1,1,0.001,0.000,0.001
10584,-1,2,0.001,0.000,0.001
10585,-1,0,0.048,0.000,0.048
10586,-1,0,0.012,0.000,0.012
10587,-1,0,0.013,0.000,0.013
10588,-1,0,0.001,0.000,0.001
10589,-1,1,0.294,0.000,0.294
10590,-1,0,0.011,0.000,0.012
10591,-1,0,0.061,0.000,0.061
10592,-1,0,0.003,0.000,0.003
10593,-1,0,0.001,0.000,0.001
10594,-1,0,0.001,0.000,0.001
10595,-1,0,0.001,0.000,0.001
10596,-1,0,0.003,0.000,0.003
10597,-1,6,0.002,0.000,0.002
10598,-1,0,0.001,0.000,0.001
10599,-1,0,0.017,0.000,0.017
10600,-1,0,0.002,0.000,0.002
10601,-1,0,0.200,0.000,0.200
10602,-1,0,0.013,0.000,0.013
10603,-1,4,0.002,0.000,0.002
10604,-1,0,0.142,0.000,0.142
10605,-1,0,0.000,0.000,0.001
10606,-1,0,0.004,0.000,0.004
10607,-1,0,0.008,0.000,0.008
10608,-1,2,0.309,0.000,0.309
10609,-1,0,0.002,0.000,0.002
10610,-1,3,0.388,0.000,0.388
10611,-1,0,0.004,0.000,0.004
10612,-1,0,0.374,0.000,0.374
10613,-1,0,0.009,0.000,0.009
10614,-1,0,0.000,0.000,0.001
10615,-1,0,0.003,0.000,0.003
10616,-1,0,0.002,0.000,0.002
10617,-1,0,0.001,0.000,0.001
10618,-1,0,0.001,0.000,0.001
10619,-1,2,0.001,0.000,0.001
10620,-1,0,0.001,0.000,0.001
10621,-1,0,0.002,0.000,0.002
10622,-1,0,0.003,0.000,0.003
10623,-1,6,0.010,0.000,0.010
10624,-1,0,0.001,0.000,0.001
10625,-1,0,0.009,0.000,0.009
10626,-1,0,0.001,0.000,0.001
10627,-1,1,0.055,0.000,0.055
10628,-1,0,0.005,0.000,0.005
10629,-1,0,0.001,0.000,0.001
10630,-1,0,0.017,0.000,0.017
10631,-1,0,0.003,0.000,0.003
10632,-1,0,0.004,0.000,0.004
10633,-1,0,0.011,0.000,0.011
10634,-1,2,0.001,0.000,0.001
10635,-1,0,0.001,0.000,0.001
10636,-1,0,0.001,0.000,0.001
10637,-1,0,0.002,0.000,0.002
10638,-1,9,0.003,0.000,0.004
10639,-1,34,0.006,0.000,0.006
10640,-1,0,0.004,0.000,0.004
10641,-1,0,0.010,0.000,0.010
10642,-1,0,0.003,0.000,0.003
10643,-1,0,0.001,0.000,0.001
10644,-1,2,0.934,0.000,0.934
10645,-1,4,0.002,0.000,0.002
10646,-1,0,0.001,0.000,0.001
10647,-1,0,0.009,0.000,0.009
10648,-1,0,0.000,0.000,0.001
10649,-1,0,0.001,0.000,0.001
10650,-1,0,0.002,0.000,0.002
10651,-1,0,0.001,0.000,0.001
10652,-1,0,0.001,0.000,0.001
10653,-1,0,0.014,0.000,0.014
10654,-1,0,0.080,0.000,0.080
10655,-1,0,0.001,0.000,0.001
10656,-1,0,0.001,0.000,0.001
10657,-1,0,0.039,0.000,0.039
10658,-1,0,0.001,0.000,0.001
10659,-1,4,0.002,0.000,0.002
10660,-1,0,0.003,0.000,0.003
10661,-1,0,0.030,0.000,0.030
10662,-1,0,0.000,0.000,0.000
10663,-1,0,0.003,0.000,0.003
10664,-1,0,0.001,0.000,0.001
10665,-1,2,0.840,0.000,0.840
10666,-1,0,0.001,0.000,0.001
10667,-1,0,0.002,0.000,0.002
10668,-1,0,0.001,0.000,0.001
10669,-1,0,0.001,0.000,0.001
10670,-1,0,0.001,0.000,0.001
10671,-1,5,0.002,0.000,0.002
10672,-1,0,0.001,0.000,0.001
10673,-1,0,0.006,0.000,0.006
10674,-1,0,0.010,0.000,0.010
10675,-1,0,0.001,0.000,0.001
10676,-1,0,0.003,0.000,0.004
10677,-1,0,0.010,0.000,0.010
10678,-1,0,0.061,0.000,0.061
10679,-1,1,0.001,0.000,0.001
10680,-1,0,0.034,0.000,0.034
10681,-1,0,0.001,0.000,0.001
10682,-1,0,0.001,0.000,0.001
10683,-1,0,0.002,0.000,0.002
10684,-1,0,0.001,0.000,0.001
10685,-1,0,0.004,0.000,0.004
10686,-1,0,0.001,0.000,0.001
10687,-1,0,0.001,0.000,0.001
10688,-1,0,0.005,0.000,0.005
10689,-1,0,0.010,0.000,0.010
10690,-1,0,0.001,0.000,0.001
10691,-1,0,0.008,0.000,0.008
10692,-1,5,0.002,0.000,0.002
10693,-1,0,0.002,0.000,0.002
10694,-1,1,0.001,0.000,0.001
10695,-1,0,0.001,0.000,0.001
10696,-1,0,0.013,0.000,0.013
10697,-1,0,0.003,0.000,0.003
10698,-1,0,0.003,0.000,0.003
10699,-1,0,0.001,0.000,0.001
10700,-1,0,0.001,0.000,0.001
10701,-1,0,0.004,0.000,0.004
10702,-1,0,0.002,0.000,0.002
10703,-1,1,0.059,0.000,0.059
10704,-1,5,0.002,0.000,0.002
10705,-1,0,0.013,0.000,0.014
10706,-1,0,0.001,0.000,0.001
10707,-1,0,0.009,0.000,0.009
10708,-1,0,0.001,0.000,0.001
10709,-1,0,0.001,0.000,0.001
10710,-1,2,0.001,0.000,0.001
10711,-1,0,0.001,0.000,0.001
10712,-1,0,0.001,0.000,0.001
10713,-1,0,0.038,0.000,0.038
10714,-1,0,0.002,0.000,0.002
10715,-1,4,0.001,0.000,0.001
10716,-1,0,0.008,0.000,0.008
10717,-1,0,0.003,0.000,0.003
10718,-1,0,0.001,0.000,0.001
10719,-1,4,0.002,0.000,0.002
10720,-1,0,0.003,0.000,0.003
10721,-1,0,0.003,0.000,0.003
10722,-1,36,0.005,0.000,0.005
10723,-1,0,0.015,0.000,0.015
10724,-1,0,0.008,0.000,0.008
10725,-1,0,0.001,0.000,0.001
10726,-1,0,0.003,0.000,0.003
10727,-1,0,0.002,0.000,0.002
10728,-1,0,0.026,0.000,0.026
10729,-1,0,0.011,0.000,0.011
10730,-1,1,0.511,0.000,0.511
10731,-1,0,0.001,0.000,0.001
10732,-1,0,0.003,0.000,0.003
10733,-1,0,0.001,0.000,0.001
10734,-1,0,0.010,0.000,0.010
10735,-1,5,0.002,0.000,0.002
10736,-1,0,0.009,0.000,0.009
10737,-1,0,0.081,0.000,0.081
10738,-1,0,0.003,0.000,0.003
10739,-1,0,0.001,0.000,0.001
10740,-1,0,0.001,0.000,0.001
10741,-1,1,0.006,0.000,0.006
10742,-1,1,0.001,0.000,0.001
10743,-1,0,0.000,0.000,0.000
10744,-1,0,0.016,0.000,0.016
10745,-1,0,0.004,0.000,0.004
10746,-1,0,0.001,0.000,0.001
10747,-1,0,0.022,0.000,0.022
10748,-1,0,0.000,0.000,0.001
10749,-1,3,0.002,0.000,0.002
10750,-1,1,0.297,0.000,0.297
10751,-1,0,0.000,0.000,0.000
10752,-1,0,0.005,0.000,0.005
10753,-1,0,0.009,0.000,0.009
10754,-1,0,0.002,0.000,0.002
10755,-1,2,0.280,0.000,0.280
10756,-1,0,0.001,0.000,0.001
10757,-1,0,0.001,0.000,0.001
10758,-1,1,0.001,0.000,0.001
10759,-1,0,0.009,0.000,0.009
10760,-1,0,0.001,0.000,0.001
10761,-1,1,0.009,0.000,0.009
10762,-1,0,0.004,0.000,0.004
10763,-1,7,0.002,0.000,0.002
10764,-1,0,0.003,0.000,0.003
10765,-1,0,0.001,0.000,0.001
10766,-1,0,0.003,0.000,0.003
10767,-1,0,0.001,0.000,0.001
10768,-1,0,0.004,0.000,0.004
10769,-1,0,0.001,0.000,0.001
10770,-1,0,0.000,0.000,0.000
10771,-1,0,0.005,0.000,0.006
10772,-1,0,0.001,0.000,0.001
10773,-1,0,0.027,0.000,0.027
10774,-1,0,0.001,0.000,0.001
10775,-1,0,0.000,0.000,0.001
10776,-1,0,0.000,0.000,0.000
10777,-1,0,0.001,0.000,0.001
10778,-1,1,0.243,0.000,0.243
10779,-1,0,0.006,0.000,0.006
10780,-1,0,0.009,0.000,0.010
10781,-1,0,0.001,0.000,0.001
10782,-1,0,0.001,0.000,0.001
10783,-1,0,0.010,0.000,0.010
10784,-1,0,0.004,0.000,0.004
10785,-1,0,0.001,0.000,0.001
10786,-1,0,0.004,0.000,0.004
10787,-1,0,0.002,0.000,0.002
10788,-1,10,0.003,0.000,0.003
10789,-1,1,0.001,0.000,0.001
10790,-1,0,0.001,0.000,0.001
10791,-1,0,0.003,0.000,0.003
10792,-1,0,0.001,0.000,0.001
10793,-1,0,0.001,0.000,0.001
10794,-1,0,0.011,0.000,0.011
10795,-1,0,0.002,0.000,0.002
10796,-1,0,0.000,0.000,0.000
10797,-1,0,0.204,0.000,0.204
10798,-1,0,0.005,0.000,0.005
10799,-1,0,0.001,0.000,0.001
10800,-1,0,0.001,0.000,0.001
10801,-1,0,0.001,0.000,0.001
10802,-1,0,0.001,0.000,0.001
10803,-1,0,0.001,0.000,0.001
10804,-1,5,1.075,0.000,1.075
10805,-1,0,0.001,0.000,0.001
10806,-1,1,0.080,0.000,0.080
10807,-1,0,0.020,0.000,0.020
10808,-1,0,0.001,0.000,0.001
10809,-1,0,0.007,0.000,0.007
10810,-1,0,0.064,0.000,0.064
10811,-1,0,0.002,0.000,0.002
10812,-1,0,0.000,0.000,0.000
10813,-1,0,0.001,0.000,0.001
10814,-1,10,1.457,0.000,1.457
10815,-1,0,0.020,0.000,0.020
10816,-1,0,0.001,0.000,0.001
10817,-1,0,0.001,0.000,0.001
10818,-1,0,0.001,0.000,0.001
10819,-1,0,0.023,0.000,0.023
10820,-1,1,0.155,0.000,0.155
10821,-1,0,0.005,0.000,0.005
10822,-1,0,0.003,0.000,0.003
10823,-1,0,0.006,0.000,0.006
10824,-1,0,0.007,0.000,0.007
10825,-1,0,0.003,0.000,0.003
10826,-1,1,0.001,0.000,0.001
10827,-1,0,0.031,0.000,0.031
10828,-1,0,0.006,0.000,0.006
10829,-1,0,0.000,0.000,0.000
10830,-1,13,0.004,0.000,0.004
10831,-1,0,0.001,0.000,0.001
10832,-1,0,0.006,0.000,0.006
10833,-1,0,0.000,0.000,0.000
10834,-1,0,0.003,0.000,0.003
10835,-1,1,0.008,0.000,0.008
10836,-1,0,0.001,0.000,0.001
10837,-1,0,0.004,0.000,0.004
10838,-1,0,0.005,0.000,0.005
10839,-1,1,0.004,0.000,0.004
10840,-1,0,0.122,0.000,0.122
10841,-1,0,0.013,0.000,0.013
10842,-1,0,0.001,0.000,0.001
10843,-1,0,0.001,0.000,0.001
10844,-1,0,0.001,0.000,0.001
10845,-1,0,0.002,0.000,0.003
10846,-1,0,0.006,0.000,0.006
10847,-1,0,0.001,0.000,0.001
10848,-1,0,0.003,0.000,0.003
10849,-1,0,0.001,0.000,0.001
10850,-1,1,0.001,0.000,0.001
10851,-1,1,0.001,0.000,0.001
10852,-1,0,0.001,0.000,0.001
10853,-1,0,0.074,0.000,0.074
10854,-1,0,0.003,0.000,0.003
10855,-1,0,0.001,0.000,0.001
10856,-1,1,0.001,0.000,0.001
10857,-1,3,0.001,0.000,0.001
10858,-1,0,0.000,0.000,0.000
10859,-1,0,0.001,0.000,0.001
10860,-1,11,0.003,0.000,0.003
10861,-1,0,0.008,0.000,0.008
10862,-1,1,0.011,0.000,0.011
10863,-1,0,0.014,0.000,0.014
10864,-1,0,0.002,0.000,0.002
10865,-1,0,0.005,0.000,0.005
10866,-1,0,0.018,0.000,0.018
10867,-1,0,0.000,0.000,0.000
10868,-1,0,0.006,0.000,0.006
10869,-1,0,0.002,0.000,0.002
10870,-1,0,0.003,0.000,0.003
10871,-1,0,0.007,0.000,0.007
10872,-1,0,0.000,0.000,0.000
10873,-1,0,0.003,0.000,0.003
10874,-1,0,0.000,0.000,0.000
10875,-1,5,0.824,0.000,0.824
10876,-1,6,0.002,0.000,0.002
10877,-1,0,0.001,0.000,0.001
10878,-1,0,0.001,0.000,0.001
10879,-1,0,0.001,0.000,0.001
10880,-1,0,0.009,0.000,0.009
10881,-1,0,0.000,0.000,0.000
10882,-1,0,0.026,0.000,0.026
10883,-1,0,0.001,0.000,0.001
10884,-1,0,0.007,0.000,0.007
10885,-1,3,0.002,0.000,0.002
10886,-1,0,0.000,0.000,0.001
10887,-1,1,0.001,0.000,0.001
10888,-1,0,0.001,0.000,0.001
10889,-1,0,0.001,0.000,0.001
10890,-1,1,0.001,0.000,0.001
10891,-1,0,0.003,0.000,0.003
10892,-1,0,0.001,0.000,0.001
10893,-1,0,0.110,0.000,0.110
10894,-1,0,0.050,0.000,0.050
10895,-1,7,0.003,0.000,0.003
10896,-1,0,0.000,0.000,0.001
10897,-1,0,0.001,0.000,0.001
10898,-1,0,0.000,0.000,0.000
10899,-1,1,0.253,0.000,0.253
10900,-1,2,0.001,0.000,0.001
10901,-1,2,0.001,0.000,0.001
10902,-1,0,0.001,0.000,0.001
10903,-1,2,0.001,0.000,0.001
10904,-1,4,0.002,0.000,0.002
10905,-1,0,0.001,0.000,0.001
10906,-1,3,0.001,0.000,0.001
10907,-1,0,0.005,0.000,0.005
10908,-1,0,0.001,0.000,0.001
10909,-1,1,0.077,0.000,0.077
10910,-1,0,0.004,0.000,0.004
10911,-1,0,0.012,0.000,0.012
10912,-1,0,0.031,0.000,0.031
10913,-1,0,0.003,0.000,0.003
10914,-1,0,0.001,0.000,0.001
10915,-1,0,0.001,0.000,0.001
10916,-1,0,0.004,0.000,0.004
10917,-1,0,0.004,0.000,0.004
10918,-1,0,0.002,0.000,0.002
10919,-1,0,0.001,0.000,0.001
10920,-1,49,0.007,0.000,0.007
10921,-1,0,0.004,0.000,0.004
10922,-1,0,0.003,0.000,0.003
10923,-1,0,0.001,0.000,0.001
10924,-1,0,0.003,0.000,0.003
10925,-1,0,0.001,0.000,0.001
10926,-1,0,0.001,0.000,0.001
10927,-1,0,0.002,0.000,0.002
10928,-1,0,0.001,0.000,0.001
10929,-1,0,0.001,0.000,0.001
10930,-1,0,0.007,0.000,0.007
10931,-1,0,0.001,0.000,0.001
10932,-1,0,0.009,0.000,0.009
10933,-1,0,0.005,0.000,0.005
10934,-1,0,0.002,0.000,0.002
10935,-1,24,0.004,0.000,0.004
10936,-1,0,0.003,0.000,0.003
10937,-1,0,0.000,0.000,0.000
10938,-1,1,0.001,0.000,0.001
10939,-1,0,0.001,0.000,0.001
10940,-1,0,0.037,0.000,0.037
10941,-1,0,0.002,0.000,0.002
10942,-1,0,0.061,0.000,0.061
10943,-1,0,0.008,0.000,0.008
10944,-1,0,0.001,0.000,0.001
10945,-1,0,0.000,0.000,0.000
10946,-1,8,0.003,0.000,0.003
10947,-1,0,0.000,0.000,0.001
10948,-1,30,0.004,0.000,0.005
10949,-1,0,0.016,0.000,0.016
10950,-1,0,0.067,0.000,0.067
10951,-1,5,0.947,0.000,0.947
10952,-1,0,0.001,0.000,0.001
10953,-1,30,0.016,0.000,0.016
10954,-1,0,0.004,0.000,0.004
10955,-1,0,0.009,0.000,0.009
10956,-1,0,0.053,0.000,0.053
10957,-1,0,0.008,0.000,0.008
10958,-1,0,0.015,0.000,0.015
10959,-1,0,0.001,0.000,0.001
10960,-1,2,0.001,0.000,0.001
10961,-1,0,0.001,0.000,0.001
10962,-1,0,0.001,0.000,0.001
10963,-1,0,0.001,0.000,0.001
10964,-1,3,0.001,0.000,0.001
10965,-1,0,0.026,0.000,0.026
10966,-1,0,0.000,0.000,0.000
10967,-1,23,0.003,0.000,0.004
10968,-1,10,1.456,0.000,1.456
10969,-1,0,0.001,0.000,0.001
10970,-1,0,0.000,0.000,0.000
10971,-1,7,0.002,0.000,0.002
10972,-1,0,0.004,0.000,0.004
10973,-1,0,0.001,0.000,0.001
10974,-1,5,0.002,0.000,0.002
10975,-1,0,0.002,0.000,0.002
10976,-1,0,0.001,0.000,0.001
10977,-1,0,0.001,0.000,0.001
10978,-1,0,0.015,0.000,0.015
10979,-1,0,0.002,0.000,0.002
10980,-1,0,0.010,0.000,0.010
10981,-1,0,0.001,0.000,0.001
10982,-1,1,0.003,0.000,0.003
10983,-1,0,0.001,0.000,0.001
10984,-1,1,0.008,0.000,0.008
10985,-1,0,0.006,0.000,0.006
10986,-1,0,0.054,0.000,0.054
10987,-1,1,0.076,0.000,0.076
10988,-1,0,0.092,0.000,0.092
10989,-1,0,0.001,0.000,0.001
10990,-1,0,0.001,0.000,0.001
10991,-1,0,0.001,0.000,0.001
10992,-1,0,0.000,0.000,0.000
10993,-1,0,0.003,0.000,0.003
10994,-1,0,0.001,0.000,0.001
10995,-1,6,0.002,0.000,0.003
10996,-1,1,0.009,0.000,0.009
10997,-1,0,0.004,0.000,0.004
10998,-1,0,0.000,0.000,0.000
10999,-1,0,0.000,0.000,0.001
11000,-1,0,0.004,0.000,0.004
11001,-1,0,0.041,0.000,0.041
11002,-1,0,0.011,0.000,0.011
11003,-1,1,0.001,0.000,0.001
11004,-1,0,0.001,0.000,0.001
11005,-1,0,0.039,0.000,0.039
11006,-1,0,0.001,0.000,0.001
11007,-1,0,0.001,0.000,0.001
11008,-1,0,0.007,0.000,0.007
11009,-1,0,0.001,0.000,0.001
11010,-1,0,0.001,0.000,0.001
11011,-1,10,0.009,0.000,0.009
11012,-1,0,0.009,0.000,0.009
11013,-1,0,0.001,0.000,0.001
11014,-1,0,0.000,0.000,0.000
11015,-1,0,0.008,0.000,0.008
11016,-1,0,0.001,0.000,0.001
11017,-1,0,0.001,0.000,0.001
11018,-1,0,0.003,0.000,0.003
11019,-1,0,0.135,0.000,0.135
11020,-1,1,0.001,0.000,0.001
11021,-1,0,0.003,0.000,0.003
11022,-1,0,0.008,0.000,0.008
11023,-1,6,0.002,0.000,0.002
11024,-1,0,0.039,0.000,0.039
11025,-1,2,0.001,0.000,0.001
11026,-1,0,0.001,0.000,0.001
11027,-1,0,0.001,0.000,0.001
11028,-1,0,0.008,0.000,0.008
11029,-1,0,0.004,0.000,0.004
11030,-1,0,0.004,0.000,0.004
11031,-1,0,0.001,0.000,0.001
11032,-1,0,0.007,0.000,0.007
11033,-1,0,0.010,0.000,0.010
11034,-1,0,0.001,0.000,0.001
11035,-1,10,1.455,0.000,1.455
11036,-1,10,1.467,0.000,1.467
11037,-1,0,0.011,0.000,0.011
11038,-1,0,0.013,0.000,0.013
11039,-1,0,0.003,0.000,0.003
11040,-1,0,0.001,0.000,0.001
11041,-1,0,0.004,0.000,0.004
11042,-1,0,0.002,0.000,0.002
11043,-1,0,0.013,0.000,0.013
11044,-1,0,0.001,0.000,0.001
11045,-1,0,0.016,0.000,0.016
11046,-1,0,0.009,0.000,0.009
11047,-1,0,0.008,0.000,0.008
11048,-1,2,0.856,0.000,0.856
11049,-1,4,0.002,0.000,0.002
11050,-1,1,0.005,0.000,0.005
11051,-1,0,0.001,0.000,0.001
11052,-1,0,0.001,0.000,0.001
11053,-1,0,0.001,0.000,0.001
11054,-1,3,0.002,0.000,0.002
11055,-1,0,0.005,0.000,0.005
11056,-1,0,0.004,0.000,0.005
11057,-1,0,0.004,0.000,0.004
11058,-1,0,0.046,0.000,0.046
11059,-1,3,0.002,0.000,0.002
11060,-1,5,0.002,0.000,0.002
11061,-1,0,0.000,0.000,0.000
11062,-1,0,0.008,0.000,0.008
11063,-1,0,0.056,0.000,0.056
11064,-1,0,0.001,0.000,0.001
11065,-1,0,0.020,0.000,0.020
11066,-1,0,0.003,0.000,0.003
11067,-1,0,0.002,0.000,0.002
11068,-1,0,0.001,0.000,0.001
11069,-1,0,0.001,0.000,0.001
11070,-1,0,0.001,0.000,0.001
11071,-1,0,0.058,0.000,0.058
11072,-1,0,0.001,0.000,0.001
11073,-1,0,0.001,0.000,0.001
11074,-1,0,0.001,0.000,0.001
11075,-1,0,0.001,0.000,0.001
11076,-1,7,0.001,0.000,0.001
11077,-1,6,0.002,0.000,0.002
11078,-1,6,0.002,0.000,0.002
11079,-1,0,0.002,0.000,0.002
11080,-1,0,0.005,0.000,0.005
11081,-1,0,0.004,0.000,0.004
11082,-1,0,0.001,0.000,0.001
11083,-1,0,0.038,0.000,0.038
11084,-1,0,0.001,0.000,0.001
11085,-1,0,0.001,0.000,0.001
11086,-1,0,0.004,0.000,0.004
11087,-1,0,0.002,0.000,0.002
11088,-1,1,0.001,0.000,0.001
11089,-1,0,0.001,0.000,0.001
11090,-1,0,0.012,0.000,0.013
11091,-1,0,0.000,0.000,0.000
11092,-1,0,0.001,0.000,0.001
11093,-1,0,0.001,0.000,0.001
11094,-1,1,0.161,0.000,0.161
11095,-1,1,0.001,0.000,0.001
11096,-1,0,0.000,0.000,0.000
11097,-1,13,0.003,0.000,0.004
11098,-1,0,0.001,0.000,0.001
11099,-1,0,0.001,0.000,0.001
11100,-1,0,0.001,0.000,0.001
11101,-1,0,0.000,0.000,0.000
11102,-1,0,0.000,0.000,0.001
11103,-1,0,0.005,0.000,0.005
11104,-1,0,0.001,0.000,0.001
11105,-1,6,0.002,0.000,0.003
11106,-1,0,0.019,0.000,0.019
11107,-1,0,0.009,0.000,0.009
11108,-1,0,0.001,0.000,0.001
11109,-1,0,0.001,0.000,0.001
11110,-1,2,0.001,0.000,0.001
11111,-1,10,1.513,0.000,1.513
11112,-1,0,0.001,0.000,0.001
11113,-1,0,0.003,0.000,0.003
11114,-1,1,0.257,0.000,0.257
11115,-1,0,0.001,0.000,0.001
11116,-1,0,0.015,0.000,0.015
11117,-1,0,0.003,0.000,0.003
11118,-1,0,0.002,0.000,0.002
11119,-1,0,0.000,0.000,0.000
11120,-1,0,0.001,0.000,0.001
11121,-1,0,0.001,0.000,0.001
11122,-1,0,0.000,0.000,0.000
11123,-1,0,0.000,0.000,0.000
11124,-1,0,0.001,0.000,0.001
11125,-1,0,0.007,0.000,0.007
11126,-1,0,0.001,0.000,0.001
11127,-1,0,0.002,0.000,0.003
11128,-1,0,0.001,0.000,0.001
11129,-1,0,0.001,0.000,0.001
11130,-1,13,0.003,0.000,0.004
11131,-1,0,0.004,0.000,0.004
11132,-1,0,0.001,0.000,0.001
11133,-1,0,0.004,0.000,0.004
11134,-1,5,0.836,0.000,0.836
11135,-1,0,0.021,0.000,0.021
11136,-1,0,0.002,0.000,0.002
11137,-1,4,0.002,0.000,0.002
11138,-1,0,0.008,0.000,0.008
11139,-1,0,0.005,0.000,0.005
11140,-1,0,0.000,0.000,0.001
11141,-1,0,0.001,0.000,0.001
11142,-1,0,0.003,0.000,0.003
11143,-1,0,0.001,0.000,0.001
11144,-1,0,0.001,0.000,0.001
11145,-1,0,0.103,0.000,0.103
11146,-1,0,0.366,0.000,0.367
11147,-1,0,0.012,0.000,0.012
11148,-1,0,0.013,0.000,0.013
11149,-1,0,0.001,0.000,0.001
11150,-1,0,0.004,0.000,0.004
11151,-1,0,0.000,0.000,0.000
11152,-1,0,0.007,0.000,0.007
11153,-1,0,0.001,0.000,0.001
11154,-1,0,0.003,0.000,0.003
11155,-1,0,0.003,0.000,0.003
11156,-1,0,0.003,0.000,0.003
11157,-1,1,0.001,0.000,0.001
11158,-1,0,0.000,0.000,0.001
11159,-1,0,0.001,0.000,0.001
11160,-1,0,0.008,0.000,0.008
11161,-1,0,0.002,0.000,0.003
11162,-1,0,0.001,0.000,0.001
11163,-1,30,0.004,0.000,0.005
11164,-1,0,0.000,0.000,0.001
11165,-1,0,0.001,0.000,0.001
11166,-1,0,0.000,0.000,0.000
11167,-1,0,0.001,0.000,0.001
11168,-1,0,0.005,0.000,0.005
11169,-1,35,0.009,0.000,0.009
11170,-1,1,0.125,0.000,0.125
11171,-1,0,0.030,0.000,0.030
11172,-1,0,0.007,0.000,0.008
11173,-1,0,0.001,0.000,0.001
11174,-1,0,0.009,0.000,0.009
11175,-1,0,0.009,0.000,0.009
11176,-1,0,0.047,0.000,0.047
11177,-1,0,0.020,0.000,0.020
11178,-1,0,0.001,0.000,0.001
11179,-1,0,0.002,0.000,0.002
11180,-1,6,0.003,0.000,0.003
11181,-1,0,0.007,0.000,0.007
11182,-1,4,0.002,0.000,0.002
11183,-1,0,0.001,0.000,0.001
11184,-1,0,0.001,0.000,0.001
11185,-1,0,0.001,0.000,0.001
11186,-1,0,0.014,0.000,0.014
11187,-1,0,0.010,0.000,0.011
11188,-1,0,0.004,0.000,0.004
11189,-1,0,0.001,0.000,0.001
11190,-1,0,0.001,0.000,0.001
11191,-1,0,0.003,0.000,0.003
11192,-1,0,0.001,0.000,0.001
11193,-1,0,0.008,0.000,0.008
11194,-1,0,0.000,0.000,0.000
11195,-1,0,0.001,0.000,0.001
11196,-1,0,0.003,0.000,0.003
11197,-1,0,0.000,0.000,0.001
11198,-1,0,0.001,0.000,0.001
11199,-1,0,0.006,0.000,0.006
11200,-1,0,0.007,0.000,0.007
11201,-1,0,0.001,0.000,0.001
11202,-1,0,0.002,0.000,0.002
11203,-1,0,0.007,0.000,0.007
11204,-1,0,0.001,0.000,0.001
11205,-1,0,0.008,0.000,0.008
11206,-1,0,0.002,0.000,0.002
11207,-1,0,0.001,0.000,0.001
11208,-1,5,0.950,0.000,0.950
11209,-1,0,0.001,0.000,0.001
11210,-1,0,0.003,0.000,0.003
11211,-1,1,0.001,0.000,0.001
11212,-1,0,0.010,0.000,0.010
11213,-1,0,0.001,0.000,0.001
11214,-1,0,0.008,0.000,0.008
11215,-1,0,0.002,0.000,0.003
11216,-1,0,0.011,0.000,0.011
11217,-1,0,0.001,0.000,0.001
11218,-1,0,0.003,0.000,0.003
11219,-1,0,0.005,0.000,0.005
11220,-1,0,0.079,0.000,0.079
11221,-1,3,0.001,0.000,0.001
11222,-1,0,0.001,0.000,0.001
11223,-1,0,0.005,0.000,0.005
11224,-1,0,0.001,0.000,0.001
11225,-1,0,0.019,0.000,0.019
11226,-1,1,0.012,0.000,0.012
11227,-1,0,0.003,0.000,0.003
11228,-1,0,0.001,0.000,0.001
11229,-1,0,0.007,0.000,0.007
11230,-1,0,0.002,0.000,0.002
11231,-1,0,0.002,0.000,0.002
11232,-1,0,0.003,0.000,0.003
11233,-1,0,0.000,0.000,0.000
11234,-1,0,0.000,0.000,0.001
11235,-1,2,0.225,0.000,0.225
11236,-1,0,0.001,0.000,0.001
11237,-1,0,0.002,0.000,0.002
11238,-1,0,0.001,0.000,0.001
11239,-1,0,0.001,0.000,0.001
11240,-1,0,0.001,0.000,0.001
11241,-1,0,0.001,0.000,0.001
11242,-1,0,0.331,0.000,0.332
11243,-1,0,0.006,0.000,0.006
11244,-1,0,0.001,0.000,0.001
11245,-1,0,0.108,0.000,0.108
11246,-1,0,0.010,0.000,0.010
11247,-1,0,0.001,0.000,0.001
11248,-1,0,0.016,0.000,0.016
11249,-1,0,0.001,0.000,0.001
11250,-1,0,0.001,0.000,0.001
11251,-1,0,0.020,0.000,0.020
11252,-1,10,1.416,0.000,1.416
11253,-1,0,0.009,0.000,0.009
11254,-1,0,0.001,0.000,0.001
11255,-1,0,0.000,0.000,0.001
11256,-1,0,0.007,0.000,0.007
11257,-1,0,0.003,0.000,0.003
11258,-1,0,0.032,0.000,0.032
11259,-1,0,0.003,0.000,0.003
11260,-1,0,0.014,0.000,0.014
11261,-1,7,0.002,0.000,0.002
11262,-1,5,0.002,0.000,0.002
11263,-1,0,0.003,0.000,0.003
11264,-1,0,0.169,0.000,0.169
11265,-1,2,0.001,0.000,0.001
11266,-1,0,0.000,0.000,0.000
11267,-1,0,0.001,0.000,0.001
11268,-1,0,0.003,0.000,0.003
11269,-1,1,0.006,0.000,0.006
11270,-1,0,0.001,0.000,0.001
11271,-1,0,0.010,0.000,0.010
11272,-1,0,0.003,0.000,0.003
11273,-1,2,0.001,0.000,0.001
11274,-1,0,0.024,0.000,0.024
11275,-1,0,0.004,0.000,0.004
11276,-1,0,0.037,0.000,0.037
11277,-1,3,0.001,0.000,0.001
11278,-1,0,0.011,0.000,0.011
11279,-1,1,0.001,0.000,0.001
11280,-1,0,0.015,0.000,0.015
11281,-1,0,0.000,0.000,0.000
11282,-1,0,0.001,0.000,0.001
11283,-1,0,0.011,0.000,0.011
11284,-1,0,0.001,0.000,0.001
11285,-1,0,0.001,0.000,0.001
11286,-1,0,0.010,0.000,0.010
11287,-1,0,0.000,0.000,0.000
11288,-1,0,0.005,0.000,0.005
11289,-1,0,0.002,0.000,0.002
11290,-1,0,0.001,0.000,0.001
11291,-1,0,0.001,0.000,0.001
11292,-1,0,0.002,0.000,0.002
11293,-1,0,0.002,0.000,0.002
11294,-1,0,0.001,0.000,0.001
11295,-1,0,0.001,0.000,0.001
11296,-1,1,0.060,0.000,0.060
11297,-1,0,0.008,0.000,0.008
11298,-1,0,0.009,0.000,0.009
11299,-1,0,0.001,0.000,0.001
11300,-1,0,0.003,0.000,0.003
11301,-1,0,0.002,0.000,0.002
11302,-1,0,0.001,0.000,0.001
11303,-1,0,0.001,0.000,0.001
11304,-1,0,0.007,0.000,0.007
11305,-1,4,0.001,0.000,0.001
11306,-1,0,0.002,0.000,0.002
11307,-1,0,0.001,0.000,0.001
11308,-1,0,0.039,0.000,0.039
11309,-1,1,0.010,0.000,0.011
11310,-1,0,0.004,0.000,0.005
11311,-1,0,0.001,0.000,0.002
11312,-1,0,0.001,0.000,0.001
11313,-1,0,0.001,0.000,0.001
11314,-1,0,0.001,0.000,0.001
11315,-1,5,0.001,0.000,0.001
11316,-1,0,0.000,0.000,0.000
11317,-1,0,0.002,0.000,0.002
11318,-1,0,0.000,0.000,0.001
11319,-1,0,0.001,0.000,0.001
11320,-1,8,0.002,0.000,0.002
11321,-1,0,0.000,0.000,0.000
11322,-1,0,0.017,0.000,0.017
11323,-1,0,0.013,0.000,0.013
11324,-1,0,0.003,0.000,0.003
11325,-1,0,0.002,0.000,0.002
11326,-1,0,0.001,0.000,0.001
11327,-1,0,0.001,0.000,0.001
11328,-1,0,0.004,0.000,0.004
11329,-1,0,0.008,0.000,0.008
11330,-1,0,0.001,0.000,0.001
11331,-1,0,0.002,0.000,0.002
11332,-1,0,0.001,0.000,0.001
11333,-1,0,0.001,0.000,0.001
11334,-1,0,0.000,0.000,0.001
11335,-1,0,0.000,0.000,0.000
11336,-1,0,0.000,0.000,0.000
11337,-1,0,0.009,0.000,0.009
11338,-1,4,0.002,0.000,0.002
11339,-1,0,0.001,0.000,0.001
11340,-1,0,0.174,0.000,0.174
11341,-1,0,0.002,0.000,0.002
11342,-1,0,0.001,0.000,0.001
11343,-1,0,0.001,0.000,0.001
11344,-1,0,0.001,0.000,0.001
11345,-1,5,0.002,0.000,0.002
11346,-1,0,0.006,0.000,0.006
11347,-1,0,0.004,0.000,0.004
11348,-1,4,0.002,0.000,0.002
11349,-1,0,0.001,0.000,0.001
11350,-1,0,0.002,0.000,0.002
11351,-1,0,0.002,0.000,0.002
11352,-1,0,0.003,0.000,0.004
11353,-1,0,0.002,0.000,0.002
11354,-1,0,0.000,0.000,0.000
11355,-1,0,0.001,0.000,0.001
11356,-1,1,0.013,0.000,0.013
11357,-1,0,0.000,0.000,0.000
11358,-1,0,0.006,0.000,0.006
11359,-1,0,0.004,0.000,0.005
11360,-1,0,0.010,0.000,0.010
11361,-1,2,0.001,0.000,0.001
11362,-1,0,0.008,0.000,0.008
11363,-1,0,0.002,0.000,0.002
11364,-1,0,0.001,0.000,0.001
11365,-1,0,0.001,0.000,0.001
11366,-1,0,0.003,0.000,0.003
11367,-1,4,0.002,0.000,0.002
11368,-1,0,0.058,0.000,0.059
11369,-1,0,0.008,0.000,0.008
11370,-1,5,0.899,0.000,0.899
11371,-1,39,0.009,0.000,0.009
11372,-1,0,0.000,0.000,0.000
11373,-1,0,0.033,0.000,0.033
11374,-1,23,0.003,0.000,0.003
11375,-1,0,0.003,0.000,0.003
11376,-1,0,0.010,0.000,0.010
11377,-1,0,0.004,0.000,0.004
11378,-1,0,0.005,0.000,0.006
11379,-1,0,0.004,0.000,0.004
11380,-1,0,0.002,0.000,0.002
11381,-1,0,0.003,0.000,0.004
11382,-1,0,0.004,0.000,0.004
11383,-1,0,0.008,0.000,0.008
11384,-1,0,0.002,0.000,0.002
11385,-1,1,0.000,0.000,0.001
11386,-1,0,0.015,0.000,0.015
11387,-1,0,0.005,0.000,0.005
11388,-1,0,0.031,0.000,0.031
11389,-1,0,0.054,0.000,0.054
11390,-1,1,0.001,0.000,0.001
11391,-1,0,0.006,0.000,0.007
11392,-1,0,0.320,0.000,0.320
11393,-1,0,0.000,0.000,0.000
11394,-1,0,0.003,0.000,0.003
11395,-1,0,0.000,0.000,0.000
11396,-1,0,0.008,0.000,0.008
11397,-1,0,0.004,0.000,0.004
11398,-1,0,0.001,0.000,0.001
11399,-1,1,0.001,0.000,0.001
11400,-1,0,0.002,0.000,0.002
11401,-1,0,0.002,0.000,0.002
11402,-1,0,0.027,0.000,0.027
11403,-1,0,0.000,0.000,0.000
11404,-1,0,0.001,0.000,0.001
11405,-1,0,0.000,0.000,0.001
11406,-1,0,0.001,0.000,0.001
11407,-1,2,0.030,0.000,0.030
11408,-1,2,0.001,0.000,0.001
11409,-1,0,0.001,0.000,0.001
11410,-1,0,0.001,0.000,0.001
11411,-1,0,0.000,0.000,0.000
11412,-1,0,0.002,0.000,0.002
11413,-1,2,0.865,0.000,0.865
11414,-1,0,0.002,0.000,0.002
11415,-1,0,0.008,0.000,0.008
11416,-1,0,0.006,0.000,0.006
11417,-1,2,0.827,0.000,0.828
11418,-1,0,0.006,0.000,0.006
11419,-1,0,0.004,0.000,0.004
11420,-1,0,0.006,0.000,0.006
11421,-1,0,0.055,0.000,0.055
11422,-1,0,0.004,0.000,0.004
11423,-1,2,0.249,0.000,0.249
11424,-1,0,0.008,0.000,0.008
11425,-1,3,0.001,0.000,0.001
11426,-1,0,0.000,0.000,0.000
11427,-1,0,0.008,0.000,0.008
11428,-1,1,0.034,0.000,0.034
11429,-1,0,0.008,0.000,0.008
11430,-1,0,0.001,0.000,0.001
11431,-1,0,0.000,0.000,0.001
11432,-1,10,1.193,0.000,1.193
11433,-1,0,0.045,0.000,0.045
11434,-1,0,0.003,0.000,0.003
11435,-1,0,0.002,0.000,0.002
11436,-1,0,0.005,0.000,0.005
11437,-1,0,0.001,0.000,0.001
11438,-1,0,0.000,0.000,0.001
11439,-1,0,0.008,0.000,0.008
11440,-1,5,0.002,0.000,0.002
11441,-1,0,0.001,0.000,0.001
11442,-1,0,0.002,0.000,0.003
11443,-1,67,0.014,0.000,0.014
11444,-1,0,0.001,0.000,0.001
11445,-1,0,0.003,0.000,0.003
11446,-1,0,0.001,0.000,0.001
11447,-1,0,0.001,0.000,0.001
11448,-1,1,0.001,0.000,0.001
11449,-1,0,0.001,0.000,0.002
11450,-1,0,0.001,0.000,0.001
11451,-1,0,0.000,0.000,0.000
11452,-1,0,0.028,0.000,0.028
11453,-1,1,0.001,0.000,0.001
11454,-1,0,0.134,0.000,0.134
11455,-1,0,0.005,0.000,0.005
11456,-1,0,0.002,0.000,0.002
11457,-1,0,0.000,0.000,0.001
11458,-1,10,1.268,0.000,1.268
11459,-1,0,0.004,0.000,0.004
11460,-1,0,0.001,0.000,0.001
11461,-1,0,0.001,0.000,0.001
11462,-1,0,0.004,0.000,0.004
11463,-1,0,0.023,0.000,0.023
11464,-1,0,0.004,0.000,0.004
11465,-1,0,0.008,0.000,0.008
11466,-1,0,0.028,0.000,0.028
11467,-1,0,0.003,0.000,0.003
11468,-1,0,0.006,0.000,0.006
11469,-1,0,0.007,0.000,0.007
11470,-1,0,0.001,0.000,0.001
11471,-1,0,0.005,0.000,0.005
11472,-1,0,0.008,0.000,0.008
11473,-1,0,0.001,0.000,0.001
11474,-1,1,0.060,0.000,0.060
11475,-1,0,0.048,0.000,0.048
11476,-1,0,0.001,0.000,0.001
11477,-1,0,0.004,0.000,0.004
11478,-1,0,0.018,0.000,0.018
11479,-1,0,0.001,0.000,0.001
11480,-1,0,0.001,0.000,0.001
11481,-1,1,0.066,0.000,0.066
11482,-1,0,0.014,0.000,0.015
11483,-1,0,0.351,0.000,0.351
11484,-1,0,0.079,0.000,0.079
11485,-1,0,0.081,0.000,0.081
11486,-1,0,0.002,0.000,0.002
11487,-1,0,0.001,0.000,0.001
11488,-1,2,0.001,0.000,0.001
11489,-1,0,0.011,0.000,0.011
11490,-1,0,0.001,0.000,0.001
11491,-1,2,0.001,0.000,0.001
11492,-1,0,0.030,0.000,0.031
11493,-1,0,0.003,0.000,0.003
11494,-1,0,0.092,0.000,0.092
11495,-1,0,0.009,0.000,0.009
11496,-1,0,0.001,0.000,0.001
11497,-1,0,0.004,0.000,0.004
11498,-1,0,0.001,0.000,0.001
11499,-1,0,0.055,0.000,0.055
11500,-1,1,0.096,0.000,0.096
11501,-1,0,0.001,0.000,0.001
11502,-1,0,0.002,0.000,0.002
11503,-1,0,0.000,0.000,0.000
11504,-1,0,0.003,0.000,0.003
11505,-1,0,0.001,0.000,0.001
11506,-1,0,0.038,0.000,0.038
11507,-1,0,0.009,0.000,0.009
11508,-1,0,0.000,0.000,0.000
11509,-1,1,0.141,0.000,0.142
11510,-1,0,0.004,0.000,0.004
11511,-1,0,0.001,0.000,0.001
11512,-1,5,0.002,0.000,0.002
11513,-1,0,0.025,0.000,0.025
11514,-1,0,0.000,0.000,0.001
11515,-1,0,0.003,0.000,0.003
11516,-1,8,0.003,0.000,0.003
11517,-1,0,0.002,0.000,0.003
11518,-1,2,0.001,0.000,0.001
11519,-1,0,0.008,0.000,0.008
11520,-1,0,0.010,0.000,0.010
11521,-1,0,0.002,0.000,0.002
11522,-1,4,0.001,0.000,0.002
11523,-1,0,0.010,0.000,0.010
11524,-1,10,1.523,0.000,1.523
11525,-1,0,0.001,0.000,0.001
11526,-1,0,0.002,0.000,0.002
11527,-1,0,0.003,0.000,0.003
11528,-1,0,0.003,0.000,0.003
11529,-1,6,0.002,0.000,0.002
11530,-1,0,0.002,0.000,0.002
11531,-1,0,0.012,0.000,0.012
11532,-1,0,0.001,0.000,0.001
11533,-1,0,0.009,0.000,0.009
11534,-1,0,0.001,0.000,0.001
11535,-1,0,0.004,0.000,0.004
11536,-1,0,0.000,0.000,0.000
11537,-1,0,0.000,0.000,0.001
11538,-1,0,0.000,0.000,0.001
11539,-1,0,0.000,0.000,0.001
11540,-1,25,0.007,0.000,0.007
11541,-1,0,0.009,0.000,0.009
11542,-1,0,0.001,0.000,0.001
11543,-1,0,0.008,0.000,0.008
11544,-1,0,0.001,0.000,0.001
11545,-1,0,0.001,0.000,0.001
11546,-1,0,0.001,0.000,0.001
11547,-1,0,0.003,0.000,0.003
11548,-1,0,0.002,0.000,0.002
11549,-1,0,0.019,0.000,0.019
11550,-1,0,0.003,0.000,0.003
11551,-1,0,0.001,0.000,0.001
11552,-1,0,0.016,0.000,0.016
11553,-1,1,0.012,0.000,0.012
11554,-1,0,0.001,0.000,0.001
11555,-1,2,0.001,0.000,0.002
11556,-1,0,0.000,0.000,0.001
11557,-1,0,0.000,0.000,0.000
11558,-1,0,0.001,0.000,0.001
11559,-1,0,0.008,0.000,0.008
11560,-1,0,0.001,0.000,0.001
11561,-1,4,0.001,0.000,0.001
11562,-1,0,0.001,0.000,0.001
11563,-1,0,0.001,0.000,0.001
11564,-1,0,0.001,0.000,0.001
11565,-1,0,0.002,0.000,0.002
11566,-1,0,0.011,0.000,0.011
11567,-1,0,0.001,0.000,0.001
11568,-1,0,0.001,0.000,0.001
11569,-1,0,0.001,0.000,0.001
11570,-1,3,0.001,0.000,0.001
11571,-1,10,0.003,0.000,0.003
11572,-1,0,0.000,0.000,0.000
11573,-1,0,0.003,0.000,0.003
11574,-1,4,0.002,0.000,0.002
11575,-1,0,0.003,0.000,0.003
11576,-1,0,0.000,0.000,0.000
11577,-1,1,0.012,0.000,0.012
11578,-1,0,0.001,0.000,0.001
11579,-1,1,0.001,0.000,0.001
11580,-1,0,0.008,0.000,0.008
11581,-1,4,0.002,0.000,0.002
11582,-1,0,0.001,0.000,0.001
11583,-1,0,0.001,0.000,0.001
11584,-1,1,0.011,0.000,0.012
11585,-1,0,0.150,0.000,0.150
11586,-1,0,0.001,0.000,0.001
11587,-1,0,0.002,0.000,0.002
11588,-1,0,0.001,0.000,0.001
11589,-1,0,0.001,0.000,0.001
11590,-1,28,0.004,0.000,0.004
11591,-1,0,0.001,0.000,0.001
11592,-1,0,0.001,0.000,0.001
11593,-1,0,0.002,0.000,0.003
11594,-1,0,0.006,0.000,0.006
11595,-1,0,0.006,0.000,0.006
11596,-1,0,0.001,0.000,0.001
11597,-1,0,0.013,0.000,0.013
11598,-1,0,0.006,0.000,0.006
11599,-1,0,0.002,0.000,0.002
11600,-1,0,0.000,0.000,0.000
11601,-1,0,0.000,0.000,0.000
11602,-1,0,0.001,0.000,0.001
11603,-1,0,0.008,0.000,0.008
11604,-1,0,0.022,0.000,0.022
11605,-1,0,0.000,0.000,0.001
11606,-1,0,0.000,0.000,0.000
11607,-1,1,0.009,0.000,0.009
11608,-1,0,0.001,0.000,0.001
11609,-1,0,0.003,0.000,0.003
11610,-1,23,0.006,0.000,0.006
11611,-1,1,0.190,0.000,0.191
11612,-1,0,0.001,0.000,0.001
11613,-1,0,0.000,0.000,0.000
11614,-1,0,0.006,0.000,0.006
11615,-1,0,0.002,0.000,0.002
11616,-1,0,0.001,0.000,0.001
11617,-1,10,0.003,0.000,0.003
11618,-1,0,0.001,0.000,0.001
11619,-1,0,0.001,0.000,0.001
11620,-1,0,0.001,0.000,0.001
11621,-1,0,0.020,0.000,0.020
11622,-1,0,0.011,0.000,0.011
11623,-1,0,0.001,0.000,0.001
11624,-1,0,0.010,0.000,0.010
11625,-1,0,0.001,0.000,0.001
11626,-1,0,0.001,0.000,0.001
11627,-1,0,0.001,0.000,0.001
11628,-1,0,0.008,0.000,0.008
11629,-1,0,0.025,0.000,0.025
11630,-1,0,0.044,0.000,0.045
11631,-1,0,0.000,0.000,0.000
11632,-1,0,0.001,0.000,0.001
11633,-1,0,0.001,0.000,0.001
11634,-1,0,0.002,0.000,0.002
11635,-1,0,0.001,0.000,0.001
11636,-1,0,0.002,0.000,0.002
11637,-1,0,0.009,0.000,0.009
11638,-1,0,0.001,0.000,0.001
11639,-1,0,0.002,0.000,0.002
11640,-1,0,0.004,0.000,0.004
11641,-1,0,0.002,0.000,0.002
11642,-1,0,0.001,0.000,0.001
11643,-1,1,0.001,0.000,0.001
11644,-1,0,0.002,0.000,0.002
11645,-1,0,0.003,0.000,0.003
11646,-1,0,0.001,0.000,0.001
11647,-1,0,0.004,0.000,0.004
11648,-1,5,1.002,0.000,1.002
11649,-1,0,0.004,0.000,0.004
11650,-1,0,0.001,0.000,0.001
11651,-1,0,0.003,0.000,0.003
11652,-1,3,0.002,0.000,0.002
11653,-1,0,0.001,0.000,0.001
11654,-1,0,0.001,0.000,0.001
11655,-1,0,0.001,0.000,0.001
11656,-1,0,0.000,0.000,0.000
11657,-1,0,0.002,0.000,0.002
11658,-1,0,0.001,0.000,0.001
11659,-1,0,0.002,0.000,0.002
11660,-1,0,0.002,0.000,0.002
11661,-1,0,0.001,0.000,0.001
11662,-1,0,0.001,0.000,0.001
11663,-1,0,0.002,0.000,0.002
11664,-1,1,0.064,0.000,0.064
11665,-1,0,0.000,0.000,0.001
11666,-1,0,0.026,0.000,0.026
11667,-1,0,0.003,0.000,0.003
11668,-1,0,0.009,0.000,0.009
11669,-1,0,0.006,0.000,0.006
11670,-1,0,0.001,0.000,0.001
11671,-1,0,0.001,0.000,0.001
11672,-1,0,0.000,0.000,0.000
11673,-1,0,0.004,0.000,0.004
11674,-1,0,0.005,0.000,0.005
11675,-1,0,0.001,0.000,0.001
11676,-1,0,0.001,0.000,0.001
11677,-1,0,0.010,0.000,0.010
11678,-1,3,0.001,0.000,0.001
11679,-1,2,0.874,0.000,0.874
11680,-1,1,0.004,0.000,0.004
11681,-1,0,0.001,0.000,0.001
11682,-1,0,0.001,0.000,0.001
11683,-1,2,0.001,0.000,0.001
11684,-1,28,0.005,0.000,0.005
11685,-1,0,0.005,0.000,0.005
11686,-1,0,0.001,0.000,0.001
11687,-1,0,0.001,0.000,0.001
11688,-1,2,0.001,0.000,0.001
11689,-1,0,0.000,0.000,0.000
11690,-1,0,0.002,0.000,0.002
11691,-1,0,0.001,0.000,0.001
11692,-1,2,0.215,0.000,0.215
11693,-1,0,0.002,0.000,0.002
11694,-1,0,0.003,0.000,0.003
11695,-1,0,0.001,0.000,0.001
11696,-1,0,0.004,0.000,0.004
11697,-1,0,0.001,0.000,0.001
11698,-1,0,0.000,0.000,0.000
11699,-1,0,0.002,0.000,0.002
11700,-1,0,0.004,0.000,0.004
11701,-1,0,0.000,0.000,0.001
11702,-1,0,0.002,0.000,0.002
11703,-1,0,0.003,0.000,0.003
11704,-1,0,0.004,0.000,0.004
11705,-1,0,0.025,0.000,0.025
11706,-1,0,0.020,0.000,0.020
11707,-1,0,0.000,0.000,0.000
11708,-1,0,0.002,0.000,0.002
11709,-1,0,0.001,0.000,0.001
11710,-1,0,0.003,0.000,0.003
11711,-1,0,0.001,0.000,0.001
11712,-1,0,0.010,0.000,0.010
11713,-1,0,0.001,0.000,0.001
11714,-1,1,0.001,0.000,0.001
11715,-1,0,0.003,0.000,0.003
11716,-1,0,0.003,0.000,0.003
11717,-1,0,0.011,0.000,0.011
11718,-1,0,0.000,0.000,0.000
11719,-1,0,0.001,0.000,0.001
11720,-1,0,0.002,0.000,0.002
11721,-1,2,0.001,0.000,0.001
11722,-1,0,0.007,0.000,0.007
11723,-1,8,0.002,0.000,0.002
11724,-1,0,0.001,0.000,0.001
11725,-1,34,0.005,0.000,0.005
11726,-1,0,0.003,0.000,0.003
11727,-1,0,0.001,0.000,0.001
11728,-1,0,0.001,0.000,0.001
11729,-1,0,0.001,0.000,0.001
11730,-1,0,0.008,0.000,0.008
11731,-1,7,0.002,0.000,0.002
11732,-1,0,0.000,0.000,0.001
11733,-1,0,0.001,0.000,0.001
11734,-1,0,0.001,0.000,0.001
11735,-1,0,0.003,0.000,0.004
11736,-1,0,0.067,0.000,0.067
11737,-1,0,0.001,0.000,0.001
11738,-1,3,0.001,0.000,0.001
11739,-1,0,0.011,0.000,0.011
11740,-1,4,0.001,0.000,0.001
11741,-1,0,0.002,0.000,0.002
11742,-1,0,0.004,0.000,0.004
11743,-1,0,0.016,0.000,0.017
11744,-1,0,0.033,0.000,0.033
11745,-1,0,0.011,0.000,0.011
11746,-1,0,0.001,0.000,0.001
11747,-1,0,0.000,0.000,0.000
11748,-1,0,0.002,0.000,0.002
11749,-1,0,0.000,0.000,0.001
11750,-1,0,0.016,0.000,0.016
11751,-1,0,0.013,0.000,0.013
11752,-1,0,0.007,0.000,0.007
11753,-1,0,0.011,0.000,0.011
11754,-1,0,0.003,0.000,0.003
11755,-1,0,0.001,0.000,0.001
11756,-1,0,0.007,0.000,0.007
11757,-1,0,0.000,0.000,0.001
11758,-1,0,0.006,0.000,0.006
11759,-1,0,0.001,0.000,0.001
11760,-1,0,0.002,0.000,0.002
11761,-1,0,0.001,0.000,0.001
11762,-1,0,0.002,0.000,0.002
11763,-1,0,0.001,0.000,0.001
11764,-1,0,0.001,0.000,0.001
11765,-1,1,0.253,0.000,0.253
11766,-1,6,0.002,0.000,0.002
11767,-1,0,0.002,0.000,0.002
11768,-1,0,0.022,0.000,0.022
11769,-1,0,0.006,0.000,0.006
11770,-1,0,0.001,0.000,0.001
11771,-1,1,0.012,0.000,0.012
11772,-1,0,0.000,0.000,0.000
11773,-1,0,0.299,0.000,0.299
11774,-1,1,0.001,0.000,0.001
11775,-1,1,0.010,0.000,0.010
11776,-1,0,0.002,0.000,0.003
11777,-1,0,0.000,0.000,0.001
11778,-1,0,0.055,0.000,0.055
11779,-1,0,0.003,0.000,0.003
11780,-1,0,0.000,0.000,0.000
11781,-1,0,0.001,0.000,0.001
11782,-1,0,0.001,0.000,0.001
11783,-1,0,0.003,0.000,0.003
11784,-1,0,0.091,0.000,0.091
11785,-1,1,0.001,0.000,0.001
11786,-1,0,0.003,0.000,0.003
11787,-1,0,0.008,0.000,0.009
11788,-1,8,0.002,0.000,0.002
11789,-1,0,0.001,0.000,0.001
11790,-1,0,0.008,0.000,0.008
11791,-1,0,0.002,0.000,0.002
11792,-1,0,0.002,0.000,0.002
11793,-1,0,0.008,0.000,0.008
11794,-1,5,0.002,0.000,0.002
11795,-1,0,0.059,0.000,0.059
11796,-1,0,0.003,0.000,0.003
11797,-1,0,0.001,0.000,0.001
11798,-1,0,0.000,0.000,0.000
11799,-1,0,0.001,0.000,0.001
11800,-1,0,0.008,0.000,0.008
11801,-1,0,0.003,0.000,0.003
11802,-1,0,0.012,0.000,0.013
11803,-1,1,0.000,0.000,0.001
11804,-1,0,0.000,0.000,0.000
11805,-1,0,0.005,0.000,0.005
11806,-1,0,0.001,0.000,0.001
11807,-1,0,0.003,0.000,0.003
11808,-1,0,0.028,0.000,0.028
11809,-1,0,0.001,0.000,0.001
11810,-1,0,0.001,0.000,0.001
11811,-1,0,0.000,0.000,0.000
11812,-1,0,0.000,0.000,0.001
11813,-1,0,0.009,0.000,0.009
11814,-1,8,0.002,0.000,0.002
11815,-1,0,0.002,0.000,0.002
11816,-1,0,0.003,0.000,0.003
11817,-1,0,0.016,0.000,0.016
11818,-1,0,0.000,0.000,0.000
11819,-1,0,0.006,0.000,0.006
11820,-1,0,0.000,0.000,0.000
11821,-1,46,0.009,0.000,0.009
11822,-1,0,0.007,0.000,0.007
11823,-1,0,0.006,0.000,0.006
11824,-1,0,0.011,0.000,0.011
11825,-1,0,0.003,0.000,0.003
11826,-1,0,0.001,0.000,0.001
11827,-1,0,0.006,0.000,0.006
11828,-1,5,0.002,0.000,0.002
11829,-1,0,0.000,0.000,0.000
11830,-1,0,0.002,0.000,0.003
11831,-1,0,0.000,0.000,0.001
11832,-1,0,0.002,0.000,0.002
11833,-1,0,0.000,0.000,0.000
11834,-1,0,0.007,0.000,0.007
11835,-1,0,0.002,0.000,0.002
11836,-1,2,0.001,0.000,0.001
11837,-1,0,0.002,0.000,0.002
11838,-1,0,0.000,0.000,0.000
11839,-1,0,0.005,0.000,0.005
11840,-1,0,0.007,0.000,0.007
11841,-1,0,0.001,0.000,0.001
11842,-1,0,0.120,0.000,0.120
11843,-1,0,0.002,0.000,0.002
11844,-1,0,0.001,0.000,0.001
11845,-1,2,0.001,0.000,0.001
11846,-1,0,0.163,0.000,0.163
11847,-1,0,0.002,0.000,0.003
11848,-1,7,0.001,0.000,0.002
11849,-1,0,0.006,0.000,0.006
11850,-1,0,0.003,0.000,0.003
11851,-1,0,0.001,0.000,0.001
11852,-1,1,0.001,0.000,0.001
11853,-1,0,0.002,0.000,0.002
11854,-1,0,0.001,0.000,0.001
11855,-1,0,0.001,0.000,0.001
11856,-1,4,0.001,0.000,0.002
11857,-1,0,0.004,0.000,0.004
11858,-1,0,0.001,0.000,0.001
11859,-1,0,0.003,0.000,0.003
11860,-1,33,0.005,0.000,0.005
11861,-1,0,0.015,0.000,0.015
11862,-1,0,0.001,0.000,0.001
11863,-1,0,0.005,0.000,0.006
11864,-1,0,0.002,0.000,0.002
11865,-1,0,0.000,0.000,0.000
11866,-1,0,0.000,0.000,0.000
11867,-1,0,0.000,0.000,0.001
11868,-1,0,0.001,0.000,0.001
11869,-1,0,0.002,0.000,0.002
11870,-1,0,0.014,0.000,0.014
11871,-1,0,0.001,0.000,0.001
11872,-1,0,0.000,0.000,0.000
11873,-1,0,0.000,0.000,0.001
11874,-1,0,0.000,0.000,0.001
11875,-1,0,0.001,0.000,0.001
11876,-1,0,0.003,0.000,0.003
11877,-1,0,0.001,0.000,0.001
11878,-1,0,0.004,0.000,0.004
11879,-1,1,0.001,0.000,0.001
11880,-1,0,0.001,0.000,0.001
11881,-1,0,0.000,0.000,0.000
11882,-1,10,0.002,0.000,0.002
11883,-1,0,0.001,0.000,0.001
11884,-1,0,0.001,0.000,0.001
11885,-1,1,0.014,0.000,0.014
11886,-1,5,0.869,0.000,0.869
11887,-1,0,0.001,0.000,0.001
11888,-1,10,1.416,0.000,1.416
11889,-1,0,0.001,0.000,0.001
11890,-1,0,0.001,0.000,0.001
11891,-1,0,0.000,0.000,0.000
11892,-1,0,0.001,0.000,0.001
11893,-1,0,0.000,0.000,0.000
11894,-1,0,0.020,0.000,0.020
11895,-1,0,0.024,0.000,0.024
11896,-1,1,0.009,0.000,0.009
11897,-1,5,0.001,0.000,0.002
11898,-1,0,0.008,0.000,0.008
11899,-1,0,0.001,0.000,0.001
11900,-1,0,0.000,0.000,0.000
11901,-1,0,0.001,0.000,0.001
11902,-1,0,0.004,0.000,0.004
11903,-1,0,0.001,0.000,0.001
11904,-1,0,0.001,0.000,0.001
11905,-1,0,0.009,0.000,0.009
11906,-1,0,0.000,0.000,0.000
11907,-1,0,0.001,0.000,0.001
11908,-1,0,0.020,0.000,0.020
11909,-1,0,0.078,0.000,0.078
11910,-1,2,0.001,0.000,0.001
11911,-1,0,0.004,0.000,0.004
11912,-1,0,0.001,0.000,0.001
11913,-1,0,0.003,0.000,0.003
11914,-1,3,0.001,0.000,0.001
11915,-1,0,0.012,0.000,0.012
11916,-1,0,0.002,0.000,0.002
11917,-1,0,0.003,0.000,0.003
11918,-1,0,0.001,0.000,0.001
11919,-1,0,0.003,0.000,0.003
11920,-1,0,0.060,0.000,0.060
11921,-1,0,0.014,0.000,0.014
11922,-1,0,0.002,0.000,0.002
11923,-1,0,0.008,0.000,0.008
11924,-1,0,0.012,0.000,0.012
11925,-1,0,0.004,0.000,0.004
11926,-1,0,0.128,0.000,0.128
11927,-1,0,0.002,0.000,0.002
11928,-1,0,0.005,0.000,0.005
11929,-1,0,0.029,0.000,0.029
11930,-1,5,0.891,0.000,0.891
11931,-1,2,0.001,0.000,0.001
11932,-1,2,0.001,0.000,0.001
11933,-1,0,0.003,0.000,0.003
11934,-1,0,0.000,0.000,0.000
11935,-1,0,0.001,0.000,0.001
11936,-1,0,0.012,0.000,0.012
11937,-1,33,0.005,0.000,0.005
11938,-1,1,0.087,0.000,0.087
11939,-1,1,0.001,0.000,0.001
11940,-1,0,0.007,0.000,0.007
11941,-1,0,0.009,0.000,0.009
11942,-1,0,0.015,0.000,0.015
11943,-1,0,0.003,0.000,0.003
11944,-1,0,0.011,0.000,0.012
11945,-1,0,0.008,0.000,0.008
11946,-1,0,0.004,0.000,0.004
11947,-1,0,0.005,0.000,0.005
11948,-1,0,0.000,0.000,0.001
11949,-1,0,0.001,0.000,0.001
11950,-1,0,0.003,0.000,0.003
11951,-1,0,0.014,0.000,0.014
11952,-1,0,0.001,0.000,0.001
11953,-1,0,0.001,0.000,0.001
11954,-1,0,0.001,0.000,0.001
11955,-1,0,0.003,0.000,0.003
11956,-1,5,0.001,0.000,0.002
11957,-1,0,0.000,0.000,0.000
11958,-1,0,0.001,0.000,0.001
11959,-1,0,0.003,0.000,0.003
11960,-1,0,0.001,0.000,0.001
11961,-1,1,0.001,0.000,0.001
11962,-1,2,0.224,0.000,0.224
11963,-1,0,0.001,0.000,0.001
11964,-1,0,0.002,0.000,0.002
11965,-1,0,0.000,0.000,0.000
11966,-1,1,0.001,0.000,0.001
11967,-1,0,0.002,0.000,0.002
11968,-1,0,0.009,0.000,0.009
11969,-1,0,0.008,0.000,0.008
11970,-1,0,0.054,0.000,0.054
11971,-1,0,0.001,0.000,0.001
11972,-1,0,0.007,0.000,0.007
11973,-1,0,0.001,0.000,0.001
11974,-1,0,0.003,0.000,0.003
11975,-1,0,0.005,0.000,0.005
11976,-1,0,0.000,0.000,0.000
11977,-1,0,0.003,0.000,0.003
11978,-1,0,0.001,0.000,0.001
11979,-1,0,0.008,0.000,0.008
11980,-1,0,0.001,0.000,0.001
11981,-1,0,0.002,0.000,0.002
11982,-1,0,0.001,0.000,0.001
11983,-1,2,0.776,0.000,0.776
11984,-1,0,0.001,0.000,0.001
11985,-1,0,0.054,0.000,0.054
11986,-1,0,0.078,0.000,0.078
11987,-1,0,0.001,0.000,0.001
11988,-1,0,0.001,0.000,0.001
11989,-1,2,0.001,0.000,0.001
11990,-1,0,0.001,0.000,0.001
11991,-1,0,0.003,0.000,0.003
11992,-1,0,0.012,0.000,0.013
11993,-1,0,0.002,0.000,0.002
11994,-1,0,0.008,0.000,0.009
11995,-1,0,0.000,0.000,0.000
11996,-1,0,0.000,0.000,0.001
11997,-1,0,0.001,0.000,0.001
11998,-1,1,0.001,0.000,0.001
11999,-1,0,0.000,0.000,0.000
12000,-1,1,0.165,0.000,0.165
12001,-1,2,0.245,0.000,0.245
12002,-1,0,0.001,0.000,0.001
12003,-1,0,0.008,0.000,0.008
12004,-1,0,0.000,0.000,0.001
12005,-1,0,0.006,0.000,0.006
12006,-1,4,0.523,0.000,0.523
12007,-1,0,0.003,0.000,0.003
12008,-1,0,0.006,0.000,0.006
12009,-1,0,0.001,0.000,0.001
12010,-1,0,0.149,0.000,0.149
12011,-1,0,0.041,0.000,0.041
12012,-1,0,0.000,0.000,0.000
12013,-1,0,0.003,0.000,0.003
12014,-1,0,0.003,0.000,0.003
12015,-1,4,0.002,0.000,0.002
12016,-1,0,0.286,0.000,0.286
12017,-1,0,0.002,0.000,0.003
12018,-1,0,0.004,0.000,0.004
12019,-1,0,0.001,0.000,0.001
12020,-1,0,0.001,0.000,0.001
12021,-1,0,0.024,0.000,0.024
12022,-1,0,0.010,0.000,0.010
12023,-1,0,0.001,0.000,0.001
12024,-1,0,0.010,0.000,0.010
12025,-1,0,0.022,0.000,0.022
12026,-1,0,0.002,0.000,0.002
12027,-1,0,0.007,0.000,0.007
12028,-1,0,0.001,0.000,0.001
12029,-1,2,0.001,0.000,0.001
12030,-1,1,0.001,0.000,0.001
12031,-1,3,0.006,0.000,0.006
12032,-1,0,0.002,0.000,0.002
12033,-1,0,0.009,0.000,0.009
12034,-1,0,0.008,0.000,0.008
12035,-1,3,0.001,0.000,0.001
12036,-1,0,0.011,0.000,0.011
12037,-1,0,0.004,0.000,0.005
12038,-1,0,0.033,0.000,0.033
12039,-1,4,0.002,0.000,0.002
12040,-1,0,0.004,0.000,0.004
12041,-1,0,0.012,0.000,0.012
12042,-1,0,0.002,0.000,0.002
12043,-1,0,0.000,0.000,0.000
12044,-1,1,0.001,0.000,0.001
12045,-1,0,0.002,0.000,0.002
12046,-1,0,0.000,0.000,0.000
12047,-1,0,0.002,0.000,0.002
12048,-1,0,0.123,0.000,0.123
12049,-1,14,0.003,0.000,0.004
12050,-1,0,0.000,0.000,0.000
12051,-1,0,0.065,0.000,0.065
12052,-1,0,0.001,0.000,0.001
12053,-1,0,0.001,0.000,0.001
12054,-1,1,0.011,0.000,0.011
12055,-1,0,0.003,0.000,0.003
12056,-1,1,0.046,0.000,0.047
12057,-1,1,0.001,0.000,0.001
12058,-1,0,0.002,0.000,0.002
12059,-1,0,0.003,0.000,0.003
12060,-1,0,0.012,0.000,0.012
12061,-1,4,0.482,0.000,0.482
12062,-1,0,0.003,0.000,0.003
12063,-1,0,0.058,0.000,0.058
12064,-1,0,0.000,0.000,0.000
12065,-1,1,0.015,0.000,0.016
12066,-1,0,0.000,0.000,0.001
12067,-1,0,0.004,0.000,0.004
12068,-1,0,0.003,0.000,0.003
12069,-1,0,0.001,0.000,0.001
12070,-1,0,0.000,0.000,0.001
12071,-1,0,0.001,0.000,0.001
12072,-1,8,0.003,0.000,0.003
12073,-1,0,0.002,0.000,0.002
12074,-1,0,0.000,0.000,0.001
12075,-1,0,0.000,0.000,0.000
12076,-1,0,0.002,0.000,0.002
12077,-1,1,0.013,0.000,0.013
12078,-1,0,0.008,0.000,0.008
12079,-1,0,0.025,0.000,0.026
12080,-1,0,0.002,0.000,0.002
12081,-1,0,0.061,0.000,0.061
12082,-1,0,0.002,0.000,0.002
12083,-1,0,0.003,0.000,0.004
12084,-1,0,0.003,0.000,0.003
12085,-1,1,0.001,0.000,0.001
12086,-1,0,0.012,0.000,0.012
12087,-1,1,0.015,0.000,0.015
12088,-1,0,0.003,0.000,0.003
12089,-1,0,0.003,0.000,0.003
12090,-1,0,0.000,0.000,0.000
12091,-1,0,0.006,0.000,0.006
12092,-1,19,0.004,0.000,0.004
12093,-1,0,0.001,0.000,0.001
12094,-1,6,0.002,0.000,0.003
12095,-1,11,0.003,0.000,0.003
12096,-1,0,0.001,0.000,0.001
12097,-1,0,0.000,0.000,0.001
12098,-1,0,0.010,0.000,0.010
12099,-1,0,0.009,0.000,0.009
12100,-1,5,0.968,0.000,0.968
12101,-1,0,0.120,0.000,0.120
12102,-1,0,0.003,0.000,0.003
12103,-1,10,1.373,0.000,1.373
12104,-1,23,0.004,0.000,0.004
12105,-1,0,0.001,0.000,0.001
12106,-1,0,0.001,0.000,0.001
12107,-1,0,0.001,0.000,0.001
12108,-1,0,0.003,0.000,0.003
12109,-1,0,0.000,0.000,0.001
12110,-1,0,0.054,0.000,0.054
12111,-1,19,0.003,0.000,0.003
12112,-1,0,0.000,0.000,0.000
12113,-1,0,0.004,0.000,0.004
12114,-1,0,0.000,0.000,0.001
12115,-1,0,0.002,0.000,0.003
12116,-1,0,0.000,0.000,0.000
12117,-1,0,0.001,0.000,0.001
12118,-1,0,0.055,0.000,0.055
12119,-1,0,0.000,0.000,0.000
12120,-1,0,0.030,0.000,0.030
12121,-1,0,0.004,0.000,0.005
12122,-1,0,0.001,0.000,0.001
12123,-1,1,0.169,0.000,0.169
12124,-1,0,0.008,0.000,0.008
12125,-1,0,0.037,0.000,0.037
12126,-1,0,0.007,0.000,0.007
12127,-1,0,0.003,0.000,0.003
12128,-1,0,0.001,0.000,0.001
12129,-1,0,0.002,0.000,0.002
12130,-1,0,0.001,0.000,0.001
12131,-1,0,0.001,0.000,0.001
12132,-1,0,0.000,0.000,0.000
12133,-1,0,0.001,0.000,0.001
12134,-1,0,0.006,0.000,0.006
12135,-1,0,0.004,0.000,0.004
12136,-1,3,0.001,0.000,0.001
12137,-1,1,0.001,0.000,0.001
12138,-1,3,0.001,0.000,0.001
12139,-1,0,0.005,0.000,0.005
12140,-1,0,0.000,0.000,0.001
12141,-1,0,0.002,0.000,0.002
12142,-1,0,0.001,0.000,0.001
12143,-1,0,0.006,0.000,0.006
12144,-1,0,0.004,0.000,0.004
12145,-1,0,0.000,0.000,0.001
12146,-1,0,0.002,0.000,0.002
12147,-1,0,0.001,0.000,0.001
12148,-1,0,0.001,0.000,0.001
12149,-1,0,0.001,0.000,0.001
12150,-1,0,0.012,0.000,0.012
12151,-1,5,0.855,0.000,0.856
12152,-1,0,0.008,0.000,0.008
12153,-1,2,0.002,0.000,0.002
12154,-1,0,0.000,0.000,0.000
12155,-1,0,0.001,0.000,0.001
12156,-1,0,0.000,0.000,0.000
12157,-1,0,0.002,0.000,0.002
12158,-1,0,0.004,0.000,0.004
12159,-1,0,0.009,0.000,0.009
12160,-1,0,0.001,0.000,0.001
12161,-1,0,0.000,0.000,0.001
12162,-1,0,0.079,0.000,0.079
12163,-1,3,0.001,0.000,0.002
12164,-1,4,0.002,0.000,0.002
12165,-1,0,0.005,0.000,0.005
12166,-1,1,0.172,0.000,0.172
12167,-1,1,0.001,0.000,0.001
12168,-1,0,0.002,0.000,0.002
12169,-1,0,0.001,0.000,0.001
12170,-1,0,0.000,0.000,0.001
12171,-1,0,0.014,0.000,0.014
12172,-1,0,0.001,0.000,0.001
12173,-1,0,0.057,0.000,0.057
12174,-1,0,0.008,0.000,0.009
12175,-1,0,0.001,0.000,0.001
12176,-1,0,0.004,0.000,0.004
12177,-1,0,0.001,0.000,0.001
12178,-1,0,0.005,0.000,0.005
12179,-1,1,0.010,0.000,0.011
12180,-1,5,0.889,0.000,0.890
12181,-1,0,0.007,0.000,0.007
12182,-1,0,0.000,0.000,0.000
12183,-1,0,0.009,0.000,0.009
12184,-1,5,0.909,0.000,0.909
12185,-1,30,0.005,0.000,0.005
12186,-1,0,0.001,0.000,0.001
12187,-1,0,0.001,0.000,0.001
12188,-1,0,0.016,0.000,0.016
12189,-1,4,0.001,0.000,0.002
12190,-1,0,0.003,0.000,0.004
12191,-1,0,0.001,0.000,0.001
12192,-1,0,0.002,0.000,0.002
12193,-1,0,0.001,0.000,0.001
12194,-1,0,0.003,0.000,0.003
12195,-1,0,0.001,0.000,0.001
12196,-1,0,0.003,0.000,0.003
12197,-1,0,0.003,0.000,0.003
12198,-1,0,0.003,0.000,0.003
12199,-1,0,0.001,0.000,0.001
12200,-1,0,0.003,0.000,0.003
12201,-1,0,0.001,0.000,0.001
12202,-1,0,0.002,0.000,0.002
12203,-1,0,0.002,0.000,0.002
12204,-1,5,0.002,0.000,0.003
12205,-1,0,0.000,0.000,0.001
12206,-1,0,0.006,0.000,0.006
12207,-1,0,0.001,0.000,0.001
12208,-1,1,0.481,0.000,0.481
12209,-1,0,0.004,0.000,0.005
12210,-1,34,0.005,0.000,0.006
12211,-1,0,0.073,0.000,0.073
12212,-1,0,0.004,0.000,0.004
12213,-1,0,0.001,0.000,0.001
12214,-1,0,0.004,0.000,0.004
12215,-1,0,0.001,0.000,0.001
12216,-1,0,0.008,0.000,0.008
12217,-1,0,0.001,0.000,0.001
12218,-1,1,0.114,0.000,0.114
12219,-1,4,0.520,0.000,0.520
12220,-1,0,0.007,0.000,0.007
12221,-1,0,0.001,0.000,0.001
12222,-1,0,0.001,0.000,0.001
12223,-1,0,0.003,0.000,0.003
12224,-1,0,0.001,0.000,0.001
12225,-1,0,0.002,0.000,0.002
12226,-1,0,0.003,0.000,0.003
12227,-1,2,1.791,0.001,1.792
12228,-1,0,0.011,0.000,0.011
12229,-1,0,0.005,0.000,0.005
12230,-1,0,0.002,0.000,0.003
12231,-1,0,0.001,0.000,0.001
12232,-1,0,0.005,0.000,0.006
12233,-1,0,0.001,0.000,0.001
12234,-1,6,0.002,0.000,0.002
12235,-1,1,0.008,0.000,0.008
12236,-1,0,0.002,0.000,0.002
12237,-1,0,0.001,0.000,0.001
12238,-1,0,0.001,0.000,0.001
12239,-1,0,0.001,0.000,0.001
12240,-1,0,0.001,0.000,0.001
12241,-1,0,0.001,0.000,0.001
12242,-1,0,0.042,0.000,0.042
12243,-1,0,0.000,0.000,0.000
12244,-1,0,0.001,0.000,0.001
12245,-1,0,0.001,0.000,0.001
12246,-1,0,0.001,0.000,0.001
12247,-1,0,0.000,0.000,0.000
12248,-1,1,0.009,0.000,0.009
12249,-1,0,0.002,0.000,0.002
12250,-1,5,0.002,0.000,0.002
12251,-1,0,0.003,0.000,0.003
12252,-1,0,0.001,0.000,0.001
12253,-1,4,0.002,0.000,0.002
12254,-1,0,0.008,0.000,0.008
12255,-1,0,0.010,0.000,0.010
12256,-1,0,0.003,0.000,0.003
12257,-1,0,0.005,0.000,0.005
12258,-1,0,0.001,0.000,0.001
12259,-1,0,0.002,0.000,0.002
12260,-1,1,0.008,0.000,0.008
12261,-1,0,0.001,0.000,0.001
12262,-1,2,0.002,0.000,0.002
12263,-1,0,0.000,0.000,0.000
12264,-1,0,0.001,0.000,0.001
12265,-1,0,0.003,0.000,0.004
12266,-1,2,0.001,0.000,0.001
12267,-1,0,0.002,0.000,0.002
12268,-1,1,0.161,0.000,0.161
12269,-1,0,0.002,0.000,0.002
12270,-1,0,0.003,0.000,0.003
12271,-1,1,0.009,0.000,0.010
12272,-1,0,0.000,0.000,0.001
12273,-1,0,0.002,0.000,0.002
12274,-1,1,0.443,0.000,0.443
12275,-1,1,0.017,0.000,0.017
12276,-1,0,0.001,0.000,0.001
12277,-1,0,0.008,0.000,0.008
12278,-1,0,0.014,0.000,0.015
12279,-1,0,0.001,0.000,0.001
12280,-1,0,0.001,0.000,0.001
12281,-1,0,0.004,0.000,0.004
12282,-1,4,0.002,0.000,0.002
12283,-1,0,0.002,0.000,0.002
12284,-1,0,0.007,0.000,0.007
12285,-1,0,0.004,0.000,0.004
12286,-1,0,0.003,0.000,0.003
12287,-1,0,0.006,0.000,0.006
12288,-1,1,0.038,0.000,0.038
12289,-1,0,0.001,0.000,0.001
12290,-1,0,0.001,0.000,0.001
12291,-1,0,0.022,0.000,0.022
12292,-1,16,0.006,0.000,0.006
12293,-1,5,0.002,0.000,0.002
12294,-1,0,0.009,0.000,0.009
12295,-1,0,0.003,0.000,0.004
12296,-1,1,0.001,0.000,0.001
12297,-1,0,0.006,0.000,0.006
12298,-1,0,0.001,0.000,0.001
12299,-1,0,0.001,0.000,0.001
12300,-1,0,0.002,0.000,0.002
12301,-1,0,0.002,0.000,0.002
12302,-1,0,0.003,0.000,0.003
12303,-1,0,0.012,0.000,0.012
12304,-1,0,0.001,0.000,0.001
12305,-1,3,0.001,0.000,0.001
12306,-1,0,0.008,0.000,0.008
12307,-1,0,0.001,0.000,0.001
12308,-1,0,0.005,0.000,0.005
12309,-1,0,0.000,0.000,0.001
12310,-1,0,0.020,0.000,0.020
12311,-1,1,0.001,0.000,0.001
12312,-1,0,0.002,0.000,0.002
12313,-1,0,0.001,0.000,0.001
12314,-1,0,0.004,0.000,0.004
12315,-1,0,0.013,0.000,0.013
12316,-1,0,0.011,0.000,0.011
12317,-1,0,0.001,0.000,0.001
12318,-1,0,0.001,0.000,0.001
12319,-1,0,0.001,0.000,0.001
12320,-1,0,0.009,0.000,0.010
12321,-1,0,0.003,0.000,0.003
12322,-1,0,0.000,0.000,0.001
12323,-1,20,0.006,0.000,0.006
12324,-1,0,0.002,0.000,0.002
12325,-1,0,0.001,0.000,0.001
12326,-1,0,0.001,0.000,0.001
12327,-1,0,0.001,0.000,0.001
12328,-1,0,0.129,0.000,0.129
12329,-1,0,0.010,0.000,0.011
12330,-1,0,0.001,0.000,0.001
12331,-1,0,0.005,0.000,0.005
12332,-1,0,0.001,0.000,0.001
12333,-1,0,0.045,0.000,0.045
12334,-1,4,0.564,0.000,0.564
12335,-1,0,0.001,0.000,0.001
12336,-1,10,1.718,0.000,1.718
12337,-1,1,0.464,0.000,0.464
12338,-1,1,0.110,0.000,0.110
12339,-1,0,0.000,0.000,0.001
12340,-1,0,0.001,0.000,0.001
12341,-1,0,0.001,0.000,0.001
12342,-1,0,0.010,0.000,0.010
12343,-1,0,0.001,0.000,0.001
12344,-1,6,0.003,0.000,0.004
12345,-1,0,0.001,0.000,0.001
12346,-1,3,0.002,0.000,0.002
12347,-1,3,0.002,0.000,0.002
12348,-1,0,0.003,0.000,0.003
12349,-1,0,0.001,0.000,0.001
12350,-1,0,0.001,0.000,0.001
12351,-1,0,0.005,0.000,0.005
12352,-1,1,0.019,0.000,0.019
12353,-1,0,0.003,0.000,0.003
12354,-1,0,0.009,0.000,0.009
12355,-1,0,0.009,0.000,0.009
12356,-1,5,0.952,0.000,0.952
12357,-1,0,0.006,0.000,0.006
12358,-1,0,0.010,0.000,0.010
12359,-1,0,0.001,0.000,0.001
12360,-1,0,0.005,0.000,0.005
12361,-1,0,0.010,0.000,0.011
12362,-1,0,0.001,0.000,0.001
12363,-1,0,0.020,0.000,0.020
12364,-1,0,0.008,0.000,0.008
12365,-1,0,0.000,0.000,0.001
12366,-1,0,0.003,0.000,0.003
12367,-1,0,0.002,0.000,0.002
12368,-1,0,0.002,0.000,0.002
12369,-1,0,0.021,0.000,0.021
12370,-1,0,0.001,0.000,0.001
12371,-1,0,0.001,0.000,0.001
12372,-1,0,0.002,0.000,0.002
12373,-1,0,0.005,0.000,0.005
12374,-1,0,0.009,0.000,0.009
12375,-1,0,0.002,0.000,0.002
12376,-1,1,0.173,0.000,0.173
12377,-1,6,0.003,0.000,0.003
12378,-1,0,0.003,0.000,0.003
12379,-1,0,0.003,0.000,0.003
12380,-1,0,0.009,0.000,0.009
12381,-1,0,0.003,0.000,0.003
12382,-1,0,0.032,0.000,0.032
12383,-1,0,0.008,0.000,0.009
12384,-1,1,0.065,0.000,0.066
12385,-1,0,0.002,0.000,0.003
12386,-1,0,0.001,0.000,0.001
12387,-1,0,0.000,0.000,0.001
12388,-1,0,0.005,0.000,0.005
12389,-1,0,0.024,0.000,0.024
12390,-1,0,0.021,0.000,0.021
12391,-1,0,0.003,0.000,0.003
12392,-1,0,0.001,0.000,0.001
12393,-1,0,0.028,0.000,0.028
12394,-1,0,0.001,0.000,0.001
12395,-1,1,0.187,0.000,0.187
12396,-1,0,0.078,0.000,0.078
12397,-1,0,0.001,0.000,0.001
12398,-1,2,0.002,0.000,0.002
12399,-1,0,0.001,0.000,0.001
12400,-1,0,0.001,0.000,0.001
12401,-1,0,0.003,0.000,0.003
12402,-1,2,0.001,0.000,0.001
12403,-1,0,0.016,0.000,0.016
12404,-1,2,0.001,0.000,0.001
12405,-1,0,0.003,0.000,0.003
12406,-1,0,0.001,0.000,0.001
12407,-1,0,0.001,0.000,0.001
12408,-1,0,0.001,0.000,0.001
12409,-1,0,0.000,0.000,0.001
12410,-1,0,0.004,0.000,0.004
12411,-1,0,0.003,0.000,0.004
12412,-1,0,0.001,0.000,0.001
12413,-1,0,0.074,0.000,0.074
12414,-1,0,0.003,0.000,0.003
12415,-1,0,0.003,0.000,0.004
12416,-1,0,0.001,0.000,0.001
12417,-1,0,0.010,0.000,0.010
12418,-1,19,0.003,0.000,0.003
12419,-1,0,0.001,0.000,0.001
12420,-1,1,0.003,0.000,0.003
12421,-1,0,0.001,0.000,0.001
12422,-1,84,0.030,0.000,0.030
12423,-1,0,0.003,0.000,0.003
12424,-1,0,0.001,0.000,0.001
12425,-1,0,0.001,0.000,0.001
12426,-1,0,0.093,0.000,0.093
12427,-1,1,0.009,0.000,0.010
12428,-1,0,0.005,0.000,0.006
12429,-1,0,0.001,0.000,0.001
12430,-1,1,0.109,0.000,0.109
12431,-1,0,0.010,0.000,0.010
12432,-1,0,0.016,0.000,0.016
12433,-1,5,0.002,0.000,0.002
12434,-1,0,0.004,0.000,0.004
12435,-1,0,0.002,0.000,0.002
12436,-1,1,0.001,0.000,0.002
12437,-1,0,0.011,0.000,0.011
12438,-1,0,0.011,0.000,0.011
12439,-1,0,0.002,0.000,0.002
12440,-1,0,0.001,0.000,0.001
12441,-1,0,0.000,0.000,0.001
12442,-1,0,0.001,0.000,0.001
12443,-1,0,0.004,0.000,0.004
12444,-1,1,0.001,0.000,0.001
12445,-1,7,0.002,0.000,0.002
12446,-1,0,0.001,0.000,0.001
12447,-1,0,0.014,0.000,0.014
12448,-1,0,0.000,0.000,0.001
12449,-1,0,0.013,0.000,0.013
12450,-1,0,0.093,0.000,0.093
12451,-1,0,0.001,0.000,0.001
12452,-1,0,0.002,0.000,0.002
12453,-1,0,0.004,0.000,0.004
12454,-1,0,0.002,0.000,0.002
12455,-1,0,0.003,0.000,0.004
12456,-1,28,0.005,0.000,0.005
12457,-1,0,0.001,0.000,0.001
12458,-1,0,0.006,0.000,0.006
12459,-1,0,0.007,0.000,0.007
12460,-1,0,0.006,0.000,0.006
12461,-1,0,0.010,0.000,0.010
12462,-1,1,0.015,0.000,0.015
12463,-1,0,0.001,0.000,0.001
12464,-1,0,0.004,0.000,0.004
12465,-1,1,0.190,0.000,0.190
12466,-1,0,0.001,0.000,0.001
12467,-1,0,0.066,0.000,0.067
12468,-1,0,0.003,0.000,0.003
12469,-1,0,0.003,0.000,0.003
12470,-1,0,0.001,0.000,0.001
12471,-1,0,0.004,0.000,0.004
12472,-1,0,0.002,0.000,0.002
12473,-1,0,0.001,0.000,0.001
12474,-1,0,0.003,0.000,0.003
12475,-1,0,0.009,0.000,0.009
12476,-1,0,0.004,0.000,0.005
12477,-1,0,0.056,0.000,0.056
12478,-1,0,0.001,0.000,0.001
12479,-1,0,0.000,0.000,0.000
12480,-1,5,0.002,0.000,0.002
12481,-1,0,0.019,0.000,0.019
12482,-1,1,0.554,0.000,0.554
12483,-1,1,0.052,0.000,0.052
12484,-1,0,0.001,0.000,0.001
12485,-1,0,0.001,0.000,0.001
12486,-1,0,0.001,0.000,0.001
12487,-1,0,0.002,0.000,0.002
12488,-1,0,0.311,0.000,0.312
12489,-1,0,0.001,0.000,0.001
12490,-1,0,0.016,0.000,0.016
12491,-1,1,0.014,0.000,0.014
12492,-1,0,0.005,0.000,0.005
12493,-1,1,0.001,0.000,0.001
12494,-1,0,0.003,0.000,0.004
12495,-1,0,0.012,0.000,0.012
12496,-1,0,0.003,0.000,0.004
12497,-1,0,0.003,0.000,0.004
12498,-1,1,0.001,0.000,0.001
12499,-1,0,0.001,0.000,0.001
12500,-1,0,0.001,0.000,0.001
12501,-1,0,0.010,0.000,0.010
12502,-1,0,0.007,0.000,0.007
12503,-1,0,0.002,0.000,0.003
12504,-1,0,0.000,0.000,0.000
12505,-1,0,0.001,0.000,0.001
12506,-1,0,0.001,0.000,0.001
12507,-1,0,0.013,0.000,0.014
12508,-1,0,0.003,0.000,0.003
12509,-1,5,0.002,0.000,0.002
12510,-1,0,0.001,0.000,0.001
12511,-1,0,0.003,0.000,0.003
12512,-1,0,0.001,0.000,0.001
12513,-1,0,0.010,0.000,0.010
12514,-1,0,0.007,0.000,0.007
12515,-1,0,0.000,0.000,0.000
12516,-1,0,0.001,0.000,0.001
12517,-1,0,0.005,0.000,0.005
12518,-1,0,0.001,0.000,0.001
12519,-1,0,0.003,0.000,0.003
12520,-1,4,0.541,0.000,0.542
12521,-1,0,0.013,0.000,0.013
12522,-1,0,0.026,0.000,0.026
12523,-1,1,0.001,0.000,0.001
12524,-1,0,0.001,0.000,0.001
12525,-1,10,0.003,0.000,0.003
12526,-1,0,0.002,0.000,0.002
12527,-1,0,0.001,0.000,0.001
12528,-1,0,0.000,0.000,0.001
12529,-1,7,0.002,0.000,0.002
12530,-1,0,0.001,0.000,0.001
12531,-1,0,0.045,0.000,0.045
12532,-1,3,0.002,0.000,0.002
12533,-1,0,0.009,0.000,0.009
12534,-1,0,0.004,0.000,0.004
12535,-1,0,0.020,0.000,0.020
12536,-1,4,0.002,0.000,0.002
12537,-1,0,0.016,0.000,0.017
12538,-1,0,0.001,0.000,0.001
12539,-1,5,1.212,0.000,1.213
12540,-1,2,0.002,0.000,0.002
12541,-1,0,0.015,0.000,0.016
12542,-1,0,0.001,0.000,0.001
12543,-1,0,0.057,0.000,0.057
12544,-1,0,0.012,0.000,0.012
12545,-1,0,0.001,0.000,0.001
12546,-1,0,0.002,0.000,0.002
12547,-1,0,0.001,0.000,0.001
12548,-1,0,0.022,0.000,0.023
12549,-1,0,0.001,0.000,0.001
12550,-1,0,0.001,0.000,0.001
12551,-1,0,0.001,0.000,0.001
12552,-1,0,0.003,0.000,0.003
12553,-1,0,0.006,0.000,0.006
12554,-1,0,0.003,0.000,0.003
12555,-1,0,0.002,0.000,0.002
12556,-1,0,0.001,0.000,0.001
12557,-1,0,0.017,0.000,0.017
12558,-1,0,0.001,0.000,0.001
12559,-1,0,0.001,0.000,0.001
12560,-1,0,0.026,0.000,0.026
12561,-1,0,0.000,0.000,0.001
12562,-1,0,0.001,0.000,0.001
12563,-1,0,0.000,0.000,0.001
12564,-1,0,0.002,0.000,0.002
12565,-1,0,0.004,0.000,0.004
12566,-1,0,0.161,0.000,0.161
12567,-1,0,0.001,0.000,0.001
12568,-1,0,0.010,0.000,0.010
12569,-1,0,0.011,0.000,0.011
12570,-1,0,0.001,0.000,0.001
12571,-1,3,0.002,0.000,0.002
12572,-1,0,0.001,0.000,0.001
12573,-1,0,0.000,0.000,0.000
12574,-1,0,0.004,0.000,0.004
12575,-1,0,0.000,0.000,0.001
12576,-1,5,0.002,0.000,0.003
12577,-1,0,0.010,0.000,0.010
12578,-1,0,0.015,0.000,0.015
12579,-1,0,0.004,0.000,0.004
12580,-1,0,0.001,0.000,0.001
12581,-1,0,0.008,0.000,0.008
12582,-1,0,0.001,0.000,0.001
12583,-1,0,0.001,0.000,0.001
12584,-1,0,0.001,0.000,0.001
12585,-1,0,0.011,0.000,0.011
12586,-1,0,0.001,0.000,0.002
12587,-1,0,0.001,0.000,0.001
12588,-1,0,0.002,0.000,0.002
12589,-1,0,0.002,0.000,0.002
12590,-1,0,0.001,0.000,0.001
12591,-1,0,0.003,0.000,0.003
12592,-1,10,0.003,0.000,0.003
12593,-1,0,0.015,0.000,0.016
12594,-1,0,0.001,0.000,0.001
12595,-1,0,0.003,0.000,0.003
12596,-1,0,0.009,0.000,0.009
12597,-1,0,0.001,0.000,0.001
12598,-1,0,0.000,0.000,0.000
12599,-1,0,0.001,0.000,0.001
12600,-1,0,0.001,0.000,0.001
12601,-1,0,0.003,0.000,0.003
12602,-1,0,0.013,0.000,0.013
12603,-1,0,0.000,0.000,0.000
12604,-1,0,0.003,0.000,0.003
12605,-1,0,0.001,0.000,0.001
12606,-1,0,0.043,0.000,0.043
12607,-1,0,0.001,0.000,0.001
12608,-1,0,0.003,0.000,0.003
12609,-1,1,0.151,0.000,0.151
12610,-1,0,0.001,0.000,0.001
12611,-1,0,0.009,0.000,0.009
12612,-1,0,0.002,0.000,0.002
12613,-1,0,0.001,0.000,0.001
12614,-1,0,0.001,0.000,0.001
12615,-1,0,0.001,0.000,0.001
12616,-1,31,0.005,0.000,0.005
12617,-1,0,0.014,0.000,0.014
12618,-1,0,0.002,0.000,0.002
12619,-1,0,0.001,0.000,0.001
12620,-1,3,0.001,0.000,0.002
12621,-1,5,0.959,0.000,0.959
12622,-1,0,0.011,0.000,0.011
12623,-1,0,0.001,0.000,0.001
12624,-1,1,0.001,0.000,0.001
12625,-1,0,0.103,0.000,0.103
12626,-1,2,0.095,0.000,0.095
12627,-1,0,0.001,0.000,0.001
12628,-1,0,0.006,0.000,0.006
12629,-1,0,0.005,0.000,0.005
12630,-1,0,0.002,0.000,0.002
12631,-1,0,0.004,0.000,0.004
12632,-1,1,0.008,0.000,0.009
12633,-1,0,0.004,0.000,0.004
12634,-1,0,0.001,0.000,0.001
12635,-1,0,0.003,0.000,0.003
12636,-1,0,0.001,0.000,0.001
12637,-1,0,0.001,0.000,0.001
12638,-1,0,0.001,0.000,0.001
12639,-1,1,0.001,0.000,0.001
12640,-1,0,0.077,0.000,0.077
12641,-1,1,0.001,0.000,0.001
12642,-1,0,0.003,0.000,0.003
12643,-1,0,0.000,0.000,0.001
12644,-1,0,0.002,0.000,0.002
12645,-1,0,0.009,0.000,0.009
12646,-1,0,0.001,0.000,0.001
12647,-1,11,0.004,0.000,0.004
12648,-1,0,0.009,0.000,0.009
12649,-1,0,0.007,0.000,0.007
12650,-1,0,0.016,0.000,0.016
12651,-1,0,0.001,0.000,0.001
12652,-1,0,0.003,0.000,0.003
12653,-1,0,0.001,0.000,0.001
12654,-1,0,0.016,0.000,0.016
12655,-1,0,0.001,0.000,0.001
12656,-1,0,0.001,0.000,0.001
12657,-1,0,0.001,0.000,0.001
12658,-1,0,0.009,0.000,0.009
12659,-1,0,0.001,0.000,0.001
12660,-1,0,0.007,0.000,0.007
12661,-1,3,0.001,0.000,0.001
12662,-1,0,0.009,0.000,0.009
12663,-1,0,0.002,0.000,0.002
12664,-1,0,0.001,0.000,0.001
12665,-1,0,0.029,0.000,0.029
12666,-1,0,0.005,0.000,0.005
12667,-1,0,0.001,0.000,0.001
12668,-1,0,0.004,0.000,0.004
12669,-1,0,0.001,0.000,0.001
12670,-1,0,0.003,0.000,0.003
12671,-1,0,0.011,0.000,0.011
12672,-1,0,0.001,0.000,0.001
12673,-1,0,0.012,0.000,0.012
12674,-1,0,0.002,0.000,0.002
12675,-1,0,0.003,0.000,0.003
12676,-1,0,0.009,0.000,0.009
12677,-1,0,0.001,0.000,0.001
12678,-1,0,0.001,0.000,0.001
12679,-1,0,0.083,0.000,0.083
12680,-1,0,0.001,0.000,0.001
12681,-1,0,0.001,0.000,0.001
12682,-1,0,0.060,0.000,0.060
12683,-1,0,0.007,0.000,0.007
12684,-1,0,0.001,0.000,0.001
12685,-1,0,0.027,0.000,0.027
12686,-1,0,0.001,0.000,0.001
12687,-1,1,0.096,0.000,0.097
12688,-1,0,0.005,0.000,0.005
12689,-1,0,0.134,0.000,0.134
12690,-1,0,0.005,0.000,0.005
12691,-1,0,0.000,0.000,0.000
12692,-1,0,0.079,0.000,0.079
12693,-1,0,0.009,0.000,0.009
12694,-1,0,0.003,0.000,0.003
12695,-1,0,0.001,0.000,0.001
12696,-1,1,0.553,0.000,0.553
12697,-1,0,0.001,0.000,0.001
12698,-1,0,0.016,0.000,0.016
12699,-1,0,0.064,0.000,0.064
12700,-1,0,0.001,0.000,0.001
12701,-1,0,0.024,0.000,0.024
12702,-1,0,0.001,0.000,0.001
12703,-1,0,0.001,0.000,0.001
12704,-1,0,0.006,0.000,0.006
12705,-1,0,0.018,0.000,0.018
12706,-1,0,0.003,0.000,0.003
12707,-1,0,0.003,0.000,0.003
12708,-1,0,0.015,0.000,0.015
12709,-1,0,0.004,0.000,0.004
12710,-1,0,0.079,0.000,0.079
12711,-1,0,0.018,0.000,0.018
12712,-1,2,0.001,0.000,0.001
12713,-1,0,0.009,0.000,0.009
12714,-1,0,0.004,0.000,0.004
12715,-1,0,0.009,0.000,0.009
12716,-1,0,0.000,0.000,0.001
12717,-1,2,0.001,0.000,0.001
12718,-1,0,0.000,0.000,0.001
12719,-1,0,0.017,0.000,0.018
12720,-1,0,0.001,0.000,0.001
12721,-1,0,0.001,0.000,0.001
12722,-1,0,0.006,0.000,0.006
12723,-1,0,0.004,0.000,0.004
12724,-1,0,0.001,0.000,0.001
12725,-1,1,0.001,0.000,0.001
12726,-1,0,0.009,0.000,0.009
12727,-1,0,0.000,0.000,0.001
12728,-1,0,0.002,0.000,0.002
12729,-1,0,0.004,0.000,0.004
12730,-1,0,0.002,0.000,0.002
12731,-1,7,0.002,0.000,0.002
12732,-1,0,0.003,0.000,0.003
12733,-1,0,0.001,0.000,0.001
12734,-1,0,0.013,0.000,0.013
12735,-1,0,0.001,0.000,0.001
12736,-1,0,0.001,0.000,0.001
12737,-1,4,0.002,0.000,0.002
12738,-1,0,0.017,0.000,0.017
12739,-1,3,0.001,0.000,0.001
12740,-1,0,0.001,0.000,0.001
12741,-1,0,0.001,0.000,0.001
12742,-1,0,0.004,0.000,0.004
12743,-1,2,0.001,0.000,0.001
12744,-1,0,0.001,0.000,0.001
12745,-1,5,0.002,0.000,0.002
12746,-1,0,0.008,0.000,0.008
12747,-1,0,0.003,0.000,0.003
12748,-1,0,0.009,0.000,0.009
12749,-1,0,0.000,0.000,0.000
12750,-1,0,0.199,0.000,0.199
12751,-1,0,0.004,0.000,0.004
12752,-1,0,0.008,0.000,0.008
12753,-1,0,0.001,0.000,0.001
12754,-1,0,0.001,0.000,0.001
12755,-1,2,0.318,0.000,0.318
12756,-1,2,0.001,0.000,0.001
12757,-1,0,0.002,0.000,0.002
12758,-1,170,0.033,0.000,0.033
12759,-1,0,0.009,0.000,0.009
12760,-1,0,0.000,0.000,0.000
12761,-1,0,0.002,0.000,0.002
12762,-1,0,0.004,0.000,0.004
12763,-1,0,0.011,0.000,0.011
12764,-1,0,0.001,0.000,0.001
12765,-1,0,0.001,0.000,0.001
12766,-1,0,0.001,0.000,0.001
12767,-1,0,0.001,0.000,0.001
12768,-1,2,0.001,0.000,0.001
12769,-1,0,0.008,0.000,0.008
12770,-1,0,0.004,0.000,0.004
12771,-1,0,0.001,0.000,0.001
12772,-1,0,0.002,0.000,0.002
12773,-1,0,0.004,0.000,0.004
12774,-1,0,0.003,0.000,0.003
12775,-1,0,0.008,0.000,0.009
12776,-1,0,0.001,0.000,0.001
12777,-1,0,0.008,0.000,0.009
12778,-1,0,0.001,0.000,0.001
12779,-1,0,0.193,0.000,0.193
12780,-1,0,0.013,0.000,0.013
12781,-1,0,0.003,0.000,0.003
12782,-1,0,0.001,0.000,0.001
12783,-1,1,0.001,0.000,0.001
12784,-1,0,0.001,0.000,0.001
12785,-1,0,0.014,0.000,0.014
12786,-1,0,0.004,0.000,0.004
12787,-1,2,0.001,0.000,0.001
12788,-1,0,0.013,0.000,0.013
12789,-1,0,0.009,0.000,0.009
12790,-1,0,0.000,0.000,0.001
12791,-1,0,0.006,0.000,0.007
12792,-1,0,0.000,0.000,0.001
12793,-1,0,0.043,0.000,0.043
12794,-1,0,0.001,0.000,0.001
12795,-1,1,0.290,0.000,0.290
12796,-1,0,0.013,0.000,0.013
12797,-1,0,0.001,0.000,0.001
12798,-1,0,0.006,0.000,0.006
12799,-1,0,0.009,0.000,0.009
12800,-1,0,0.004,0.000,0.005
12801,-1,0,0.013,0.000,0.013
12802,-1,0,0.001,0.000,0.001
12803,-1,1,0.213,0.000,0.213
12804,-1,0,0.003,0.000,0.003
12805,-1,0,0.015,0.000,0.015
12806,-1,0,0.016,0.000,0.016
12807,-1,0,0.001,0.000,0.001
12808,-1,0,0.004,0.000,0.004
12809,-1,0,0.009,0.000,0.009
12810,-1,0,0.007,0.000,0.007
12811,-1,0,0.001,0.000,0.001
12812,-1,0,0.001,0.000,0.001
12813,-1,0,0.002,0.000,0.002
12814,-1,0,0.013,0.000,0.013
12815,-1,0,0.005,0.000,0.005
12816,-1,0,0.010,0.000,0.010
12817,-1,2,0.001,0.000,0.001
12818,-1,0,0.015,0.000,0.015
12819,-1,0,0.009,0.000,0.009
12820,-1,2,0.001,0.000,0.002
12821,-1,0,0.001,0.000,0.001
12822,-1,0,0.000,0.000,0.000
12823,-1,0,0.001,0.000,0.001
12824,-1,0,0.001,0.000,0.001
12825,-1,0,0.009,0.000,0.009
12826,-1,0,0.000,0.000,0.001
12827,-1,0,0.082,0.000,0.082
12828,-1,0,0.000,0.000,0.001
12829,-1,1,0.270,0.000,0.270
12830,-1,0,0.001,0.000,0.001
12831,-1,0,0.013,0.000,0.014
12832,-1,0,0.008,0.000,0.008
12833,-1,0,0.001,0.000,0.001
12834,-1,0,0.005,0.000,0.005
12835,-1,0,0.009,0.000,0.009
12836,-1,0,0.010,0.000,0.010
12837,-1,1,0.248,0.000,0.248
12838,-1,2,0.296,0.000,0.297
12839,-1,0,0.011,0.000,0.011
12840,-1,4,0.589,0.000,0.589
12841,-1,0,0.001,0.000,0.001
12842,-1,0,0.003,0.000,0.003
12843,-1,0,0.160,0.000,0.160
12844,-1,6,0.003,0.000,0.003
12845,-1,0,0.000,0.000,0.001
12846,-1,0,0.053,0.000,0.053
12847,-1,0,0.001,0.000,0.001
12848,-1,0,0.005,0.000,0.005
12849,-1,0,0.001,0.000,0.001
12850,-1,0,0.001,0.000,0.001
12851,-1,0,0.006,0.000,0.006
12852,-1,0,0.003,0.000,0.003
12853,-1,0,0.001,0.000,0.001
12854,-1,1,0.001,0.000,0.001
12855,-1,0,0.039,0.000,0.039
12856,-1,0,0.001,0.000,0.001
12857,-1,0,0.001,0.000,0.001
12858,-1,0,0.002,0.000,0.002
12859,-1,0,0.001,0.000,0.001
12860,-1,0,0.044,0.000,0.044
12861,-1,0,0.000,0.000,0.000
12862,-1,2,0.001,0.000,0.001
12863,-1,0,0.005,0.000,0.005
12864,-1,0,0.001,0.000,0.001
12865,-1,0,0.001,0.000,0.001
12866,-1,0,0.009,0.000,0.009
12867,-1,0,0.001,0.000,0.001
12868,-1,0,0.001,0.000,0.001
12869,-1,1,0.113,0.000,0.113
12870,-1,0,0.003,0.000,0.003
12871,-1,0,0.007,0.000,0.007
12872,-1,0,0.003,0.000,0.003
12873,-1,0,0.001,0.000,0.001
12874,-1,2,0.001,0.000,0.001
12875,-1,0,0.002,0.000,0.002
12876,-1,0,0.000,0.000,0.001
12877,-1,0,0.003,0.000,0.003
12878,-1,0,0.001,0.000,0.001
12879,-1,0,0.001,0.000,0.001
12880,-1,0,0.001,0.000,0.001
12881,-1,0,0.001,0.000,0.001
12882,-1,4,0.002,0.000,0.002
12883,-1,0,0.003,0.000,0.003
12884,-1,0,0.001,0.000,0.001
12885,-1,0,0.005,0.000,0.005
12886,-1,0,0.000,0.000,0.000
12887,-1,0,0.019,0.000,0.020
12888,-1,0,0.001,0.000,0.001
12889,-1,0,0.014,0.000,0.014
12890,-1,5,1.048,0.000,1.048
12891,-1,0,0.013,0.000,0.013
12892,-1,0,0.004,0.000,0.004
12893,-1,0,0.000,0.000,0.001
12894,-1,0,0.017,0.000,0.017
12895,-1,0,0.007,0.000,0.007
12896,-1,0,0.011,0.000,0.011
12897,-1,0,0.000,0.000,0.000
12898,-1,0,0.099,0.000,0.099
12899,-1,0,0.007,0.000,0.007
12900,-1,0,0.003,0.000,0.003
12901,-1,0,0.005,0.000,0.006
12902,-1,5,0.002,0.000,0.002
12903,-1,0,0.001,0.000,0.001
12904,-1,0,0.002,0.000,0.003
12905,-1,0,0.003,0.000,0.003
12906,-1,0,0.005,0.000,0.005
12907,-1,0,0.001,0.000,0.001
12908,-1,0,0.001,0.000,0.001
12909,-1,0,0.017,0.000,0.018
12910,-1,0,0.001,0.000,0.001
12911,-1,6,0.002,0.000,0.002
12912,-1,0,0.053,0.000,0.053
12913,-1,0,0.000,0.000,0.001
12914,-1,0,0.057,0.000,0.058
12915,-1,0,0.001,0.000,0.001
12916,-1,0,0.026,0.000,0.026
12917,-1,0,0.012,0.000,0.012
12918,-1,0,0.009,0.000,0.010
12919,-1,0,0.003,0.000,0.003
12920,-1,0,0.001,0.000,0.001
12921,-1,0,0.000,0.000,0.000
12922,-1,1,0.264,0.000,0.264
12923,-1,0,0.001,0.000,0.001
12924,-1,0,0.144,0.000,0.144
12925,-1,0,0.012,0.000,0.012
12926,-1,0,0.008,0.000,0.008
12927,-1,0,0.000,0.000,0.001
12928,-1,0,0.001,0.000,0.001
12929,-1,0,0.001,0.000,0.001
12930,-1,0,0.001,0.000,0.001
12931,-1,2,0.844,0.000,0.844
12932,-1,0,0.001,0.000,0.001
12933,-1,0,0.003,0.000,0.003
12934,-1,0,0.000,0.000,0.001
12935,-1,0,0.004,0.000,0.004
12936,-1,0,0.003,0.000,0.003
12937,-1,0,0.001,0.000,0.001
12938,-1,0,0.003,0.000,0.003
12939,-1,0,0.000,0.000,0.001
12940,-1,0,0.003,0.000,0.003
12941,-1,0,0.001,0.000,0.001
12942,-1,0,0.013,0.000,0.014
12943,-1,0,0.000,0.000,0.000
12944,-1,1,0.011,0.000,0.011
12945,-1,0,0.003,0.000,0.003
12946,-1,0,0.000,0.000,0.001
12947,-1,0,0.031,0.000,0.031
12948,-1,1,0.192,0.000,0.192
12949,-1,0,0.001,0.000,0.001
12950,-1,0,0.001,0.000,0.001
12951,-1,0,0.000,0.000,0.000
12952,-1,0,0.001,0.000,0.001
12953,-1,0,0.005,0.000,0.005
12954,-1,0,0.004,0.000,0.004
12955,-1,0,0.001,0.000,0.001
12956,-1,0,0.002,0.000,0.002
12957,-1,0,0.001,0.000,0.001
12958,-1,0,0.001,0.000,0.001
12959,-1,0,0.000,0.000,0.001
12960,-1,0,0.001,0.000,0.001
12961,-1,1,0.004,0.000,0.004
12962,-1,0,0.001,0.000,0.001
12963,-1,0,0.007,0.000,0.007
12964,-1,0,0.013,0.000,0.013
12965,-1,0,0.010,0.000,0.010
12966,-1,3,0.424,0.000,0.424
12967,-1,1,0.001,0.000,0.002
12968,-1,0,0.001,0.000,0.001
12969,-1,0,0.001,0.000,0.001
12970,-1,0,0.009,0.000,0.009
12971,-1,1,0.001,0.000,0.001
12972,-1,0,0.004,0.000,0.004
12973,-1,0,0.005,0.000,0.005
12974,-1,0,0.003,0.000,0.003
12975,-1,0,0.005,0.000,0.005
12976,-1,0,0.002,0.000,0.002
12977,-1,0,0.003,0.000,0.003
12978,-1,0,0.001,0.000,0.001
12979,-1,0,0.008,0.000,0.008
12980,-1,0,0.001,0.000,0.001
12981,-1,4,0.002,0.000,0.002
12982,-1,0,0.175,0.000,0.175
12983,-1,0,0.004,0.000,0.004
12984,-1,0,0.003,0.000,0.003
12985,-1,0,0.010,0.000,0.010
12986,-1,0,0.014,0.000,0.014
12987,-1,0,0.009,0.000,0.009
12988,-1,0,0.000,0.000,0.001
12989,-1,0,0.011,0.000,0.011
12990,-1,0,0.002,0.000,0.002
12991,-1,5,0.001,0.000,0.001
12992,-1,1,0.161,0.000,0.161
12993,-1,0,0.007,0.000,0.007
12994,-1,0,0.007,0.000,0.007
12995,-1,0,0.007,0.000,0.007
12996,-1,0,0.004,0.000,0.004
12997,-1,0,0.001,0.000,0.001
12998,-1,0,0.003,0.000,0.003
12999,-1,0,0.026,0.000,0.026
13000,-1,0,0.010,0.000,0.010
13001,-1,0,0.012,0.000,0.012
13002,-1,0,0.012,0.000,0.013
13003,-1,0,0.001,0.000,0.001
13004,-1,1,0.079,0.000,0.079
13005,-1,0,0.002,0.000,0.002
13006,-1,0,0.007,0.000,0.007
13007,-1,0,0.000,0.000,0.000
13008,-1,0,0.024,0.000,0.024
13009,-1,0,0.002,0.000,0.002
13010,-1,0,0.002,0.000,0.002
13011,-1,0,0.001,0.000,0.001
13012,-1,0,0.004,0.000,0.004
13013,-1,0,0.002,0.000,0.002
13014,-1,0,0.005,0.000,0.005
13015,-1,0,0.005,0.000,0.005
13016,-1,0,0.001,0.000,0.001
13017,-1,0,0.001,0.000,0.001
13018,-1,0,0.003,0.000,0.003
13019,-1,0,0.003,0.000,0.003
13020,-1,0,0.000,0.000,0.000
13021,-1,0,0.001,0.000,0.001
13022,-1,0,0.073,0.000,0.073
13023,-1,0,0.008,0.000,0.008
13024,-1,0,0.002,0.000,0.002
13025,-1,0,0.000,0.000,0.000
13026,-1,0,0.002,0.000,0.002
13027,-1,0,0.001,0.000,0.001
13028,-1,0,0.001,0.000,0.001
13029,-1,0,0.001,0.000,0.001
13030,-1,0,0.003,0.000,0.003
13031,-1,1,0.410,0.000,0.410
13032,-1,0,0.002,0.000,0.002
13033,-1,0,0.001,0.000,0.001
13034,-1,0,0.001,0.000,0.001
13035,-1,0,0.000,0.000,0.000
13036,-1,0,0.127,0.000,0.128
13037,-1,0,0.000,0.000,0.000
13038,-1,0,0.002,0.000,0.002
13039,-1,0,0.001,0.000,0.001
13040,-1,0,0.000,0.000,0.001
13041,-1,2,0.058,0.000,0.058
13042,-1,0,0.009,0.000,0.009
13043,-1,0,0.001,0.000,0.001
13044,-1,0,0.003,0.000,0.004
13045,-1,0,0.001,0.000,0.001
13046,-1,0,0.002,0.000,0.002
13047,-1,0,0.002,0.000,0.003
13048,-1,0,0.005,0.000,0.005
13049,-1,0,0.001,0.000,0.001
13050,-1,4,0.001,0.000,0.001
13051,-1,3,0.001,0.000,0.001
13052,-1,1,0.001,0.000,0.001
13053,-1,7,0.001,0.000,0.001
13054,-1,0,0.014,0.000,0.014
13055,-1,0,0.002,0.000,0.003
13056,-1,0,0.007,0.000,0.007
13057,-1,0,0.000,0.000,0.000
13058,-1,0,0.002,0.000,0.002
13059,-1,8,0.002,0.000,0.002
13060,-1,0,0.075,0.000,0.075
13061,-1,0,0.002,0.000,0.002
13062,-1,0,0.004,0.000,0.004
13063,-1,0,0.002,0.000,0.002
13064,-1,0,0.001,0.000,0.001
13065,-1,0,0.001,0.000,0.001
13066,-1,0,0.002,0.000,0.002
13067,-1,3,0.001,0.000,0.001
13068,-1,0,0.001,0.000,0.001
13069,-1,0,0.001,0.000,0.001
13070,-1,4,0.001,0.000,0.002
13071,-1,0,0.000,0.000,0.000
13072,-1,0,0.008,0.000,0.008
13073,-1,0,0.003,0.000,0.003
13074,-1,3,0.001,0.000,0.001
13075,-1,0,0.037,0.000,0.038
13076,-1,0,0.066,0.000,0.066
13077,-1,0,0.001,0.000,0.001
13078,-1,0,0.002,0.000,0.002
13079,-1,0,0.001,0.000,0.001
13080,-1,0,0.007,0.000,0.007
13081,-1,0,0.002,0.000,0.002
13082,-1,1,0.194,0.000,0.194
13083,-1,0,0.001,0.000,0.001
13084,-1,0,0.008,0.000,0.008
13085,-1,0,0.004,0.000,0.004
13086,-1,0,0.001,0.000,0.001
13087,-1,0,0.002,0.000,0.002
13088,-1,0,0.001,0.000,0.001
13089,-1,0,0.009,0.000,0.009
13090,-1,0,0.008,0.000,0.008
13091,-1,11,0.002,0.000,0.002
13092,-1,0,0.000,0.000,0.000
13093,-1,2,0.256,0.000,0.256
13094,-1,0,0.005,0.000,0.005
13095,-1,0,0.001,0.000,0.001
13096,-1,0,0.004,0.000,0.004
13097,-1,0,0.001,0.000,0.001
13098,-1,0,0.014,0.000,0.015
13099,-1,0,0.002,0.000,0.002
13100,-1,0,0.001,0.000,0.001
13101,-1,0,0.002,0.000,0.002
13102,-1,0,0.001,0.000,0.002
13103,-1,0,0.003,0.000,0.003
13104,-1,28,0.004,0.000,0.004
13105,-1,0,0.001,0.000,0.001
13106,-1,0,0.000,0.000,0.001
13107,-1,0,0.000,0.000,0.001
13108,-1,0,0.001,0.000,0.001
13109,-1,0,0.011,0.000,0.011
13110,-1,0,0.000,0.000,0.000
13111,-1,0,0.001,0.000,0.001
13112,-1,0,0.000,0.000,0.000
13113,-1,0,0.000,0.000,0.000
13114,-1,0,0.002,0.000,0.002
13115,-1,0,0.002,0.000,0.002
13116,-1,0,0.001,0.000,0.001
13117,-1,0,0.001,0.000,0.001
13118,-1,0,0.002,0.000,0.002
13119,-1,0,0.001,0.000,0.002
13120,-1,36,0.005,0.000,0.005
13121,-1,3,0.001,0.000,0.001
13122,-1,3,0.001,0.000,0.001
13123,-1,0,0.002,0.000,0.002
13124,-1,0,0.004,0.000,0.004
13125,-1,0,0.001,0.000,0.002
13126,-1,0,0.001,0.000,0.001
13127,-1,0,0.007,0.000,0.007
13128,-1,0,0.000,0.000,0.000
13129,-1,1,0.373,0.000,0.373
13130,-1,0,0.003,0.000,0.003
13131,-1,0,0.004,0.000,0.004
13132,-1,0,0.002,0.000,0.002
13133,-1,0,0.000,0.000,0.001
13134,-1,0,0.003,0.000,0.003
13135,-1,0,0.001,0.000,0.001
13136,-1,0,0.008,0.000,0.008
13137,-1,0,0.113,0.000,0.113
13138,-1,0,0.002,0.000,0.002
13139,-1,0,0.003,0.000,0.004
13140,-1,0,0.001,0.000,0.001
13141,-1,2,0.002,0.000,0.002
13142,-1,0,0.007,0.000,0.007
13143,-1,0,0.000,0.000,0.001
13144,-1,0,0.001,0.000,0.001
13145,-1,0,0.005,0.000,0.005
13146,-1,0,0.003,0.000,0.003
13147,-1,1,0.074,0.000,0.074
13148,-1,0,0.001,0.000,0.001
13149,-1,0,0.001,0.000,0.001
13150,-1,0,0.002,0.000,0.002
13151,-1,0,0.004,0.000,0.004
13152,-1,0,0.001,0.000,0.001
13153,-1,0,0.065,0.000,0.065
13154,-1,0,0.001,0.000,0.001
13155,-1,1,0.001,0.000,0.001
13156,-1,0,0.003,0.000,0.003
13157,-1,0,0.001,0.000,0.001
13158,-1,0,0.001,0.000,0.001
13159,-1,0,0.006,0.000,0.006
13160,-1,0,0.001,0.000,0.001
13161,-1,6,0.017,0.000,0.017
13162,-1,0,0.002,0.000,0.002
13163,-1,10,1.470,0.000,1.470
13164,-1,0,0.001,0.000,0.001
13165,-1,0,0.005,0.000,0.005
13166,-1,0,0.001,0.000,0.001
13167,-1,0,0.003,0.000,0.003
13168,-1,0,0.003,0.000,0.003
13169,-1,0,0.015,0.000,0.015
13170,-1,0,0.000,0.000,0.001
13171,-1,0,0.001,0.000,0.001
13172,-1,0,0.166,0.000,0.166
13173,-1,0,0.002,0.000,0.002
13174,-1,0,0.002,0.000,0.002
13175,-1,0,0.001,0.000,0.001
13176,-1,0,0.001,0.000,0.001
13177,-1,0,0.000,0.000,0.000
13178,-1,0,0.001,0.000,0.001
13179,-1,0,0.001,0.000,0.001
13180,-1,0,0.017,0.000,0.018
13181,-1,2,0.001,0.000,0.001
13182,-1,2,0.001,0.000,0.001
13183,-1,0,0.005,0.000,0.005
13184,-1,0,0.014,0.000,0.014
13185,-1,0,0.003,0.000,0.003
13186,-1,1,0.001,0.000,0.001
13187,-1,6,0.001,0.000,0.001
13188,-1,2,0.001,0.000,0.001
13189,-1,0,0.001,0.000,0.001
13190,-1,0,0.009,0.000,0.009
13191,-1,3,0.001,0.000,0.001
13192,-1,1,0.001,0.000,0.001
13193,-1,0,0.061,0.000,0.061
13194,-1,0,0.001,0.000,0.001
13195,-1,0,0.001,0.000,0.001
13196,-1,0,0.001,0.000,0.001
13197,-1,0,0.004,0.000,0.004
13198,-1,1,0.001,0.000,0.001
13199,-1,0,0.002,0.000,0.002
13200,-1,1,0.404,0.000,0.404
13201,-1,0,0.001,0.000,0.001
13202,-1,1,0.001,0.000,0.001
13203,-1,0,0.094,0.000,0.094
13204,-1,0,0.014,0.000,0.014
13205,-1,0,0.004,0.000,0.004
13206,-1,0,0.000,0.000,0.001
13207,-1,7,0.003,0.000,0.003
13208,-1,0,0.000,0.000,0.000
13209,-1,0,0.001,0.000,0.001
13210,-1,0,0.001,0.000,0.001
13211,-1,0,0.003,0.000,0.003
13212,-1,0,0.050,0.000,0.050
13213,-1,6,0.002,0.000,0.002
13214,-1,0,0.004,0.000,0.004
13215,-1,0,0.002,0.000,0.002
13216,-1,0,0.000,0.000,0.001
13217,-1,0,0.003,0.000,0.003
13218,-1,0,0.008,0.000,0.008
13219,-1,1,0.001,0.000,0.001
13220,-1,0,0.001,0.000,0.001
13221,-1,0,0.042,0.000,0.042
13222,-1,0,0.000,0.000,0.000
13223,-1,1,0.082,0.000,0.082
13224,-1,0,0.000,0.000,0.001
13225,-1,0,0.050,0.000,0.050
13226,-1,0,0.014,0.000,0.014
13227,-1,0,0.011,0.000,0.011
13228,-1,0,0.007,0.000,0.007
13229,-1,0,0.007,0.000,0.007
13230,-1,0,0.009,0.000,0.009
13231,-1,0,0.002,0.000,0.002
13232,-1,0,0.004,0.000,0.005
13233,-1,0,0.001,0.000,0.001
13234,-1,0,0.003,0.000,0.003
13235,-1,0,0.001,0.000,0.001
13236,-1,0,0.002,0.000,0.002
13237,-1,1,0.251,0.000,0.251
13238,-1,0,0.003,0.000,0.003
13239,-1,0,0.000,0.000,0.000
13240,-1,0,0.001,0.000,0.001
13241,-1,0,0.011,0.000,0.011
13242,-1,0,0.008,0.000,0.008
13243,-1,0,0.001,0.000,0.001
13244,-1,0,0.004,0.000,0.004
13245,-1,0,0.008,0.000,0.008
13246,-1,0,0.009,0.000,0.009
13247,-1,0,0.001,0.000,0.001
13248,-1,0,0.013,0.000,0.013
13249,-1,0,0.020,0.000,0.020
13250,-1,2,0.001,0.000,0.001
13251,-1,0,0.007,0.000,0.007
13252,-1,0,0.001,0.000,0.001
13253,-1,0,0.001,0.000,0.001
13254,-1,0,0.000,0.000,0.001
13255,-1,1,0.001,0.000,0.001
13256,-1,1,0.107,0.000,0.107
13257,-1,0,0.000,0.000,0.001
13258,-1,0,0.003,0.000,0.003
13259,-1,0,0.009,0.000,0.009
13260,-1,0,0.001,0.000,0.001
13261,-1,0,0.001,0.000,0.001
13262,-1,0,0.150,0.000,0.150
13263,-1,0,0.001,0.000,0.001
13264,-1,0,0.001,0.000,0.001
13265,-1,0,0.002,0.000,0.002
13266,-1,0,0.000,0.000,0.000
13267,-1,0,0.011,0.000,0.011
13268,-1,0,0.001,0.000,0.001
13269,-1,0,0.001,0.000,0.001
13270,-1,0,0.001,0.000,0.001
13271,-1,0,0.002,0.000,0.002
13272,-1,0,0.003,0.000,0.003
13273,-1,0,0.071,0.000,0.071
13274,-1,0,0.007,0.000,0.007
13275,-1,0,0.001,0.000,0.001
13276,-1,0,0.001,0.000,0.001
13277,-1,0,0.000,0.000,0.001
13278,-1,0,0.000,0.000,0.000
13279,-1,0,0.002,0.000,0.002
13280,-1,0,0.007,0.000,0.007
13281,-1,1,0.001,0.000,0.001
13282,-1,0,0.011,0.000,0.011
13283,-1,0,0.001,0.000,0.001
13284,-1,1,0.011,0.000,0.011
13285,-1,0,0.000,0.000,0.000
13286,-1,0,0.000,0.000,0.000
13287,-1,1,0.009,0.000,0.010
13288,-1,0,0.001,0.000,0.001
13289,-1,1,0.045,0.000,0.045
13290,-1,0,0.001,0.000,0.001
13291,-1,30,0.004,0.000,0.004
13292,-1,0,0.000,0.000,0.000
13293,-1,0,0.000,0.000,0.001
13294,-1,0,0.052,0.000,0.052
13295,-1,0,0.002,0.000,0.002
13296,-1,0,0.008,0.000,0.008
13297,-1,0,0.000,0.000,0.000
13298,-1,0,0.001,0.000,0.001
13299,-1,0,0.004,0.000,0.004
13300,-1,0,0.002,0.000,0.002
13301,-1,0,0.000,0.000,0.000
13302,-1,0,0.002,0.000,0.002
13303,-1,0,0.003,0.000,0.003
13304,-1,0,0.000,0.000,0.001
13305,-1,0,0.006,0.000,0.006
13306,-1,0,0.000,0.000,0.000
13307,-1,0,0.000,0.000,0.001
13308,-1,0,0.001,0.000,0.001
13309,-1,0,0.002,0.000,0.002
13310,-1,0,0.004,0.000,0.004
13311,-1,0,0.011,0.000,0.012
13312,-1,0,0.000,0.000,0.001
13313,-1,0,0.001,0.000,0.001
13314,-1,0,0.001,0.000,0.001
13315,-1,0,0.000,0.000,0.001
13316,-1,0,0.015,0.000,0.015
13317,-1,0,0.000,0.000,0.000
13318,-1,0,0.001,0.000,0.001
13319,-1,0,0.003,0.000,0.003
13320,-1,0,0.012,0.000,0.012
13321,-1,0,0.006,0.000,0.006
13322,-1,0,0.002,0.000,0.002
13323,-1,0,0.001,0.000,0.001
13324,-1,1,0.009,0.000,0.009
13325,-1,0,0.005,0.000,0.005
13326,-1,0,0.000,0.000,0.000
13327,-1,0,0.002,0.000,0.002
13328,-1,0,0.001,0.000,0.001
13329,-1,0,0.000,0.000,0.000
13330,-1,1,0.009,0.000,0.009
13331,-1,6,0.001,0.000,0.002
13332,-1,0,0.069,0.000,0.069
13333,-1,0,0.007,0.000,0.007
13334,-1,3,0.001,0.000,0.001
13335,-1,0,0.002,0.000,0.002
13336,-1,4,0.001,0.000,0.001
13337,-1,0,0.002,0.000,0.002
13338,-1,0,0.002,0.000,0.002
13339,-1,0,0.000,0.000,0.000
13340,-1,0,0.008,0.000,0.008
13341,-1,0,0.003,0.000,0.003
13342,-1,0,0.001,0.000,0.001
13343,-1,0,0.003,0.000,0.003
13344,-1,0,0.003,0.000,0.003
13345,-1,0,0.053,0.000,0.053
13346,-1,0,0.005,0.000,0.005
13347,-1,0,0.002,0.000,0.002
13348,-1,0,0.001,0.000,0.001
13349,-1,0,0.000,0.000,0.001
13350,-1,0,0.003,0.000,0.003
13351,-1,0,0.000,0.000,0.001
13352,-1,0,0.002,0.000,0.002
13353,-1,0,0.000,0.000,0.001
13354,-1,0,0.003,0.000,0.003
13355,-1,0,0.008,0.000,0.008
13356,-1,0,0.008,0.000,0.008
13357,-1,0,0.001,0.000,0.001
13358,-1,0,0.006,0.000,0.006
13359,-1,0,0.001,0.000,0.001
13360,-1,0,0.003,0.000,0.003
13361,-1,0,0.000,0.000,0.000
13362,-1,0,0.015,0.000,0.015
13363,-1,0,0.008,0.000,0.008
13364,-1,0,0.001,0.000,0.001
13365,-1,0,0.000,0.000,0.000
13366,-1,1,0.029,0.000,0.029
13367,-1,0,0.011,0.000,0.011
13368,-1,0,0.007,0.000,0.007
13369,-1,0,0.001,0.000,0.001
13370,-1,0,0.002,0.000,0.002
13371,-1,0,0.007,0.000,0.007
13372,-1,0,0.002,0.000,0.002
13373,-1,0,0.004,0.000,0.004
13374,-1,0,0.056,0.000,0.057
13375,-1,0,0.000,0.000,0.000
13376,-1,0,0.001,0.000,0.001
13377,-1,3,0.001,0.000,0.001
13378,-1,1,0.001,0.000,0.001
13379,-1,0,0.008,0.000,0.008
13380,-1,0,0.000,0.000,0.000
13381,-1,0,0.000,0.000,0.000
13382,-1,0,0.002,0.000,0.003
13383,-1,0,0.034,0.000,0.034
13384,-1,0,0.010,0.000,0.010
13385,-1,0,0.001,0.000,0.001
13386,-1,19,0.004,0.000,0.004
13387,-1,1,0.464,0.000,0.464
13388,-1,0,0.001,0.000,0.001
13389,-1,0,0.001,0.000,0.001
13390,-1,0,0.005,0.000,0.005
13391,-1,0,0.005,0.000,0.005
13392,-1,0,0.001,0.000,0.001
13393,-1,0,0.000,0.000,0.000
13394,-1,0,0.002,0.000,0.002
13395,-1,3,0.001,0.000,0.001
13396,-1,0,0.008,0.000,0.008
13397,-1,0,0.003,0.000,0.003
13398,-1,0,0.001,0.000,0.001
13399,-1,0,0.058,0.000,0.059
13400,-1,0,0.003,0.000,0.003
13401,-1,0,0.008,0.000,0.009
13402,-1,10,0.002,0.000,0.002
13403,-1,0,0.002,0.000,0.002
13404,-1,0,0.140,0.000,0.140
13405,-1,0,0.004,0.000,0.004
13406,-1,1,0.001,0.000,0.001
13407,-1,0,0.014,0.000,0.015
13408,-1,3,0.001,0.000,0.001
13409,-1,1,0.001,0.000,0.001
13410,-1,0,0.002,0.000,0.002
13411,-1,0,0.001,0.000,0.001
13412,-1,4,0.002,0.000,0.002
13413,-1,5,0.961,0.000,0.961
13414,-1,0,0.001,0.000,0.001
13415,-1,5,0.002,0.000,0.002
13416,-1,0,0.010,0.000,0.010
13417,-1,0,0.003,0.000,0.003
13418,-1,0,0.008,0.000,0.008
13419,-1,0,0.000,0.000,0.000
13420,-1,0,0.169,0.000,0.169
13421,-1,0,0.016,0.000,0.016
13422,-1,0,0.004,0.000,0.004
13423,-1,0,0.019,0.000,0.019
13424,-1,0,0.001,0.000,0.001
13425,-1,0,0.000,0.000,0.001
13426,-1,0,0.000,0.000,0.000
13427,-1,0,0.000,0.000,0.000
13428,-1,0,0.000,0.000,0.000
13429,-1,0,0.002,0.000,0.003
13430,-1,0,0.008,0.000,0.008
13431,-1,0,0.079,0.000,0.079
13432,-1,0,0.001,0.000,0.002
13433,-1,5,0.860,0.000,0.860
13434,-1,1,0.001,0.000,0.001
13435,-1,0,0.001,0.000,0.001
13436,-1,1,0.503,0.000,0.503
13437,-1,0,0.000,0.000,0.001
13438,-1,0,0.119,0.000,0.119
13439,-1,0,0.019,0.000,0.019
13440,-1,0,0.350,0.000,0.350
13441,-1,23,0.004,0.000,0.004
13442,-1,10,1.349,0.000,1.349
13443,-1,0,0.001,0.000,0.001
13444,-1,0,0.005,0.000,0.005
13445,-1,0,0.007,0.000,0.007
13446,-1,0,0.001,0.000,0.001
13447,-1,0,0.002,0.000,0.002
13448,-1,0,0.003,0.000,0.003
13449,-1,0,0.006,0.000,0.006
13450,-1,0,0.001,0.000,0.002
13451,-1,0,0.001,0.000,0.001
13452,-1,0,0.011,0.000,0.011
13453,-1,0,0.001,0.000,0.001
13454,-1,0,0.005,0.000,0.005
13455,-1,0,0.000,0.000,0.001
13456,-1,5,0.898,0.000,0.898
13457,-1,0,0.003,0.000,0.003
13458,-1,0,0.021,0.000,0.022
13459,-1,0,0.001,0.000,0.001
13460,-1,0,0.004,0.000,0.004
13461,-1,0,0.011,0.000,0.011
13462,-1,0,0.001,0.000,0.001
13463,-1,1,0.001,0.000,0.001
13464,-1,0,0.024,0.000,0.024
13465,-1,0,0.006,0.000,0.006
13466,-1,0,0.009,0.000,0.009
13467,-1,0,0.000,0.000,0.000
13468,-1,0,0.002,0.000,0.002
13469,-1,0,0.001,0.000,0.001
13470,-1,0,0.001,0.000,0.001
13471,-1,0,0.001,0.000,0.001
13472,-1,0,0.001,0.000,0.001
13473,-1,0,0.001,0.000,0.001
13474,-1,4,0.001,0.000,0.001
13475,-1,0,0.001,0.000,0.001
13476,-1,0,0.000,0.000,0.000
13477,-1,0,0.079,0.000,0.079
13478,-1,5,0.879,0.000,0.879
13479,-1,2,0.001,0.000,0.002
13480,-1,0,0.011,0.000,0.011
13481,-1,0,0.003,0.000,0.003
13482,-1,0,0.002,0.000,0.002
13483,-1,0,0.009,0.000,0.009
13484,-1,0,0.001,0.000,0.001
13485,-1,0,0.021,0.000,0.021
13486,-1,0,0.001,0.000,0.001
13487,-1,0,0.001,0.000,0.001
13488,-1,0,0.007,0.000,0.007
13489,-1,0,0.003,0.000,0.003
13490,-1,0,0.003,0.000,0.003
13491,-1,0,0.001,0.000,0.001
13492,-1,0,0.000,0.000,0.001
13493,-1,0,0.007,0.000,0.007
13494,-1,0,0.003,0.000,0.003
13495,-1,0,0.001,0.000,0.001
13496,-1,0,0.002,0.000,0.002
13497,-1,0,0.005,0.000,0.005
13498,-1,0,0.001,0.000,0.001
13499,-1,0,0.004,0.000,0.004
13500,-1,0,0.000,0.000,0.001
13501,-1,0,0.007,0.000,0.007
13502,-1,0,0.000,0.000,0.000
13503,-1,0,0.004,0.000,0.004
13504,-1,0,0.007,0.000,0.007
13505,-1,0,0.013,0.000,0.013
13506,-1,0,0.000,0.000,0.000
13507,-1,0,0.002,0.000,0.002
13508,-1,0,0.004,0.000,0.004
13509,-1,0,0.001,0.000,0.001
13510,-1,0,0.002,0.000,0.002
13511,-1,0,0.006,0.000,0.006
13512,-1,0,0.001,0.000,0.001
13513,-1,0,0.000,0.000,0.001
13514,-1,0,0.000,0.000,0.000
13515,-1,0,0.002,0.000,0.002
13516,-1,0,0.000,0.000,0.001
13517,-1,0,0.000,0.000,0.000
13518,-1,0,0.001,0.000,0.001
13519,-1,0,0.002,0.000,0.002
13520,-1,0,0.000,0.000,0.000
13521,-1,0,0.000,0.000,0.000
13522,-1,0,0.006,0.000,0.007
13523,-1,8,0.002,0.000,0.002
13524,-1,0,0.001,0.000,0.001
13525,-1,0,0.003,0.000,0.003
13526,-1,0,0.000,0.000,0.000
13527,-1,0,0.004,0.000,0.004
13528,-1,0,0.006,0.000,0.006
13529,-1,0,0.001,0.000,0.001
13530,-1,0,0.001,0.000,0.001
13531,-1,0,0.008,0.000,0.008
13532,-1,0,0.049,0.000,0.049
13533,-1,0,0.000,0.000,0.000
13534,-1,0,0.001,0.000,0.001
13535,-1,0,0.002,0.000,0.002
13536,-1,0,0.002,0.000,0.002
13537,-1,10,1.357,0.000,1.357
13538,-1,0,0.001,0.000,0.001
13539,-1,0,0.000,0.000,0.000
13540,-1,0,0.002,0.000,0.002
13541,-1,0,0.001,0.000,0.001
13542,-1,2,0.001,0.000,0.001
13543,-1,0,0.005,0.000,0.006
13544,-1,0,0.001,0.000,0.001
13545,-1,0,0.012,0.000,0.012
13546,-1,0,0.009,0.000,0.009
13547,-1,6,0.002,0.000,0.002
13548,-1,1,0.026,0.000,0.026
13549,-1,0,0.008,0.000,0.008
13550,-1,1,0.001,0.000,0.001
13551,-1,0,0.003,0.000,0.003
13552,-1,0,0.002,0.000,0.002
13553,-1,0,0.006,0.000,0.006
13554,-1,33,0.005,0.000,0.005
13555,-1,0,0.008,0.000,0.008
13556,-1,0,0.001,0.000,0.001
13557,-1,0,0.001,0.000,0.001
13558,-1,0,0.000,0.000,0.000
13559,-1,0,0.002,0.000,0.002
13560,-1,0,0.001,0.000,0.001
13561,-1,1,0.001,0.000,0.001
13562,-1,6,0.001,0.000,0.001
13563,-1,0,0.002,0.000,0.002
13564,-1,0,0.006,0.000,0.006
13565,-1,0,0.002,0.000,0.002
13566,-1,2,0.001,0.000,0.001
13567,-1,4,0.002,0.000,0.002
13568,-1,0,0.015,0.000,0.015
13569,-1,0,0.003,0.000,0.003
13570,-1,0,0.009,0.000,0.009
13571,-1,0,0.001,0.000,0.001
13572,-1,0,0.008,0.000,0.008
13573,-1,0,0.001,0.000,0.001
13574,-1,5,0.002,0.000,0.002
13575,-1,0,0.008,0.000,0.009
13576,-1,4,0.001,0.000,0.002
13577,-1,0,0.063,0.000,0.063
13578,-1,0,0.000,0.000,0.001
13579,-1,0,0.001,0.000,0.001
13580,-1,0,0.038,0.000,0.038
13581,-1,0,0.002,0.000,0.002
13582,-1,0,0.001,0.000,0.001
13583,-1,0,0.012,0.000,0.012
13584,-1,0,0.001,0.000,0.001
13585,-1,0,0.000,0.000,0.000
13586,-1,0,0.002,0.000,0.002
13587,-1,0,0.064,0.000,0.064
13588,-1,6,0.017,0.000,0.017
13589,-1,0,0.000,0.000,0.000
13590,-1,0,0.000,0.000,0.000
13591,-1,0,0.008,0.000,0.008
13592,-1,5,0.002,0.000,0.002
13593,-1,0,0.003,0.000,0.003
13594,-1,1,0.010,0.000,0.010
13595,-1,0,0.000,0.000,0.000
13596,-1,0,0.037,0.000,0.037
13597,-1,0,0.003,0.000,0.003
13598,-1,0,0.002,0.000,0.002
13599,-1,0,0.000,0.000,0.001
13600,-1,0,0.011,0.000,0.011
13601,-1,0,0.077,0.000,0.077
13602,-1,0,0.003,0.000,0.003
13603,-1,0,0.002,0.000,0.002
13604,-1,0,0.001,0.000,0.001
13605,-1,0,0.000,0.000,0.000
13606,-1,0,0.001,0.000,0.001
13607,-1,0,0.001,0.000,0.001
13608,-1,0,0.003,0.000,0.003
13609,-1,0,0.002,0.000,0.002
13610,-1,3,0.001,0.000,0.001
13611,-1,1,0.253,0.000,0.253
13612,-1,0,0.005,0.000,0.005
13613,-1,0,0.005,0.000,0.005
13614,-1,0,0.001,0.000,0.001
13615,-1,0,0.005,0.000,0.005
13616,-1,0,0.041,0.000,0.042
13617,-1,0,0.001,0.000,0.001
13618,-1,0,0.011,0.000,0.011
13619,-1,0,0.003,0.000,0.003
13620,-1,0,0.001,0.000,0.001
13621,-1,0,0.001,0.000,0.001
13622,-1,0,0.155,0.000,0.155
13623,-1,0,0.007,0.000,0.007
13624,-1,0,0.013,0.000,0.013
13625,-1,0,0.025,0.000,0.025
13626,-1,0,0.004,0.000,0.004
13627,-1,0,0.000,0.000,0.000
13628,-1,0,0.006,0.000,0.006
13629,-1,0,0.000,0.000,0.001
13630,-1,3,0.002,0.000,0.002
13631,-1,0,0.004,0.000,0.004
13632,-1,0,0.001,0.000,0.001
13633,-1,0,0.001,0.000,0.001
13634,-1,10,1.482,0.000,1.482
13635,-1,0,0.002,0.000,0.002
13636,-1,0,0.002,0.000,0.002
13637,-1,0,0.001,0.000,0.001
13638,-1,0,0.001,0.000,0.001
13639,-1,4,0.002,0.000,0.002
13640,-1,0,0.029,0.000,0.030
13641,-1,0,0.009,0.000,0.009
13642,-1,0,0.002,0.000,0.002
13643,-1,0,0.011,0.000,0.011
13644,-1,0,0.107,0.000,0.107
13645,-1,0,0.001,0.000,0.001
13646,-1,0,0.004,0.000,0.004
13647,-1,0,0.000,0.000,0.000
13648,-1,0,0.001,0.000,0.001
13649,-1,0,0.000,0.000,0.000
13650,-1,0,0.000,0.000,0.000
13651,-1,0,0.000,0.000,0.001
13652,-1,22,0.003,0.000,0.003
13653,-1,0,0.002,0.000,0.002
13654,-1,0,0.001,0.000,0.001
13655,-1,0,0.004,0.000,0.004
13656,-1,0,0.006,0.000,0.006
13657,-1,1,0.001,0.000,0.001
13658,-1,0,0.002,0.000,0.003
13659,-1,0,0.001,0.000,0.001
13660,-1,0,0.001,0.000,0.001
13661,-1,117,0.021,0.000,0.022
13662,-1,0,0.001,0.000,0.001
13663,-1,0,0.003,0.000,0.003
13664,-1,0,0.299,0.000,0.299
13665,-1,0,0.000,0.000,0.001
13666,-1,0,0.011,0.000,0.011
13667,-1,0,0.001,0.000,0.001
13668,-1,0,0.001,0.000,0.001
13669,-1,2,0.001,0.000,0.001
13670,-1,2,0.833,0.000,0.833
13671,-1,29,0.005,0.000,0.005
13672,-1,2,0.001,0.000,0.001
13673,-1,0,0.001,0.000,0.001
13674,-1,0,0.003,0.000,0.003
13675,-1,0,0.001,0.000,0.001
13676,-1,0,0.002,0.000,0.002
13677,-1,0,0.001,0.000,0.001
13678,-1,0,0.001,0.000,0.001
13679,-1,0,0.000,0.000,0.001
13680,-1,0,0.001,0.000,0.001
13681,-1,0,0.008,0.000,0.008
13682,-1,0,0.002,0.000,0.002
13683,-1,0,0.001,0.000,0.001
13684,-1,3,0.001,0.000,0.001
13685,-1,0,0.000,0.000,0.001
13686,-1,0,0.002,0.000,0.002
13687,-1,0,0.001,0.000,0.001
13688,-1,0,0.063,0.000,0.063
13689,-1,0,0.000,0.000,0.000
13690,-1,0,0.001,0.000,0.001
13691,-1,0,0.001,0.000,0.001
13692,-1,1,0.054,0.000,0.054
13693,-1,0,0.001,0.000,0.001
13694,-1,0,0.003,0.000,0.003
13695,-1,0,0.009,0.000,0.009
13696,-1,0,0.014,0.000,0.014
13697,-1,0,0.001,0.000,0.001
13698,-1,0,0.002,0.000,0.002
13699,-1,0,0.027,0.000,0.028
13700,-1,0,0.001,0.000,0.001
13701,-1,0,0.080,0.000,0.080
13702,-1,0,0.123,0.000,0.123
13703,-1,0,0.006,0.000,0.006
13704,-1,0,0.001,0.000,0.001
13705,-1,0,0.001,0.000,0.001
13706,-1,0,0.004,0.000,0.004
13707,-1,0,0.008,0.000,0.008
13708,-1,0,0.003,0.000,0.003
13709,-1,0,0.005,0.000,0.005
13710,-1,0,0.000,0.000,0.000
13711,-1,0,0.000,0.000,0.001
13712,-1,0,0.002,0.000,0.002
13713,-1,0,0.003,0.000,0.003
13714,-1,0,0.000,0.000,0.001
13715,-1,0,0.001,0.000,0.001
13716,-1,1,0.001,0.000,0.001
13717,-1,0,0.008,0.000,0.009
13718,-1,0,0.003,0.000,0.003
13719,-1,2,0.001,0.000,0.001
13720,-1,0,0.001,0.000,0.001
13721,-1,0,0.004,0.000,0.004
13722,-1,0,0.003,0.000,0.003
13723,-1,0,0.005,0.000,0.005
13724,-1,0,0.006,0.000,0.006
13725,-1,0,0.002,0.000,0.002
13726,-1,3,0.001,0.000,0.001
13727,-1,0,0.001,0.000,0.001
13728,-1,0,0.008,0.000,0.008
13729,-1,0,0.000,0.000,0.000
13730,-1,3,0.001,0.000,0.001
13731,-1,0,0.001,0.000,0.001
13732,-1,0,0.001,0.000,0.001
13733,-1,0,0.001,0.000,0.001
13734,-1,0,0.001,0.000,0.001
13735,-1,0,0.004,0.000,0.004
13736,-1,0,0.000,0.000,0.000
13737,-1,0,0.007,0.000,0.008
13738,-1,3,0.001,0.000,0.001
13739,-1,0,0.070,0.000,0.070
13740,-1,0,0.235,0.000,0.235
13741,-1,0,0.002,0.000,0.002
13742,-1,0,0.003,0.000,0.003
13743,-1,0,0.012,0.000,0.012
13744,-1,1,0.001,0.000,0.001
13745,-1,0,0.004,0.000,0.004
13746,-1,0,0.000,0.000,0.000
13747,-1,0,0.001,0.000,0.001
13748,-1,0,0.001,0.000,0.001
13749,-1,0,0.001,0.000,0.001
13750,-1,0,0.000,0.000,0.001
13751,-1,0,0.003,0.000,0.003
13752,-1,0,0.000,0.000,0.000
13753,-1,0,0.001,0.000,0.001
13754,-1,0,0.001,0.000,0.001
13755,-1,0,0.015,0.000,0.015
13756,-1,0,0.039,0.000,0.039
13757,-1,0,0.001,0.000,0.001
13758,-1,0,0.002,0.000,0.002
13759,-1,0,0.001,0.000,0.001
13760,-1,0,0.002,0.000,0.002
13761,-1,4,0.001,0.000,0.001
13762,-1,0,0.000,0.000,0.000
13763,-1,1,0.001,0.000,0.001
13764,-1,0,0.001,0.000,0.001
13765,-1,0,0.000,0.000,0.000
13766,-1,0,0.001,0.000,0.002
13767,-1,2,0.001,0.000,0.001
13768,-1,0,0.002,0.000,0.002
13769,-1,0,0.000,0.000,0.000
13770,-1,0,0.003,0.000,0.003
13771,-1,0,0.003,0.000,0.003
13772,-1,4,0.516,0.000,0.516
13773,-1,0,0.001,0.000,0.001
13774,-1,0,0.001,0.000,0.001
13775,-1,0,0.077,0.000,0.077
13776,-1,0,0.007,0.000,0.007
13777,-1,0,0.003,0.000,0.003
13778,-1,0,0.000,0.000,0.000
13779,-1,0,0.001,0.000,0.001
13780,-1,25,0.006,0.000,0.006
13781,-1,0,0.003,0.000,0.003
13782,-1,0,0.002,0.000,0.002
13783,-1,4,0.002,0.000,0.002
13784,-1,0,0.000,0.000,0.000
13785,-1,0,0.002,0.000,0.002
13786,-1,0,0.002,0.000,0.002
13787,-1,0,0.011,0.000,0.011
13788,-1,0,0.004,0.000,0.004
13789,-1,0,0.010,0.000,0.010
13790,-1,0,0.001,0.000,0.001
13791,-1,15,0.004,0.000,0.004
13792,-1,0,0.001,0.000,0.001
13793,-1,0,0.001,0.000,0.001
13794,-1,1,0.001,0.000,0.001
13795,-1,0,0.005,0.000,0.005
13796,-1,0,0.009,0.000,0.009
13797,-1,1,0.203,0.000,0.203
13798,-1,0,0.019,0.000,0.019
13799,-1,0,0.002,0.000,0.002
13800,-1,0,0.001,0.000,0.001
13801,-1,0,0.008,0.000,0.008
13802,-1,0,0.005,0.000,0.005
13803,-1,0,0.001,0.000,0.001
13804,-1,0,0.003,0.000,0.003
13805,-1,0,0.001,0.000,0.001
13806,-1,0,0.001,0.000,0.001
13807,-1,0,0.022,0.000,0.022
13808,-1,0,0.003,0.000,0.003
13809,-1,0,0.003,0.000,0.003
13810,-1,0,0.003,0.000,0.003
13811,-1,0,0.001,0.000,0.001
13812,-1,10,1.352,0.000,1.353
13813,-1,0,0.002,0.000,0.002
13814,-1,0,0.003,0.000,0.003
13815,-1,0,0.004,0.000,0.004
13816,-1,0,0.002,0.000,0.002
13817,-1,0,0.000,0.000,0.000
13818,-1,0,0.001,0.000,0.001
13819,-1,0,0.012,0.000,0.012
13820,-1,0,0.001,0.000,0.001
13821,-1,0,0.002,0.000,0.002
13822,-1,0,0.002,0.000,0.002
13823,-1,0,0.000,0.000,0.001
13824,-1,0,0.000,0.000,0.000
13825,-1,0,0.023,0.000,0.023
13826,-1,0,0.002,0.000,0.002
13827,-1,0,0.154,0.000,0.154
13828,-1,0,0.002,0.000,0.002
13829,-1,0,0.001,0.000,0.001
13830,-1,0,0.002,0.000,0.002
13831,-1,0,0.001,0.000,0.001
13832,-1,33,0.005,0.000,0.005
13833,-1,0,0.094,0.000,0.094
13834,-1,1,0.013,0.000,0.013
13835,-1,0,0.004,0.000,0.004
13836,-1,0,0.008,0.000,0.008
13837,-1,2,0.001,0.000,0.001
13838,-1,1,0.001,0.000,0.001
13839,-1,0,0.001,0.000,0.001
13840,-1,0,0.002,0.000,0.002
13841,-1,0,0.030,0.000,0.030
13842,-1,0,0.001,0.000,0.001
13843,-1,0,0.000,0.000,0.001
13844,-1,0,0.015,0.000,0.015
13845,-1,0,0.003,0.000,0.003
13846,-1,0,0.013,0.000,0.013
13847,-1,3,0.412,0.000,0.412
13848,-1,0,0.012,0.000,0.012
13849,-1,0,0.002,0.000,0.002
13850,-1,0,0.001,0.000,0.001
13851,-1,5,0.001,0.000,0.001
13852,-1,0,0.013,0.000,0.013
13853,-1,0,0.000,0.000,0.000
13854,-1,0,0.002,0.000,0.002
13855,-1,3,0.001,0.000,0.001
13856,-1,0,0.003,0.000,0.004
13857,-1,0,0.001,0.000,0.001
13858,-1,0,0.014,0.000,0.014
13859,-1,0,0.001,0.000,0.001
13860,-1,0,0.001,0.000,0.001
13861,-1,49,0.007,0.000,0.007
13862,-1,0,0.000,0.000,0.001
13863,-1,0,0.000,0.000,0.000
13864,-1,0,0.009,0.000,0.009
13865,-1,0,0.004,0.000,0.004
13866,-1,0,0.001,0.000,0.001
13867,-1,1,0.569,0.000,0.570
13868,-1,0,0.001,0.000,0.001
13869,-1,0,0.001,0.000,0.001
13870,-1,0,0.001,0.000,0.001
13871,-1,0,0.001,0.000,0.001
13872,-1,4,0.566,0.000,0.566
13873,-1,0,0.001,0.000,0.001
13874,-1,0,0.000,0.000,0.000
13875,-1,0,0.001,0.000,0.001
13876,-1,3,0.002,0.000,0.002
13877,-1,0,0.062,0.000,0.062
13878,-1,4,0.002,0.000,0.002
13879,-1,4,0.002,0.000,0.002
13880,-1,0,0.001,0.000,0.001
13881,-1,0,0.000,0.000,0.000
13882,-1,0,0.015,0.000,0.016
13883,-1,0,0.000,0.000,0.001
13884,-1,0,0.169,0.000,0.169
13885,-1,0,0.085,0.000,0.085
13886,-1,0,0.008,0.000,0.008
13887,-1,0,0.009,0.000,0.010
13888,-1,0,0.008,0.000,0.008
13889,-1,0,0.003,0.000,0.003
13890,-1,0,0.001,0.000,0.001
13891,-1,0,0.001,0.000,0.001
13892,-1,4,0.001,0.000,0.001
13893,-1,0,0.003,0.000,0.003
13894,-1,0,0.001,0.000,0.001
13895,-1,0,0.073,0.000,0.073
13896,-1,0,0.011,0.000,0.011
13897,-1,4,0.002,0.000,0.002
13898,-1,0,0.010,0.000,0.010
13899,-1,0,0.002,0.000,0.002
13900,-1,0,0.003,0.000,0.003
13901,-1,0,0.001,0.000,0.001
13902,-1,0,0.004,0.000,0.004
13903,-1,0,0.001,0.000,0.001
13904,-1,0,0.321,0.000,0.321
13905,-1,0,0.002,0.000,0.002
13906,-1,0,0.003,0.000,0.003
13907,-1,0,0.000,0.000,0.000
13908,-1,0,0.007,0.000,0.007
13909,-1,0,0.000,0.000,0.000
13910,-1,4,0.002,0.000,0.002
13911,-1,0,0.000,0.000,0.001
13912,-1,0,0.008,0.000,0.008
13913,-1,5,0.002,0.000,0.002
13914,-1,0,0.002,0.000,0.002
13915,-1,3,0.001,0.000,0.001
13916,-1,0,0.000,0.000,0.001
13917,-1,0,0.001,0.000,0.001
13918,-1,0,0.003,0.000,0.003
13919,-1,0,0.003,0.000,0.003
13920,-1,0,0.003,0.000,0.003
13921,-1,1,0.011,0.000,0.011
13922,-1,0,0.001,0.000,0.001
13923,-1,0,0.002,0.000,0.002
13924,-1,0,0.001,0.000,0.001
13925,-1,0,0.001,0.000,0.001
13926,-1,0,0.000,0.000,0.000
13927,-1,1,0.001,0.000,0.001
13928,-1,0,0.001,0.000,0.001
13929,-1,0,0.001,0.000,0.001
13930,-1,0,0.002,0.000,0.002
13931,-1,1,0.009,0.000,0.009
13932,-1,0,0.001,0.000,0.001
13933,-1,0,0.007,0.000,0.007
13934,-1,0,0.003,0.000,0.003
13935,-1,0,0.001,0.000,0.001
13936,-1,0,0.000,0.000,0.000
13937,-1,0,0.006,0.000,0.006
13938,-1,0,0.013,0.000,0.013
13939,-1,0,0.000,0.000,0.000
13940,-1,0,0.001,0.000,0.001
13941,-1,0,0.001,0.000,0.001
13942,-1,2,0.001,0.000,0.001
13943,-1,2,0.001,0.000,0.001
13944,-1,0,0.001,0.000,0.001
13945,-1,0,0.024,0.000,0.024
13946,-1,0,0.003,0.000,0.003
13947,-1,0,0.001,0.000,0.001
13948,-1,0,0.001,0.000,0.001
13949,-1,0,0.006,0.000,0.006
13950,-1,0,0.003,0.000,0.003
13951,-1,0,0.007,0.000,0.007
13952,-1,0,0.002,0.000,0.002
13953,-1,0,0.011,0.000,0.011
13954,-1,0,0.012,0.000,0.012
13955,-1,0,0.000,0.000,0.000
13956,-1,0,0.001,0.000,0.001
13957,-1,3,0.001,0.000,0.001
13958,-1,0,0.002,0.000,0.002
13959,-1,0,0.051,0.000,0.051
13960,-1,0,0.001,0.000,0.001
13961,-1,0,0.000,0.000,0.000
13962,-1,9,0.011,0.000,0.011
13963,-1,0,0.000,0.000,0.000
13964,-1,0,0.000,0.000,0.000
13965,-1,0,0.000,0.000,0.001
13966,-1,0,0.001,0.000,0.001
13967,-1,0,0.001,0.000,0.001
13968,-1,0,0.001,0.000,0.001
13969,-1,0,0.013,0.000,0.013
13970,-1,1,0.001,0.000,0.001
13971,-1,1,0.007,0.000,0.007
13972,-1,0,0.000,0.000,0.000
13973,-1,0,0.001,0.000,0.001
13974,-1,0,0.007,0.000,0.007
13975,-1,4,0.001,0.000,0.001
13976,-1,0,0.001,0.000,0.001
13977,-1,0,0.002,0.000,0.002
13978,-1,0,0.004,0.000,0.004
13979,-1,0,0.008,0.000,0.008
13980,-1,6,0.002,0.000,0.002
13981,-1,0,0.001,0.000,0.001
13982,-1,0,0.001,0.000,0.001
13983,-1,0,0.031,0.000,0.031
13984,-1,0,0.003,0.000,0.003
13985,-1,10,0.003,0.000,0.003
13986,-1,0,0.007,0.000,0.007
13987,-1,0,0.001,0.000,0.001
13988,-1,0,0.001,0.000,0.001
13989,-1,0,0.000,0.000,0.000
13990,-1,0,0.001,0.000,0.002
13991,-1,0,0.007,0.000,0.007
13992,-1,0,0.001,0.000,0.001
13993,-1,0,0.002,0.000,0.002
13994,-1,0,0.070,0.000,0.070
13995,-1,0,0.000,0.000,0.000
13996,-1,0,0.001,0.000,0.001
13997,-1,0,0.001,0.000,0.001
13998,-1,0,0.002,0.000,0.002
13999,-1,0,0.003,0.000,0.003
14000,-1,0,0.002,0.000,0.002
14001,-1,0,0.015,0.000,0.015
14002,-1,0,0.007,0.000,0.007
14003,-1,0,0.002,0.000,0.002
14004,-1,0,0.002,0.000,0.003
14005,-1,0,0.002,0.000,0.002
14006,-1,0,0.028,0.000,0.028
14007,-1,0,0.007,0.000,0.007
14008,-1,0,0.010,0.000,0.010
14009,-1,20,0.003,0.000,0.003
14010,-1,0,0.000,0.000,0.000
14011,-1,0,0.001,0.000,0.001
14012,-1,0,0.090,0.000,0.090
14013,-1,0,0.000,0.000,0.000
14014,-1,0,0.001,0.000,0.001
14015,-1,1,0.001,0.000,0.001
14016,-1,0,0.007,0.000,0.007
14017,-1,0,0.004,0.000,0.004
14018,-1,0,0.002,0.000,0.002
14019,-1,0,0.004,0.000,0.004
14020,-1,0,0.005,0.000,0.005
14021,-1,0,0.001,0.000,0.001
14022,-1,0,0.002,0.000,0.002
14023,-1,5,0.002,0.000,0.002
14024,-1,0,0.002,0.000,0.002
14025,-1,0,0.001,0.000,0.001
14026,-1,0,0.001,0.000,0.001
14027,-1,0,0.273,0.000,0.273
14028,-1,5,0.808,0.000,0.809
14029,-1,1,0.069,0.000,0.069
14030,-1,0,0.000,0.000,0.000
14031,-1,0,0.002,0.000,0.003
14032,-1,0,0.002,0.000,0.002
14033,-1,0,0.001,0.000,0.001
14034,-1,1,0.236,0.000,0.236
14035,-1,0,0.007,0.000,0.007
14036,-1,0,0.001,0.000,0.001
14037,-1,0,0.081,0.000,0.081
14038,-1,0,0.004,0.000,0.004
14039,-1,0,0.001,0.000,0.002
14040,-1,0,0.004,0.000,0.004
14041,-1,3,0.001,0.000,0.002
14042,-1,4,0.454,0.000,0.454
14043,-1,0,0.011,0.000,0.011
14044,-1,0,0.014,0.000,0.014
14045,-1,0,0.003,0.000,0.003
14046,-1,0,0.001,0.000,0.001
14047,-1,0,0.001,0.000,0.001
14048,-1,0,0.000,0.000,0.001
14049,-1,0,0.000,0.000,0.000
14050,-1,0,0.002,0.000,0.002
14051,-1,0,0.001,0.000,0.001
14052,-1,0,0.016,0.000,0.016
14053,-1,0,0.007,0.000,0.007
14054,-1,0,0.052,0.000,0.052
14055,-1,1,0.000,0.000,0.001
14056,-1,0,0.000,0.000,0.000
14057,-1,0,0.002,0.000,0.002
14058,-1,0,0.000,0.000,0.000
14059,-1,1,0.352,0.000,0.352
14060,-1,0,0.001,0.000,0.001
14061,-1,0,0.000,0.000,0.001
14062,-1,0,0.003,0.000,0.003
14063,-1,3,0.001,0.000,0.001
14064,-1,0,0.004,0.000,0.004
14065,-1,0,0.033,0.000,0.033
14066,-1,0,0.080,0.000,0.080
14067,-1,0,0.002,0.000,0.002
14068,-1,6,0.002,0.000,0.002
14069,-1,2,0.001,0.000,0.001
14070,-1,0,0.009,0.000,0.009
14071,-1,0,0.006,0.000,0.006
14072,-1,0,0.001,0.000,0.001
14073,-1,0,0.003,0.000,0.003
14074,-1,0,0.000,0.000,0.001
14075,-1,0,0.002,0.000,0.002
14076,-1,0,0.001,0.000,0.001
14077,-1,0,0.000,0.000,0.000
14078,-1,0,0.001,0.000,0.001
14079,-1,0,0.046,0.000,0.046
14080,-1,0,0.000,0.000,0.000
14081,-1,0,0.002,0.000,0.002
14082,-1,0,0.026,0.000,0.027
14083,-1,0,0.002,0.000,0.002
14084,-1,0,0.000,0.000,0.000
14085,-1,0,0.002,0.000,0.002
14086,-1,0,0.002,0.000,0.002
14087,-1,0,0.053,0.000,0.053
14088,-1,1,0.134,0.000,0.135
14089,-1,0,0.001,0.000,0.001
14090,-1,0,0.002,0.000,0.002
14091,-1,0,0.004,0.000,0.004
14092,-1,0,0.006,0.000,0.006
14093,-1,0,0.003,0.000,0.003
14094,-1,0,0.001,0.000,0.001
14095,-1,0,0.004,0.000,0.004
14096,-1,0,0.008,0.000,0.008
14097,-1,0,0.197,0.000,0.197
14098,-1,0,0.062,0.000,0.062
14099,-1,0,0.013,0.000,0.013
14100,-1,0,0.012,0.000,0.012
14101,-1,0,0.007,0.000,0.007
14102,-1,0,0.001,0.000,0.001
14103,-1,1,0.161,0.000,0.161
14104,-1,0,0.002,0.000,0.002
14105,-1,0,0.000,0.000,0.000
14106,-1,0,0.008,0.000,0.008
14107,-1,0,0.046,0.000,0.046
14108,-1,0,0.002,0.000,0.003
14109,-1,0,0.010,0.000,0.010
14110,-1,0,0.010,0.000,0.010
14111,-1,3,0.001,0.000,0.001
14112,-1,0,0.000,0.000,0.001
14113,-1,0,0.001,0.000,0.001
14114,-1,0,0.007,0.000,0.007
14115,-1,0,0.001,0.000,0.001
14116,-1,0,0.003,0.000,0.003
14117,-1,0,0.002,0.000,0.002
14118,-1,1,0.015,0.000,0.015
14119,-1,0,0.001,0.000,0.001
14120,-1,0,0.000,0.000,0.001
14121,-1,0,0.004,0.000,0.004
14122,-1,0,0.004,0.000,0.004
14123,-1,0,0.002,0.000,0.003
14124,-1,0,0.001,0.000,0.001
14125,-1,1,0.424,0.000,0.424
14126,-1,0,0.000,0.000,0.000
14127,-1,0,0.001,0.000,0.001
14128,-1,0,0.001,0.000,0.001
14129,-1,0,0.001,0.000,0.001
14130,-1,0,0.001,0.000,0.001
14131,-1,0,0.000,0.000,0.000
14132,-1,0,0.000,0.000,0.001
14133,-1,0,0.005,0.000,0.005
14134,-1,0,0.000,0.000,0.001
14135,-1,67,0.028,0.000,0.028
14136,-1,0,0.003,0.000,0.003
14137,-1,0,0.003,0.000,0.003
14138,-1,2,0.001,0.000,0.001
14139,-1,0,0.002,0.000,0.002
14140,-1,0,0.007,0.000,0.007
14141,-1,0,0.002,0.000,0.002
14142,-1,16,0.003,0.000,0.003
14143,-1,0,0.157,0.000,0.157
14144,-1,0,0.001,0.000,0.001
14145,-1,0,0.004,0.000,0.004
14146,-1,0,0.000,0.000,0.000
14147,-1,2,0.001,0.000,0.001
14148,-1,0,0.001,0.000,0.001
14149,-1,0,0.012,0.000,0.012
14150,-1,0,0.004,0.000,0.005
14151,-1,0,0.006,0.000,0.006
14152,-1,0,0.006,0.000,0.007
14153,-1,4,0.001,0.000,0.001
14154,-1,1,0.001,0.000,0.001
14155,-1,0,0.001,0.000,0.001
14156,-1,1,0.012,0.000,0.012
14157,-1,0,0.006,0.000,0.006
14158,-1,0,0.002,0.000,0.002
14159,-1,0,0.000,0.000,0.000
14160,-1,0,0.000,0.000,0.001
14161,-1,0,0.004,0.000,0.005
14162,-1,0,0.105,0.000,0.105
14163,-1,0,0.007,0.000,0.007
14164,-1,0,0.005,0.000,0.005
14165,-1,0,0.176,0.000,0.176
14166,-1,0,0.073,0.000,0.074
14167,-1,1,0.013,0.000,0.013
14168,-1,0,0.062,0.000,0.062
14169,-1,0,0.001,0.000,0.001
14170,-1,0,0.002,0.000,0.002
14171,-1,1,0.001,0.000,0.001
14172,-1,0,0.006,0.000,0.006
14173,-1,0,0.019,0.000,0.019
14174,-1,5,0.827,0.000,0.827
14175,-1,0,0.000,0.000,0.000
14176,-1,0,0.001,0.000,0.001
14177,-1,4,0.002,0.000,0.002
14178,-1,1,0.084,0.000,0.084
14179,-1,0,0.006,0.000,0.006
14180,-1,0,0.002,0.000,0.002
14181,-1,0,0.001,0.000,0.001
14182,-1,0,0.013,0.000,0.013
14183,-1,0,0.001,0.000,0.001
14184,-1,0,0.000,0.000,0.001
14185,-1,0,0.004,0.000,0.004
14186,-1,0,0.000,0.000,0.000
14187,-1,0,0.001,0.000,0.001
14188,-1,3,0.001,0.000,0.001
14189,-1,0,0.001,0.000,0.001
14190,-1,0,0.007,0.000,0.007
14191,-1,0,0.003,0.000,0.003
14192,-1,0,0.000,0.000,0.000
14193,-1,0,0.000,0.000,0.000
14194,-1,0,0.033,0.000,0.033
14195,-1,0,0.011,0.000,0.012
14196,-1,33,0.004,0.000,0.004
14197,-1,0,0.001,0.000,0.001
14198,-1,0,0.062,0.000,0.062
14199,-1,0,0.002,0.000,0.002
14200,-1,0,0.003,0.000,0.003
14201,-1,0,0.001,0.000,0.001
14202,-1,0,0.001,0.000,0.001
14203,-1,1,0.001,0.000,0.001
14204,-1,0,0.003,0.000,0.003
14205,-1,0,0.009,0.000,0.009
14206,-1,0,0.019,0.000,0.019
14207,-1,0,0.002,0.000,0.002
14208,-1,0,0.005,0.000,0.005
14209,-1,0,0.000,0.000,0.000
14210,-1,0,0.001,0.000,0.001
14211,-1,0,0.003,0.000,0.003
14212,-1,0,0.001,0.000,0.001
14213,-1,0,0.002,0.000,0.003
14214,-1,0,0.003,0.000,0.003
14215,-1,0,0.008,0.000,0.008
14216,-1,0,0.000,0.000,0.000
14217,-1,0,0.002,0.000,0.002
14218,-1,0,0.004,0.000,0.005
14219,-1,0,0.072,0.000,0.072
14220,-1,0,0.031,0.000,0.031
14221,-1,0,0.001,0.000,0.001
14222,-1,0,0.006,0.000,0.006
14223,-1,0,0.012,0.000,0.012
14224,-1,0,0.000,0.000,0.001
14225,-1,0,0.004,0.000,0.004
14226,-1,0,0.001,0.000,0.001
14227,-1,3,0.001,0.000,0.001
14228,-1,2,0.687,0.000,0.687
14229,-1,0,0.002,0.000,0.002
14230,-1,0,0.004,0.000,0.004
14231,-1,3,0.068,0.000,0.068
14232,-1,0,0.001,0.000,0.001
14233,-1,5,0.002,0.000,0.002
14234,-1,0,0.007,0.000,0.007
14235,-1,0,0.000,0.000,0.000
14236,-1,0,0.003,0.000,0.003
14237,-1,0,0.003,0.000,0.003
14238,-1,0,0.013,0.000,0.013
14239,-1,3,0.044,0.000,0.044
14240,-1,0,0.230,0.000,0.230
14241,-1,8,0.007,0.000,0.007
14242,-1,1,0.146,0.000,0.146
14243,-1,0,0.006,0.000,0.007
14244,-1,0,0.030,0.000,0.030
14245,-1,0,0.007,0.000,0.007
14246,-1,0,0.002,0.000,0.002
14247,-1,0,0.055,0.000,0.055
14248,-1,0,0.007,0.000,0.007
14249,-1,1,0.001,0.000,0.001
14250,-1,0,0.087,0.000,0.087
14251,-1,0,0.000,0.000,0.001
14252,-1,0,0.003,0.000,0.003
14253,-1,1,0.001,0.000,0.001
14254,-1,7,0.002,0.000,0.002
14255,-1,0,0.010,0.000,0.010
14256,-1,0,0.007,0.000,0.007
14257,-1,0,0.001,0.000,0.001
14258,-1,10,1.571,0.000,1.572
14259,-1,1,0.004,0.000,0.004
14260,-1,1,0.448,0.000,0.448
14261,-1,0,0.003,0.000,0.003
14262,-1,0,0.012,0.000,0.012
14263,-1,0,0.000,0.000,0.001
14264,-1,0,0.006,0.000,0.006
14265,-1,0,0.001,0.000,0.001
14266,-1,0,0.010,0.000,0.010
14267,-1,0,0.001,0.000,0.001
14268,-1,0,0.001,0.000,0.001
14269,-1,0,0.000,0.000,0.000
14270,-1,0,0.000,0.000,0.000
14271,-1,0,0.186,0.000,0.186
14272,-1,0,0.053,0.000,0.053
14273,-1,0,0.000,0.000,0.000
14274,-1,0,0.004,0.000,0.004
14275,-1,0,0.000,0.000,0.000
14276,-1,1,0.001,0.000,0.001
14277,-1,0,0.001,0.000,0.001
14278,-1,0,0.004,0.000,0.004
14279,-1,1,0.042,0.000,0.043
14280,-1,0,0.000,0.000,0.000
14281,-1,0,0.001,0.000,0.001
14282,-1,7,0.002,0.000,0.002
14283,-1,0,0.001,0.000,0.001
14284,-1,0,0.003,0.000,0.003
14285,-1,0,0.001,0.000,0.001
14286,-1,0,0.000,0.000,0.000
14287,-1,0,0.005,0.000,0.005
14288,-1,0,0.002,0.000,0.002
14289,-1,0,0.001,0.000,0.001
14290,-1,0,0.004,0.000,0.004
14291,-1,1,0.016,0.000,0.016
14292,-1,0,0.000,0.000,0.000
14293,-1,0,0.000,0.000,0.001
14294,-1,0,0.002,0.000,0.002
14295,-1,0,0.013,0.000,0.013
14296,-1,0,0.001,0.000,0.001
14297,-1,0,0.002,0.000,0.002
14298,-1,0,0.003,0.000,0.003
14299,-1,0,0.002,0.000,0.002
14300,-1,0,0.035,0.000,0.035
14301,-1,0,0.002,0.000,0.002
14302,-1,0,0.009,0.000,0.009
14303,-1,0,0.008,0.000,0.008
14304,-1,0,0.001,0.000,0.001
14305,-1,0,0.001,0.000,0.001
14306,-1,0,0.003,0.000,0.003
14307,-1,5,0.002,0.000,0.002
14308,-1,0,0.001,0.000,0.001
14309,-1,0,0.001,0.000,0.001
14310,-1,0,0.009,0.000,0.009
14311,-1,0,0.006,0.000,0.006
14312,-1,0,0.010,0.000,0.010
14313,-1,2,0.089,0.000,0.089
14314,-1,0,0.005,0.000,0.005
14315,-1,0,0.007,0.000,0.007
14316,-1,0,0.003,0.000,0.003
14317,-1,0,0.002,0.000,0.002
14318,-1,0,0.000,0.000,0.000
14319,-1,0,0.005,0.000,0.005
14320,-1,0,0.008,0.000,0.008
14321,-1,1,0.009,0.000,0.009
14322,-1,3,0.001,0.000,0.001
14323,-1,0,0.001,0.000,0.001
14324,-1,0,0.001,0.000,0.001
14325,-1,0,0.002,0.000,0.002
14326,-1,0,0.006,0.000,0.006
14327,-1,2,0.751,0.000,0.751
14328,-1,0,0.003,0.000,0.003
14329,-1,0,0.000,0.000,0.001
14330,-1,0,0.001,0.000,0.001
14331,-1,5,0.812,0.000,0.812
14332,-1,0,0.001,0.000,0.001
14333,-1,1,0.169,0.000,0.169
14334,-1,0,0.002,0.000,0.002
14335,-1,0,0.000,0.000,0.000
14336,-1,0,0.000,0.000,0.000
14337,-1,0,0.011,0.000,0.011
14338,-1,0,0.007,0.000,0.007
14339,-1,0,0.000,0.000,0.000
14340,-1,0,0.000,0.000,0.000
14341,-1,0,0.000,0.000,0.000
14342,-1,0,0.000,0.000,0.000
14343,-1,0,0.010,0.000,0.010
14344,-1,0,0.001,0.000,0.001
14345,-1,0,0.003,0.000,0.003
14346,-1,0,0.100,0.000,0.100
14347,-1,0,0.000,0.000,0.000
14348,-1,0,0.001,0.000,0.001
14349,-1,0,0.010,0.000,0.010
14350,-1,0,0.000,0.000,0.000
14351,-1,0,0.002,0.000,0.002
14352,-1,0,0.023,0.000,0.023
14353,-1,0,0.034,0.000,0.034
14354,-1,0,0.000,0.000,0.000
14355,-1,0,0.013,0.000,0.013
14356,-1,0,0.004,0.000,0.004
14357,-1,0,0.001,0.000,0.001
14358,-1,0,0.000,0.000,0.001
14359,-1,0,0.001,0.000,0.001
14360,-1,0,0.148,0.000,0.148
14361,-1,0,0.299,0.000,0.299
14362,-1,0,0.001,0.000,0.001
14363,-1,0,0.013,0.000,0.013
14364,-1,0,0.000,0.000,0.001
14365,-1,0,0.049,0.000,0.049
14366,-1,0,0.001,0.000,0.001
14367,-1,0,0.005,0.000,0.005
14368,-1,0,0.002,0.000,0.002
14369,-1,0,0.064,0.000,0.064
14370,-1,0,0.001,0.000,0.001
14371,-1,0,0.004,0.000,0.004
14372,-1,0,0.002,0.000,0.002
14373,-1,0,0.001,0.000,0.002
14374,-1,0,0.001,0.000,0.001
14375,-1,0,0.007,0.000,0.008
14376,-1,0,0.001,0.000,0.001
14377,-1,1,0.001,0.000,0.001
14378,-1,0,0.003,0.000,0.003
14379,-1,1,0.052,0.000,0.052
14380,-1,0,0.001,0.000,0.001
14381,-1,32,0.004,0.000,0.004
14382,-1,0,0.003,0.000,0.003
14383,-1,0,0.000,0.000,0.000
14384,-1,0,0.135,0.000,0.135
14385,-1,0,0.001,0.000,0.001
14386,-1,0,0.001,0.000,0.001
14387,-1,0,0.001,0.000,0.001
14388,-1,0,0.001,0.000,0.001
14389,-1,0,0.011,0.000,0.011
14390,-1,0,0.014,0.000,0.014
14391,-1,0,0.013,0.000,0.014
14392,-1,0,0.002,0.000,0.002
14393,-1,0,0.001,0.000,0.001
14394,-1,0,0.002,0.000,0.002
14395,-1,2,0.002,0.000,0.002
14396,-1,1,0.001,0.000,0.001
14397,-1,0,0.020,0.000,0.020
14398,-1,0,0.013,0.000,0.013
14399,-1,0,0.001,0.000,0.001
14400,-1,0,0.000,0.000,0.000
14401,-1,0,0.001,0.000,0.001
14402,-1,0,0.001,0.000,0.001
14403,-1,0,0.001,0.000,0.002
14404,-1,0,0.000,0.000,0.000
14405,-1,0,0.000,0.000,0.000
14406,-1,0,0.009,0.000,0.009
14407,-1,1,0.001,0.000,0.001
14408,-1,0,0.002,0.000,0.002
14409,-1,6,0.002,0.000,0.002
14410,-1,0,0.003,0.000,0.003
14411,-1,0,0.001,0.000,0.001
14412,-1,0,0.001,0.000,0.001
14413,-1,0,0.004,0.000,0.004
14414,-1,10,1.449,0.000,1.449
14415,-1,0,0.001,0.000,0.001
14416,-1,0,0.003,0.000,0.003
14417,-1,0,0.007,0.000,0.007
14418,-1,0,0.001,0.000,0.001
14419,-1,0,0.000,0.000,0.000
14420,-1,2,0.001,0.000,0.001
14421,-1,0,0.005,0.000,0.005
14422,-1,2,0.001,0.000,0.001
14423,-1,0,0.012,0.000,0.012
14424,-1,0,0.009,0.000,0.009
14425,-1,0,0.001,0.000,0.001
14426,-1,0,0.008,0.000,0.008
14427,-1,0,0.001,0.000,0.001
14428,-1,0,0.005,0.000,0.005
14429,-1,0,0.008,0.000,0.008
14430,-1,30,0.005,0.000,0.005
14431,-1,0,0.000,0.000,0.001
14432,-1,0,0.003,0.000,0.003
14433,-1,0,0.025,0.000,0.025
14434,-1,0,0.001,0.000,0.001
14435,-1,0,0.001,0.000,0.001
14436,-1,0,0.002,0.000,0.003
14437,-1,0,0.001,0.000,0.001
14438,-1,1,0.001,0.000,0.001
14439,-1,0,0.009,0.000,0.009
14440,-1,0,0.015,0.000,0.015
14441,-1,0,0.007,0.000,0.007
14442,-1,1,0.011,0.000,0.012
14443,-1,0,0.004,0.000,0.004
14444,-1,0,0.076,0.000,0.076
14445,-1,0,0.020,0.000,0.020
14446,-1,26,0.004,0.000,0.004
14447,-1,0,0.001,0.000,0.001
14448,-1,0,0.000,0.000,0.001
14449,-1,0,0.003,0.000,0.003
14450,-1,0,0.001,0.000,0.001
14451,-1,0,0.000,0.000,0.000
14452,-1,5,0.001,0.000,0.001
14453,-1,0,0.003,0.000,0.004
14454,-1,0,0.014,0.000,0.014
14455,-1,0,0.004,0.000,0.004
14456,-1,0,0.000,0.000,0.000
14457,-1,1,0.005,0.000,0.005
14458,-1,0,0.001,0.000,0.001
14459,-1,2,0.001,0.000,0.001
14460,-1,24,0.004,0.000,0.004
14461,-1,0,0.000,0.000,0.001
14462,-1,0,0.045,0.000,0.045
14463,-1,0,0.003,0.000,0.003
14464,-1,0,0.013,0.000,0.013
14465,-1,0,0.000,0.000,0.000
14466,-1,0,0.002,0.000,0.002
14467,-1,0,0.002,0.000,0.003
14468,-1,0,0.001,0.000,0.001
14469,-1,0,0.009,0.000,0.009
14470,-1,0,0.001,0.000,0.001
14471,-1,0,0.002,0.000,0.002
14472,-1,0,0.002,0.000,0.002
14473,-1,1,0.001,0.000,0.001
14474,-1,0,0.000,0.000,0.001
14475,-1,0,0.016,0.000,0.016
14476,-1,0,0.003,0.000,0.003
14477,-1,0,0.002,0.000,0.002
14478,-1,0,0.003,0.000,0.003
14479,-1,0,0.001,0.000,0.001
14480,-1,0,0.001,0.000,0.001
14481,-1,0,0.010,0.000,0.010
14482,-1,0,0.012,0.000,0.013
14483,-1,0,0.000,0.000,0.001
14484,-1,0,0.009,0.000,0.010
14485,-1,0,0.001,0.000,0.001
14486,-1,0,0.000,0.000,0.000
14487,-1,0,0.008,0.000,0.009
14488,-1,0,0.001,0.000,0.001
14489,-1,0,0.000,0.000,0.001
14490,-1,0,0.001,0.000,0.001
14491,-1,4,0.001,0.000,0.001
14492,-1,0,0.009,0.000,0.009
14493,-1,0,0.001,0.000,0.001
14494,-1,34,0.005,0.000,0.005
14495,-1,0,0.001,0.000,0.001
14496,-1,0,0.002,0.000,0.002
14497,-1,0,0.003,0.000,0.004
14498,-1,1,0.151,0.000,0.151
14499,-1,0,0.012,0.000,0.012
14500,-1,0,0.004,0.000,0.004
14501,-1,0,0.020,0.000,0.020
14502,-1,0,0.004,0.000,0.004
14503,-1,0,0.018,0.000,0.018
14504,-1,5,0.870,0.000,0.870
14505,-1,0,0.005,0.000,0.005
14506,-1,3,0.001,0.000,0.001
14507,-1,0,0.000,0.000,0.000
14508,-1,0,0.000,0.000,0.000
14509,-1,0,0.007,0.000,0.008
14510,-1,0,0.001,0.000,0.001
14511,-1,0,0.001,0.000,0.001
14512,-1,0,0.011,0.000,0.011
14513,-1,0,0.002,0.000,0.002
14514,-1,0,0.002,0.000,0.002
14515,-1,0,0.001,0.000,0.001
14516,-1,1,0.001,0.000,0.001
14517,-1,0,0.000,0.000,0.001
14518,-1,0,0.000,0.000,0.000
14519,-1,0,0.008,0.000,0.008
14520,-1,0,0.002,0.000,0.002
14521,-1,1,0.001,0.000,0.001
14522,-1,0,0.001,0.000,0.001
14523,-1,0,0.001,0.000,0.001
14524,-1,0,0.002,0.000,0.002
14525,-1,0,0.001,0.000,0.001
14526,-1,0,0.014,0.000,0.014
14527,-1,2,0.697,0.000,0.698
14528,-1,0,0.001,0.000,0.001
14529,-1,1,0.001,0.000,0.001
14530,-1,0,0.001,0.000,0.001
14531,-1,2,0.001,0.000,0.001
14532,-1,0,0.001,0.000,0.001
14533,-1,0,0.004,0.000,0.004
14534,-1,2,0.176,0.000,0.176
14535,-1,0,0.000,0.000,0.000
14536,-1,0,0.001,0.000,0.001
14537,-1,0,0.007,0.000,0.007
14538,-1,0,0.001,0.000,0.001
14539,-1,0,0.001,0.000,0.001
14540,-1,0,0.003,0.000,0.003
14541,-1,0,0.000,0.000,0.001
14542,-1,0,0.002,0.000,0.002
14543,-1,1,0.001,0.000,0.001
14544,-1,10,0.002,0.000,0.002
14545,-1,0,0.001,0.000,0.001
14546,-1,0,0.013,0.000,0.013
14547,-1,13,0.003,0.000,0.003
14548,-1,0,0.000,0.000,0.001
14549,-1,0,0.003,0.000,0.003
14550,-1,0,0.000,0.000,0.000
14551,-1,0,0.000,0.000,0.000
14552,-1,0,0.001,0.000,0.001
14553,-1,0,0.000,0.000,0.001
14554,-1,5,0.773,0.000,0.773
14555,-1,0,0.012,0.000,0.012
14556,-1,0,0.001,0.000,0.002
14557,-1,0,0.059,0.000,0.059
14558,-1,0,0.004,0.000,0.004
14559,-1,0,0.002,0.000,0.002
14560,-1,0,0.000,0.000,0.001
14561,-1,3,0.001,0.000,0.001
14562,-1,0,0.000,0.000,0.001
14563,-1,0,0.322,0.000,0.322
14564,-1,0,0.002,0.000,0.002
14565,-1,0,0.060,0.000,0.060
14566,-1,0,0.004,0.000,0.004
14567,-1,0,0.007,0.000,0.007
14568,-1,0,0.009,0.000,0.009
14569,-1,0,0.009,0.000,0.009
14570,-1,0,0.009,0.000,0.009
14571,-1,0,0.003,0.000,0.003
14572,-1,0,0.001,0.000,0.001
14573,-1,71,0.007,0.000,0.007
14574,-1,0,0.000,0.000,0.001
14575,-1,0,0.000,0.000,0.000
14576,-1,0,0.002,0.000,0.002
14577,-1,0,0.001,0.000,0.001
14578,-1,0,0.000,0.000,0.000
14579,-1,0,0.003,0.000,0.003
14580,-1,0,0.001,0.000,0.001
14581,-1,0,0.011,0.000,0.011
14582,-1,0,0.001,0.000,0.001
14583,-1,0,0.001,0.000,0.001
14584,-1,0,0.008,0.000,0.008
14585,-1,4,0.455,0.000,0.455
14586,-1,0,0.001,0.000,0.001
14587,-1,3,0.001,0.000,0.001
14588,-1,0,0.008,0.000,0.009
14589,-1,0,0.011,0.000,0.011
14590,-1,0,0.017,0.000,0.017
14591,-1,0,0.008,0.000,0.008
14592,-1,0,0.000,0.000,0.001
14593,-1,0,0.001,0.000,0.001
14594,-1,0,0.000,0.000,0.000
14595,-1,0,0.003,0.000,0.003
14596,-1,0,0.002,0.000,0.003
14597,-1,0,0.001,0.000,0.001
14598,-1,0,0.000,0.000,0.000
14599,-1,0,0.000,0.000,0.000
14600,-1,1,0.057,0.000,0.057
14601,-1,0,0.000,0.000,0.001
14602,-1,0,0.012,0.000,0.012
14603,-1,0,0.007,0.000,0.007
14604,-1,0,0.400,0.000,0.400
14605,-1,6,0.001,0.000,0.002
14606,-1,0,0.003,0.000,0.003
14607,-1,0,0.000,0.000,0.000
14608,-1,0,0.000,0.000,0.000
14609,-1,0,0.001,0.000,0.001
14610,-1,0,0.001,0.000,0.001
14611,-1,0,0.001,0.000,0.001
14612,-1,0,0.002,0.000,0.002
14613,-1,0,0.001,0.000,0.001
14614,-1,0,0.000,0.000,0.000
14615,-1,0,0.033,0.000,0.033
14616,-1,0,0.014,0.000,0.014
14617,-1,4,0.001,0.000,0.001
14618,-1,0,0.007,0.000,0.007
14619,-1,0,0.004,0.000,0.004
14620,-1,0,0.001,0.000,0.001
14621,-1,0,0.001,0.000,0.001
14622,-1,0,0.004,0.000,0.004
14623,-1,22,0.004,0.000,0.004
14624,-1,0,0.015,0.000,0.015
14625,-1,0,0.013,0.000,0.013
14626,-1,1,0.001,0.000,0.001
14627,-1,1,0.001,0.000,0.001
14628,-1,0,0.001,0.000,0.001
14629,-1,13,0.003,0.000,0.003
14630,-1,0,0.008,0.000,0.008
14631,-1,0,0.004,0.000,0.004
14632,-1,0,0.005,0.000,0.005
14633,-1,0,0.007,0.000,0.007
14634,-1,0,0.004,0.000,0.004
14635,-1,5,0.001,0.000,0.001
14636,-1,0,0.000,0.000,0.000
14637,-1,0,0.001,0.000,0.001
14638,-1,0,0.001,0.000,0.001
14639,-1,0,0.002,0.000,0.002
14640,-1,1,0.000,0.000,0.001
14641,-1,0,0.000,0.000,0.000
14642,-1,0,0.002,0.000,0.002
14643,-1,0,0.001,0.000,0.001
14644,-1,0,0.002,0.000,0.002
14645,-1,0,0.008,0.000,0.008
14646,-1,0,0.000,0.000,0.000
14647,-1,0,0.008,0.000,0.008
14648,-1,0,0.001,0.000,0.001
14649,-1,0,0.000,0.000,0.000
14650,-1,1,0.050,0.000,0.050
14651,-1,0,0.009,0.000,0.009
14652,-1,0,0.000,0.000,0.000
14653,-1,0,0.068,0.000,0.068
14654,-1,0,0.057,0.000,0.057
14655,-1,0,0.010,0.000,0.010
14656,-1,1,0.393,0.000,0.393
14657,-1,0,0.001,0.000,0.001
14658,-1,117,0.021,0.000,0.021
14659,-1,0,0.000,0.000,0.000
14660,-1,23,0.004,0.000,0.004
14661,-1,0,0.001,0.000,0.001
14662,-1,0,0.001,0.000,0.001
14663,-1,0,0.002,0.000,0.002
14664,-1,3,0.001,0.000,0.002
14665,-1,0,0.002,0.000,0.002
14666,-1,0,0.004,0.000,0.004
14667,-1,0,0.001,0.000,0.001
14668,-1,0,0.004,0.000,0.004
14669,-1,0,0.002,0.000,0.002
14670,-1,0,0.004,0.000,0.004
14671,-1,0,0.001,0.000,0.001
14672,-1,0,0.009,0.000,0.009
14673,-1,0,0.001,0.000,0.001
14674,-1,0,0.001,0.000,0.001
14675,-1,0,0.006,0.000,0.006
14676,-1,0,0.003,0.000,0.003
14677,-1,0,0.000,0.000,0.000
14678,-1,0,0.002,0.000,0.002
14679,-1,3,0.001,0.000,0.001
14680,-1,0,0.004,0.000,0.004
14681,-1,0,0.008,0.000,0.008
14682,-1,0,0.006,0.000,0.006
14683,-1,0,0.024,0.000,0.024
14684,-1,0,0.005,0.000,0.006
14685,-1,0,0.001,0.000,0.001
14686,-1,0,0.000,0.000,0.001
14687,-1,0,0.045,0.000,0.045
14688,-1,0,0.001,0.000,0.001
14689,-1,1,0.070,0.000,0.070
14690,-1,1,0.012,0.000,0.012
14691,-1,0,0.000,0.000,0.000
14692,-1,0,0.048,0.000,0.048
14693,-1,0,0.052,0.000,0.052
14694,-1,0,0.057,0.000,0.057
14695,-1,0,0.003,0.000,0.003
14696,-1,0,0.001,0.000,0.001
14697,-1,1,0.009,0.000,0.010
14698,-1,0,0.000,0.000,0.001
14699,-1,0,0.001,0.000,0.001
14700,-1,0,0.004,0.000,0.004
14701,-1,0,0.002,0.000,0.002
14702,-1,0,0.013,0.000,0.014
14703,-1,0,0.000,0.000,0.000
14704,-1,0,0.008,0.000,0.009
14705,-1,0,0.001,0.000,0.001
14706,-1,0,0.002,0.000,0.002
14707,-1,0,0.000,0.000,0.001
14708,-1,10,0.002,0.000,0.002
14709,-1,0,0.000,0.000,0.001
14710,-1,0,0.028,0.000,0.028
14711,-1,0,0.013,0.000,0.013
14712,-1,4,0.001,0.000,0.001
14713,-1,23,0.003,0.000,0.003
14714,-1,0,0.002,0.000,0.002
14715,-1,0,0.001,0.000,0.001
14716,-1,0,0.001,0.000,0.001
14717,-1,0,0.000,0.000,0.001
14718,-1,0,0.011,0.000,0.012
14719,-1,0,0.012,0.000,0.012
14720,-1,0,0.001,0.000,0.001
14721,-1,0,0.001,0.000,0.001
14722,-1,0,0.007,0.000,0.008
14723,-1,1,0.081,0.000,0.081
14724,-1,2,0.001,0.000,0.002
14725,-1,0,0.002,0.000,0.003
14726,-1,0,0.001,0.000,0.001
14727,-1,0,0.000,0.000,0.000
14728,-1,0,0.164,0.000,0.164
14729,-1,0,0.004,0.000,0.004
14730,-1,0,0.013,0.000,0.013
14731,-1,0,0.002,0.000,0.002
14732,-1,0,0.007,0.000,0.007
14733,-1,0,0.003,0.000,0.003
14734,-1,0,0.007,0.000,0.007
14735,-1,1,0.001,0.000,0.001
14736,-1,0,0.001,0.000,0.001
14737,-1,0,0.003,0.000,0.003
14738,-1,0,0.000,0.000,0.000
14739,-1,0,0.001,0.000,0.001
14740,-1,1,0.001,0.000,0.001
14741,-1,0,0.007,0.000,0.007
14742,-1,0,0.000,0.000,0.000
14743,-1,1,0.001,0.000,0.001
14744,-1,0,0.001,0.000,0.001
14745,-1,4,0.001,0.000,0.001
14746,-1,0,0.000,0.000,0.000
14747,-1,0,0.002,0.000,0.003
14748,-1,0,0.008,0.000,0.009
14749,-1,0,0.001,0.000,0.001
14750,-1,0,0.004,0.000,0.004
14751,-1,0,0.000,0.000,0.000
14752,-1,0,0.004,0.000,0.004
14753,-1,0,0.005,0.000,0.005
14754,-1,0,0.008,0.000,0.008
14755,-1,0,0.027,0.000,0.027
14756,-1,0,0.005,0.000,0.005
14757,-1,0,0.006,0.000,0.006
14758,-1,1,0.011,0.000,0.011
14759,-1,0,0.003,0.000,0.003
14760,-1,0,0.001,0.000,0.001
14761,-1,0,0.001,0.000,0.001
14762,-1,0,0.001,0.000,0.001
14763,-1,0,0.001,0.000,0.001
14764,-1,0,0.007,0.000,0.007
14765,-1,0,0.001,0.000,0.001
14766,-1,0,0.000,0.000,0.001
14767,-1,0,0.032,0.000,0.032
14768,-1,0,0.251,0.000,0.251
14769,-1,0,0.004,0.000,0.004
14770,-1,2,0.001,0.000,0.001
14771,-1,0,0.000,0.000,0.001
14772,-1,0,0.053,0.000,0.053
14773,-1,0,0.062,0.000,0.062
14774,-1,0,0.006,0.000,0.006
14775,-1,2,0.854,0.000,0.854
14776,-1,0,0.007,0.000,0.007
14777,-1,0,0.001,0.000,0.001
14778,-1,6,0.002,0.000,0.002
14779,-1,2,0.289,0.000,0.289
14780,-1,0,0.000,0.000,0.001
14781,-1,0,0.003,0.000,0.003
14782,-1,0,0.001,0.000,0.001
14783,-1,4,0.002,0.000,0.002
14784,-1,0,0.002,0.000,0.002
14785,-1,3,0.001,0.000,0.001
14786,-1,0,0.016,0.000,0.016
14787,-1,0,0.002,0.000,0.002
14788,-1,0,0.001,0.000,0.001
14789,-1,0,0.000,0.000,0.000
14790,-1,0,0.001,0.000,0.001
14791,-1,0,0.001,0.000,0.001
14792,-1,0,0.003,0.000,0.003
14793,-1,0,0.008,0.000,0.008
14794,-1,7,0.002,0.000,0.002
14795,-1,0,0.024,0.000,0.024
14796,-1,0,0.000,0.000,0.001
14797,-1,0,0.006,0.000,0.006
14798,-1,0,0.013,0.000,0.013
14799,-1,0,0.001,0.000,0.001
14800,-1,1,0.001,0.000,0.001
14801,-1,0,0.003,0.000,0.003
14802,-1,0,0.001,0.000,0.001
14803,-1,0,0.001,0.000,0.001
14804,-1,1,0.002,0.000,0.002
14805,-1,0,0.000,0.000,0.000
14806,-1,0,0.008,0.000,0.008
14807,-1,0,0.002,0.000,0.002
14808,-1,7,0.002,0.000,0.002
14809,-1,0,0.006,0.000,0.006
14810,-1,0,0.011,0.000,0.011
14811,-1,0,0.000,0.000,0.000
14812,-1,0,0.007,0.000,0.008
14813,-1,0,0.000,0.000,0.000
14814,-1,4,0.001,0.000,0.002
14815,-1,0,0.001,0.000,0.001
14816,-1,0,0.000,0.000,0.000
14817,-1,0,0.002,0.000,0.002
14818,-1,0,0.011,0.000,0.012
14819,-1,0,0.039,0.000,0.039
14820,-1,1,0.007,0.000,0.007
14821,-1,0,0.003,0.000,0.003
14822,-1,5,0.852,0.000,0.852
14823,-1,0,0.001,0.000,0.001
14824,-1,0,0.001,0.000,0.001
14825,-1,0,0.003,0.000,0.003
14826,-1,0,0.001,0.000,0.001
14827,-1,0,0.015,0.000,0.015
14828,-1,0,0.011,0.000,0.011
14829,-1,0,0.002,0.000,0.002
14830,-1,0,0.027,0.000,0.027
14831,-1,3,0.001,0.000,0.001
14832,-1,2,0.208,0.000,0.208
14833,-1,0,0.001,0.000,0.001
14834,-1,0,0.002,0.000,0.002
14835,-1,8,0.003,0.000,0.003
14836,-1,0,0.004,0.000,0.004
14837,-1,0,0.002,0.000,0.002
14838,-1,0,0.002,0.000,0.002
14839,-1,0,0.004,0.000,0.004
14840,-1,0,0.000,0.000,0.000
14841,-1,0,0.000,0.000,0.000
14842,-1,0,0.003,0.000,0.003
14843,-1,5,1.023,0.000,1.023
14844,-1,0,0.001,0.000,0.001
14845,-1,0,0.003,0.000,0.003
14846,-1,0,0.011,0.000,0.011
14847,-1,0,0.013,0.000,0.013
14848,-1,13,0.003,0.000,0.003
14849,-1,0,0.003,0.000,0.003
14850,-1,0,0.001,0.000,0.001
14851,-1,0,0.002,0.000,0.002
14852,-1,0,0.002,0.000,0.002
14853,-1,0,0.000,0.000,0.001
14854,-1,1,0.001,0.000,0.001
14855,-1,0,0.001,0.000,0.001
14856,-1,2,0.001,0.000,0.001
14857,-1,0,0.001,0.000,0.001
14858,-1,6,0.002,0.000,0.002
14859,-1,0,0.002,0.000,0.002
14860,-1,0,0.002,0.000,0.002
14861,-1,0,0.005,0.000,0.005
14862,-1,0,0.001,0.000,0.001
14863,-1,0,0.001,0.000,0.001
14864,-1,0,0.001,0.000,0.001
14865,-1,0,0.003,0.000,0.003
14866,-1,0,0.001,0.000,0.001
14867,-1,0,0.472,0.000,0.472
14868,-1,1,0.001,0.000,0.001
14869,-1,1,0.004,0.000,0.004
14870,-1,6,0.001,0.000,0.002
14871,-1,0,0.006,0.000,0.007
14872,-1,0,0.095,0.000,0.096
14873,-1,0,0.000,0.000,0.001
14874,-1,0,0.006,0.000,0.006
14875,-1,0,0.001,0.000,0.001
14876,-1,0,0.001,0.000,0.001
14877,-1,0,0.019,0.000,0.019
14878,-1,0,0.002,0.000,0.002
14879,-1,0,0.000,0.000,0.001
14880,-1,0,0.003,0.000,0.003
14881,-1,0,0.004,0.000,0.004
14882,-1,7,0.002,0.000,0.002
14883,-1,10,1.314,0.000,1.314
14884,-1,1,0.170,0.000,0.170
14885,-1,0,0.000,0.000,0.000
14886,-1,0,0.048,0.000,0.048
14887,-1,0,0.002,0.000,0.002
14888,-1,1,0.059,0.000,0.059
14889,-1,0,0.002,0.000,0.002
14890,-1,0,0.001,0.000,0.001
14891,-1,0,0.006,0.000,0.006
14892,-1,0,0.008,0.000,0.008
14893,-1,0,0.002,0.000,0.002
14894,-1,0,0.006,0.000,0.006
14895,-1,0,0.003,0.000,0.003
14896,-1,0,0.013,0.000,0.013
14897,-1,2,0.001,0.000,0.001
14898,-1,2,0.001,0.000,0.001
14899,-1,0,0.003,0.000,0.003
14900,-1,0,0.002,0.000,0.002
14901,-1,0,0.001,0.000,0.001
14902,-1,0,0.000,0.000,0.000
14903,-1,0,0.000,0.000,0.001
14904,-1,1,0.001,0.000,0.001
14905,-1,0,0.002,0.000,0.002
14906,-1,0,0.002,0.000,0.002
14907,-1,0,0.005,0.000,0.005
14908,-1,0,0.000,0.000,0.000
14909,-1,0,0.001,0.000,0.001
14910,-1,0,0.000,0.000,0.001
14911,-1,0,0.003,0.000,0.003
14912,-1,0,0.001,0.000,0.001
14913,-1,0,0.002,0.000,0.002
14914,-1,0,0.003,0.000,0.003
14915,-1,0,0.002,0.000,0.002
14916,-1,0,0.000,0.000,0.000
14917,-1,0,0.000,0.000,0.001
14918,-1,0,0.001,0.000,0.001
14919,-1,0,0.004,0.000,0.004
14920,-1,0,0.000,0.000,0.000
14921,-1,0,0.001,0.000,0.001
14922,-1,1,0.035,0.000,0.035
14923,-1,1,0.081,0.000,0.081
14924,-1,0,0.014,0.000,0.014
14925,-1,0,0.002,0.000,0.002
14926,-1,0,0.001,0.000,0.001
14927,-1,0,0.001,0.000,0.001
14928,-1,0,0.000,0.000,0.001
14929,-1,0,0.001,0.000,0.001
14930,-1,0,0.121,0.000,0.121
14931,-1,0,0.001,0.000,0.001
14932,-1,0,0.000,0.000,0.000
14933,-1,0,0.001,0.000,0.001
14934,-1,0,0.018,0.000,0.018
14935,-1,3,0.001,0.000,0.001
14936,-1,2,0.001,0.000,0.001
14937,-1,2,0.002,0.000,0.002
14938,-1,0,0.001,0.000,0.001
14939,-1,0,0.014,0.000,0.014
14940,-1,0,0.000,0.000,0.000
14941,-1,0,0.001,0.000,0.001
14942,-1,0,0.001,0.000,0.001
14943,-1,0,0.004,0.000,0.004
14944,-1,3,0.001,0.000,0.001
14945,-1,0,0.002,0.000,0.002
14946,-1,1,0.146,0.000,0.146
14947,-1,0,0.102,0.000,0.102
14948,-1,0,0.002,0.000,0.002
14949,-1,2,0.227,0.000,0.228
14950,-1,4,0.001,0.000,0.002
14951,-1,0,0.002,0.000,0.002
14952,-1,25,0.005,0.000,0.005
14953,-1,0,0.000,0.000,0.001
14954,-1,0,0.020,0.000,0.020
14955,-1,0,0.000,0.000,0.001
14956,-1,0,0.041,0.000,0.041
14957,-1,0,0.003,0.000,0.003
14958,-1,0,0.000,0.000,0.000
14959,-1,0,0.000,0.000,0.001
14960,-1,0,0.001,0.000,0.001
14961,-1,2,0.001,0.000,0.001
14962,-1,0,0.000,0.000,0.001
14963,-1,0,0.000,0.000,0.001
14964,-1,0,0.002,0.000,0.002
14965,-1,0,0.001,0.000,0.001
14966,-1,1,0.041,0.000,0.041
14967,-1,0,0.001,0.000,0.001
14968,-1,0,0.009,0.000,0.009
14969,-1,1,0.188,0.000,0.188
14970,-1,0,0.002,0.000,0.002
14971,-1,0,0.004,0.000,0.004
14972,-1,0,0.005,0.000,0.005
14973,-1,0,0.008,0.000,0.008
14974,-1,0,0.004,0.000,0.004
14975,-1,0,0.000,0.000,0.000
14976,-1,0,0.000,0.000,0.001
14977,-1,2,0.021,0.000,0.021
14978,-1,0,0.001,0.000,0.001
14979,-1,0,0.000,0.000,0.000
14980,-1,0,0.005,0.000,0.005
14981,-1,0,0.000,0.000,0.001
14982,-1,0,0.038,0.000,0.038
14983,-1,0,0.002,0.000,0.002
14984,-1,0,0.002,0.000,0.002
14985,-1,0,0.006,0.000,0.006
14986,-1,0,0.005,0.000,0.005
14987,-1,0,0.001,0.000,0.001
14988,-1,0,0.003,0.000,0.003
14989,-1,0,0.001,0.000,0.001
14990,-1,0,0.001,0.000,0.001
14991,-1,0,0.001,0.000,0.001
14992,-1,0,0.008,0.000,0.008
14993,-1,0,0.006,0.000,0.006
14994,-1,0,0.012,0.000,0.012
14995,-1,2,0.001,0.000,0.001
14996,-1,0,0.018,0.000,0.018
14997,-1,8,0.002,0.000,0.003
14998,-1,0,0.003,0.000,0.003
14999,-1,0,0.001,0.000,0.001
15000,-1,2,0.001,0.000,0.001
15001,-1,0,0.004,0.000,0.004
15002,-1,0,0.144,0.000,0.144
15003,-1,1,0.184,0.000,0.184
15004,-1,0,0.001,0.000,0.001
15005,-1,0,0.003,0.000,0.003
15006,-1,2,0.057,0.000,0.057
15007,-1,0,0.003,0.000,0.003
15008,-1,0,0.002,0.000,0.002
15009,-1,0,0.032,0.000,0.032
15010,-1,0,0.000,0.000,0.000
15011,-1,0,0.001,0.000,0.002
15012,-1,1,0.011,0.000,0.011
15013,-1,0,0.001,0.000,0.001
15014,-1,0,0.008,0.000,0.008
15015,-1,0,0.000,0.000,0.000
15016,-1,0,0.000,0.000,0.000
15017,-1,0,0.001,0.000,0.001
15018,-1,0,0.003,0.000,0.003
15019,-1,0,0.000,0.000,0.001
15020,-1,0,0.014,0.000,0.014
15021,-1,0,0.001,0.000,0.001
15022,-1,0,0.001,0.000,0.001
15023,-1,0,0.006,0.000,0.006
15024,-1,3,0.001,0.000,0.001
15025,-1,0,0.001,0.000,0.001
15026,-1,2,0.001,0.000,0.001
15027,-1,0,0.021,0.000,0.022
15028,-1,1,0.001,0.000,0.001
15029,-1,0,0.003,0.000,0.003
15030,-1,0,0.013,0.000,0.013
15031,-1,1,0.001,0.000,0.001
15032,-1,0,0.010,0.000,0.010
15033,-1,0,0.002,0.000,0.002
15034,-1,0,0.001,0.000,0.001
15035,-1,0,0.006,0.000,0.006
15036,-1,0,0.000,0.000,0.000
15037,-1,2,0.105,0.000,0.105
15038,-1,0,0.001,0.000,0.001
15039,-1,0,0.000,0.000,0.000
15040,-1,0,0.004,0.000,0.004
15041,-1,0,0.008,0.000,0.008
15042,-1,0,0.059,0.000,0.060
15043,-1,3,0.001,0.000,0.001
15044,-1,0,0.011,0.000,0.011
15045,-1,2,0.001,0.000,0.001
15046,-1,0,0.001,0.000,0.001
15047,-1,1,0.073,0.000,0.073
15048,-1,5,0.001,0.000,0.002
15049,-1,1,0.016,0.000,0.016
15050,-1,0,0.000,0.000,0.000
15051,-1,0,0.001,0.000,0.001
15052,-1,0,0.001,0.000,0.001
15053,-1,0,0.000,0.000,0.001
15054,-1,0,0.003,0.000,0.003
15055,-1,0,0.001,0.000,0.001
15056,-1,0,0.000,0.000,0.001
15057,-1,0,0.001,0.000,0.001
15058,-1,0,0.001,0.000,0.001
15059,-1,0,0.007,0.000,0.007
15060,-1,0,0.006,0.000,0.006
15061,-1,0,0.000,0.000,0.001
15062,-1,0,0.031,0.000,0.031
15063,-1,0,0.002,0.000,0.002
15064,-1,0,0.002,0.000,0.003
15065,-1,0,0.002,0.000,0.002
15066,-1,0,0.002,0.000,0.002
15067,-1,0,0.003,0.000,0.003
15068,-1,3,0.001,0.000,0.001
15069,-1,0,0.000,0.000,0.000
15070,-1,2,0.001,0.000,0.001
15071,-1,0,0.002,0.000,0.002
15072,-1,0,0.000,0.000,0.001
15073,-1,0,0.004,0.000,0.004
15074,-1,0,0.001,0.000,0.001
15075,-1,0,0.000,0.000,0.000
15076,-1,0,0.000,0.000,0.001
15077,-1,0,0.002,0.000,0.002
15078,-1,0,0.001,0.000,0.001
15079,-1,2,0.883,0.000,0.884
15080,-1,0,0.001,0.000,0.001
15081,-1,0,0.003,0.000,0.003
15082,-1,0,0.022,0.000,0.022
15083,-1,0,0.001,0.000,0.001
15084,-1,0,0.000,0.000,0.001
15085,-1,34,0.006,0.000,0.006
15086,-1,0,0.008,0.000,0.008
15087,-1,0,0.162,0.000,0.163
15088,-1,0,0.005,0.000,0.005
15089,-1,0,0.001,0.000,0.001
15090,-1,10,1.439,0.000,1.439
15091,-1,0,0.004,0.000,0.004
15092,-1,0,0.001,0.000,0.001
15093,-1,0,0.007,0.000,0.007
15094,-1,0,0.005,0.000,0.005
15095,-1,0,0.002,0.000,0.002
15096,-1,0,0.001,0.000,0.001
15097,-1,0,0.000,0.000,0.000
15098,-1,0,0.001,0.000,0.001
15099,-1,0,0.002,0.000,0.002
15100,-1,0,0.001,0.000,0.001
15101,-1,0,0.010,0.000,0.010
15102,-1,5,0.001,0.000,0.002
15103,-1,0,0.138,0.000,0.138
15104,-1,0,0.002,0.000,0.002
15105,-1,0,0.002,0.000,0.002
15106,-1,0,0.001,0.000,0.001
15107,-1,0,0.009,0.000,0.009
15108,-1,0,0.007,0.000,0.007
15109,-1,0,0.035,0.000,0.035
15110,-1,0,0.001,0.000,0.001
15111,-1,0,0.002,0.000,0.003
15112,-1,0,0.009,0.000,0.009
15113,-1,2,0.807,0.000,0.808
15114,-1,0,0.053,0.000,0.053
15115,-1,0,0.001,0.000,0.001
15116,-1,0,0.010,0.000,0.010
15117,-1,0,0.000,0.000,0.000
15118,-1,0,0.000,0.000,0.000
15119,-1,0,0.001,0.000,0.001
15120,-1,0,0.011,0.000,0.011
15121,-1,0,0.003,0.000,0.004
15122,-1,0,0.001,0.000,0.001
15123,-1,0,0.001,0.000,0.001
15124,-1,0,0.001,0.000,0.001
15125,-1,0,0.000,0.000,0.000
15126,-1,0,0.000,0.000,0.000
15127,-1,0,0.002,0.000,0.002
15128,-1,0,0.037,0.000,0.037
15129,-1,0,0.000,0.000,0.001
15130,-1,0,0.002,0.000,0.002
15131,-1,0,0.000,0.000,0.001
15132,-1,0,0.001,0.000,0.001
15133,-1,1,0.006,0.000,0.006
15134,-1,0,0.001,0.000,0.001
15135,-1,0,0.001,0.000,0.001
15136,-1,0,0.001,0.000,0.001
15137,-1,0,0.002,0.000,0.002
15138,-1,5,0.870,0.000,0.870
15139,-1,0,0.001,0.000,0.001
15140,-1,0,0.001,0.000,0.001
15141,-1,0,0.000,0.000,0.000
15142,-1,0,0.002,0.000,0.002
15143,-1,4,0.002,0.000,0.002
15144,-1,0,0.001,0.000,0.001
15145,-1,0,0.001,0.000,0.001
15146,-1,0,0.016,0.000,0.016
15147,-1,0,0.008,0.000,0.008
15148,-1,5,0.002,0.000,0.002
15149,-1,0,0.000,0.000,0.001
15150,-1,0,0.001,0.000,0.001
15151,-1,0,0.000,0.000,0.000
15152,-1,0,0.004,0.000,0.004
15153,-1,1,0.014,0.000,0.014
15154,-1,0,0.010,0.000,0.010
15155,-1,0,0.001,0.000,0.001
15156,-1,4,0.002,0.000,0.002
15157,-1,0,0.001,0.000,0.001
15158,-1,27,0.004,0.000,0.004
15159,-1,0,0.012,0.000,0.012
15160,-1,2,0.001,0.000,0.001
15161,-1,0,0.001,0.000,0.001
15162,-1,0,0.002,0.000,0.002
15163,-1,0,0.000,0.000,0.001
15164,-1,0,0.001,0.000,0.001
15165,-1,0,0.001,0.000,0.002
15166,-1,0,0.096,0.000,0.096
15167,-1,0,0.004,0.000,0.004
15168,-1,0,0.002,0.000,0.002
15169,-1,0,0.003,0.000,0.003
15170,-1,0,0.010,0.000,0.010
15171,-1,0,0.003,0.000,0.003
15172,-1,0,0.001,0.000,0.001
15173,-1,2,0.001,0.000,0.001
15174,-1,0,0.003,0.000,0.003
15175,-1,0,0.003,0.000,0.003
15176,-1,0,0.003,0.000,0.003
15177,-1,0,0.015,0.000,0.015
15178,-1,0,0.001,0.000,0.001
15179,-1,0,0.002,0.000,0.002
15180,-1,0,0.002,0.000,0.002
15181,-1,0,0.001,0.000,0.001
15182,-1,0,0.399,0.000,0.399
15183,-1,0,0.001,0.000,0.001
15184,-1,0,0.003,0.000,0.003
15185,-1,0,0.000,0.000,0.001
15186,-1,1,0.195,0.000,0.195
15187,-1,0,0.002,0.000,0.002
15188,-1,0,0.001,0.000,0.001
15189,-1,1,0.001,0.000,0.001
15190,-1,0,0.001,0.000,0.001
15191,-1,0,0.048,0.000,0.048
15192,-1,1,0.001,0.000,0.001
15193,-1,0,0.001,0.000,0.001
15194,-1,0,0.001,0.000,0.001
15195,-1,0,0.002,0.000,0.002
15196,-1,0,0.003,0.000,0.003
15197,-1,0,0.003,0.000,0.003
15198,-1,0,0.022,0.000,0.022
15199,-1,0,0.004,0.000,0.004
15200,-1,10,1.361,0.000,1.361
15201,-1,0,0.058,0.000,0.058
15202,-1,0,0.001,0.000,0.001
15203,-1,0,0.000,0.000,0.001
15204,-1,1,0.016,0.000,0.016
15205,-1,0,0.008,0.000,0.008
15206,-1,0,0.000,0.000,0.000
15207,-1,29,0.006,0.000,0.006
15208,-1,0,0.003,0.000,0.003
15209,-1,0,0.002,0.000,0.002
15210,-1,4,0.467,0.000,0.467
15211,-1,0,0.003,0.000,0.003
15212,-1,0,0.001,0.000,0.001
15213,-1,4,0.002,0.000,0.002
15214,-1,0,0.000,0.000,0.000
15215,-1,5,0.002,0.000,0.002
15216,-1,0,0.001,0.000,0.001
15217,-1,0,0.001,0.000,0.001
15218,-1,0,0.001,0.000,0.001
15219,-1,23,0.003,0.000,0.003
15220,-1,2,0.001,0.000,0.001
15221,-1,1,0.013,0.000,0.013
15222,-1,0,0.002,0.000,0.002
15223,-1,0,0.001,0.000,0.001
15224,-1,0,0.000,0.000,0.001
15225,-1,1,0.001,0.000,0.001
15226,-1,0,0.010,0.000,0.010
15227,-1,0,0.001,0.000,0.001
15228,-1,0,0.002,0.000,0.002
15229,-1,0,0.000,0.000,0.000
15230,-1,3,0.001,0.000,0.001
15231,-1,0,0.001,0.000,0.001
15232,-1,0,0.007,0.000,0.007
15233,-1,0,0.004,0.000,0.004
15234,-1,0,0.003,0.000,0.003
15235,-1,0,0.000,0.000,0.001
15236,-1,0,0.001,0.000,0.001
15237,-1,0,0.009,0.000,0.009
15238,-1,0,0.003,0.000,0.003
15239,-1,0,0.014,0.000,0.014
15240,-1,0,0.000,0.000,0.000
15241,-1,3,0.001,0.000,0.001
15242,-1,1,0.040,0.000,0.040
15243,-1,2,0.247,0.000,0.248
15244,-1,1,0.210,0.000,0.211
15245,-1,0,0.001,0.000,0.001
15246,-1,0,0.167,0.000,0.167
15247,-1,0,0.001,0.000,0.001
15248,-1,0,0.001,0.000,0.001
15249,-1,0,0.003,0.000,0.003
15250,-1,0,0.003,0.000,0.003
15251,-1,0,0.001,0.000,0.001
15252,-1,0,0.002,0.000,0.002
15253,-1,0,0.000,0.000,0.000
15254,-1,0,0.001,0.000,0.001
15255,-1,0,0.003,0.000,0.003
15256,-1,0,0.003,0.000,0.003
15257,-1,0,0.001,0.000,0.001
15258,-1,0,0.001,0.000,0.001
15259,-1,2,0.001,0.000,0.001
15260,-1,0,0.000,0.000,0.000
15261,-1,0,0.002,0.000,0.002
15262,-1,0,0.001,0.000,0.001
15263,-1,6,0.002,0.000,0.002
15264,-1,0,0.011,0.000,0.011
15265,-1,0,0.003,0.000,0.003
15266,-1,0,0.116,0.000,0.116
15267,-1,30,0.004,0.000,0.004
15268,-1,0,0.000,0.000,0.000
15269,-1,1,0.171,0.000,0.171
15270,-1,0,0.010,0.000,0.010
15271,-1,0,0.003,0.000,0.003
15272,-1,0,0.001,0.000,0.001
15273,-1,0,0.001,0.000,0.001
15274,-1,0,0.007,0.000,0.007
15275,-1,0,0.001,0.000,0.001
15276,-1,0,0.002,0.000,0.002
15277,-1,0,0.035,0.000,0.035
15278,-1,0,0.001,0.000,0.001
15279,-1,84,0.013,0.000,0.013
15280,-1,0,0.000,0.000,0.001
15281,-1,0,0.000,0.000,0.000
15282,-1,0,0.001,0.000,0.001
15283,-1,0,0.000,0.000,0.000
15284,-1,0,0.001,0.000,0.001
15285,-1,0,0.001,0.000,0.001
15286,-1,0,0.001,0.000,0.001
15287,-1,0,0.045,0.000,0.045
15288,-1,1,0.067,0.000,0.067
15289,-1,0,0.001,0.000,0.001
15290,-1,0,0.000,0.000,0.001
15291,-1,0,0.001,0.000,0.001
15292,-1,0,0.001,0.000,0.001
15293,-1,4,0.002,0.000,0.002
15294,-1,0,0.001,0.000,0.001
15295,-1,0,0.001,0.000,0.001
15296,-1,0,0.001,0.000,0.001
15297,-1,0,0.000,0.000,0.001
15298,-1,0,0.001,0.000,0.001
15299,-1,1,0.014,0.000,0.014
15300,-1,0,0.000,0.000,0.000
15301,-1,4,0.002,0.000,0.002
15302,-1,1,0.001,0.000,0.001
15303,-1,0,0.000,0.000,0.000
15304,-1,0,0.000,0.000,0.000
15305,-1,0,0.003,0.000,0.003
15306,-1,0,0.001,0.000,0.001
15307,-1,0,0.001,0.000,0.001
15308,-1,0,0.004,0.000,0.004
15309,-1,0,0.009,0.000,0.009
15310,-1,0,0.017,0.000,0.017
15311,-1,0,0.012,0.000,0.012
15312,-1,0,0.001,0.000,0.001
15313,-1,0,0.001,0.000,0.001
15314,-1,0,0.043,0.000,0.044
15315,-1,0,0.000,0.000,0.000
15316,-1,0,0.010,0.000,0.010
15317,-1,0,0.011,0.000,0.011
15318,-1,0,0.001,0.000,0.001
15319,-1,1,0.016,0.000,0.016
15320,-1,0,0.011,0.000,0.011
15321,-1,0,0.007,0.000,0.008
15322,-1,2,0.001,0.000,0.001
15323,-1,0,0.003,0.000,0.003
15324,-1,0,0.010,0.000,0.010
15325,-1,0,0.005,0.000,0.005
15326,-1,0,0.003,0.000,0.003
15327,-1,0,0.005,0.000,0.005
15328,-1,0,0.000,0.000,0.001
15329,-1,0,0.001,0.000,0.001
15330,-1,0,0.001,0.000,0.001
15331,-1,1,0.005,0.000,0.005
15332,-1,0,0.004,0.000,0.004
15333,-1,0,0.001,0.000,0.001
15334,-1,0,0.001,0.000,0.001
15335,-1,0,0.040,0.000,0.040
15336,-1,0,0.001,0.000,0.001
15337,-1,0,0.000,0.000,0.000
15338,-1,0,0.002,0.000,0.003
15339,-1,0,0.001,0.000,0.001
15340,-1,0,0.008,0.000,0.008
15341,-1,4,0.001,0.000,0.001
15342,-1,0,0.007,0.000,0.007
15343,-1,0,0.000,0.000,0.001
15344,-1,0,0.002,0.000,0.002
15345,-1,0,0.000,0.000,0.001
15346,-1,12,0.003,0.000,0.003
15347,-1,4,0.001,0.000,0.001
15348,-1,0,0.003,0.000,0.003
15349,-1,6,0.002,0.000,0.002
15350,-1,0,0.008,0.000,0.008
15351,-1,0,0.008,0.000,0.008
15352,-1,0,0.001,0.000,0.001
15353,-1,0,0.002,0.000,0.002
15354,-1,0,0.059,0.000,0.059
15355,-1,0,0.002,0.000,0.002
15356,-1,0,0.006,0.000,0.006
15357,-1,2,0.227,0.000,0.227
15358,-1,0,0.010,0.000,0.010
15359,-1,0,0.021,0.000,0.021
15360,-1,0,0.001,0.000,0.001
15361,-1,1,0.001,0.000,0.001
15362,-1,0,0.181,0.000,0.181
15363,-1,0,0.000,0.000,0.000
15364,-1,0,0.001,0.000,0.001
15365,-1,0,0.008,0.000,0.008
15366,-1,0,0.004,0.000,0.004
15367,-1,0,0.003,0.000,0.003
15368,-1,0,0.000,0.000,0.000
15369,-1,0,0.003,0.000,0.003
15370,-1,0,0.008,0.000,0.008
15371,-1,0,0.000,0.000,0.000
15372,-1,0,0.026,0.000,0.026
15373,-1,0,0.002,0.000,0.002
15374,-1,0,0.009,0.000,0.009
15375,-1,2,0.001,0.000,0.001
15376,-1,0,0.000,0.000,0.001
15377,-1,20,0.004,0.000,0.004
15378,-1,3,0.002,0.000,0.002
15379,-1,0,0.005,0.000,0.006
15380,-1,4,0.001,0.000,0.001
15381,-1,0,0.001,0.000,0.001
15382,-1,0,0.002,0.000,0.002
15383,-1,0,0.003,0.000,0.003
15384,-1,24,0.004,0.000,0.004
15385,-1,0,0.017,0.000,0.017
15386,-1,0,0.000,0.000,0.001
15387,-1,0,0.009,0.000,0.009
15388,-1,0,0.002,0.000,0.002
15389,-1,0,0.000,0.000,0.000
15390,-1,0,0.000,0.000,0.001
15391,-1,0,0.059,0.000,0.059
15392,-1,0,0.001,0.000,0.001
15393,-1,0,0.359,0.000,0.360
15394,-1,0,0.002,0.000,0.002
15395,-1,0,0.014,0.000,0.014
15396,-1,0,0.001,0.000,0.001
15397,-1,0,0.000,0.000,0.000
15398,-1,2,0.001,0.000,0.001
15399,-1,2,0.293,0.000,0.293
15400,-1,0,0.001,0.000,0.001
15401,-1,0,0.158,0.000,0.158
15402,-1,0,0.002,0.000,0.002
15403,-1,0,0.002,0.000,0.002
15404,-1,0,0.007,0.000,0.008
15405,-1,0,0.001,0.000,0.001
15406,-1,0,0.001,0.000,0.001
15407,-1,1,0.423,0.000,0.423
15408,-1,0,0.016,0.000,0.016
15409,-1,0,0.002,0.000,0.002
15410,-1,0,0.015,0.000,0.015
15411,-1,0,0.002,0.000,0.002
15412,-1,0,0.001,0.000,0.001
15413,-1,2,0.838,0.000,0.838
15414,-1,0,0.001,0.000,0.001
15415,-1,0,0.000,0.000,0.001
15416,-1,0,0.001,0.000,0.001
15417,-1,4,0.002,0.000,0.002
15418,-1,0,0.001,0.000,0.001
15419,-1,0,0.045,0.000,0.045
15420,-1,1,0.101,0.000,0.101
15421,-1,0,0.007,0.000,0.007
15422,-1,0,0.007,0.000,0.007
15423,-1,5,0.002,0.000,0.002
15424,-1,0,0.001,0.000,0.001
15425,-1,0,0.003,0.000,0.003
15426,-1,0,0.001,0.000,0.001
15427,-1,0,0.024,0.000,0.024
15428,-1,0,0.003,0.000,0.003
15429,-1,0,0.003,0.000,0.003
15430,-1,0,0.011,0.000,0.011
15431,-1,0,0.013,0.000,0.013
15432,-1,0,0.001,0.000,0.001
15433,-1,27,0.004,0.000,0.005
15434,-1,0,0.001,0.000,0.001
15435,-1,0,0.152,0.000,0.152
15436,-1,4,0.653,0.000,0.653
15437,-1,0,0.010,0.000,0.010
15438,-1,0,0.429,0.000,0.429
15439,-1,0,0.002,0.000,0.002
15440,-1,0,0.014,0.000,0.014
15441,-1,0,0.004,0.000,0.004
15442,-1,10,1.508,0.000,1.508
15443,-1,2,0.001,0.000,0.002
15444,-1,0,0.001,0.000,0.001
15445,-1,0,0.004,0.000,0.004
15446,-1,10,1.531,0.000,1.532
15447,-1,5,1.079,0.000,1.079
15448,-1,0,0.001,0.000,0.001
15449,-1,0,0.022,0.000,0.022
15450,-1,6,0.003,0.000,0.003
15451,-1,0,0.210,0.000,0.210
15452,-1,0,0.001,0.000,0.001
15453,-1,0,0.010,0.000,0.010
15454,-1,0,0.001,0.000,0.001
15455,-1,0,0.000,0.000,0.001
15456,-1,0,0.001,0.000,0.001
15457,-1,0,0.002,0.000,0.002
15458,-1,0,0.001,0.000,0.001
15459,-1,0,0.023,0.000,0.023
15460,-1,0,0.006,0.000,0.006
15461,-1,0,0.001,0.000,0.001
15462,-1,8,0.003,0.000,0.003
15463,-1,0,0.001,0.000,0.001
15464,-1,2,0.001,0.000,0.001
15465,-1,0,0.025,0.000,0.025
15466,-1,0,0.253,0.000,0.253
15467,-1,0,0.003,0.000,0.003
15468,-1,0,0.004,0.000,0.004
15469,-1,4,0.002,0.000,0.002
15470,-1,1,0.001,0.000,0.001
15471,-1,0,0.053,0.000,0.053
15472,-1,0,0.001,0.000,0.001
15473,-1,0,0.001,0.000,0.001
15474,-1,0,0.012,0.000,0.012
15475,-1,1,0.001,0.000,0.001
15476,-1,0,0.003,0.000,0.003
15477,-1,0,0.062,0.000,0.062
15478,-1,0,0.001,0.000,0.001
15479,-1,2,0.002,0.000,0.002
15480,-1,0,0.012,0.000,0.012
15481,-1,1,0.004,0.000,0.005
15482,-1,0,0.001,0.000,0.001
15483,-1,0,0.002,0.000,0.003
15484,-1,1,0.102,0.000,0.103
15485,-1,0,0.053,0.000,0.053
15486,-1,1,0.208,0.000,0.208
15487,-1,0,0.013,0.000,0.013
15488,-1,170,0.032,0.000,0.032
15489,-1,0,0.000,0.000,0.001
15490,-1,0,0.001,0.000,0.001
15491,-1,0,0.001,0.000,0.001
15492,-1,0,0.029,0.000,0.029
15493,-1,0,0.001,0.000,0.001
15494,-1,0,0.003,0.000,0.003
15495,-1,0,0.014,0.000,0.014
15496,-1,0,0.001,0.000,0.001
15497,-1,0,0.002,0.000,0.002
15498,-1,0,0.002,0.000,0.002
15499,-1,0,0.003,0.000,0.003
15500,-1,0,0.007,0.000,0.007
15501,-1,0,0.001,0.000,0.001
15502,-1,0,0.001,0.000,0.001
15503,-1,5,1.042,0.000,1.042
15504,-1,0,0.010,0.000,0.010
15505,-1,0,0.004,0.000,0.004
15506,-1,0,0.002,0.000,0.002
15507,-1,1,0.444,0.000,0.445
15508,-1,0,0.009,0.000,0.010
15509,-1,0,0.000,0.000,0.000
15510,-1,0,0.003,0.000,0.003
15511,-1,0,0.013,0.000,0.013
15512,-1,0,0.001,0.000,0.001
15513,-1,0,0.005,0.000,0.005
15514,-1,0,0.000,0.000,0.000
15515,-1,0,0.001,0.000,0.001
15516,-1,0,0.005,0.000,0.005
15517,-1,0,0.014,0.000,0.014
15518,-1,0,0.004,0.000,0.004
15519,-1,0,0.000,0.000,0.000
15520,-1,0,0.001,0.000,0.001
15521,-1,0,0.000,0.000,0.001
15522,-1,0,0.001,0.000,0.001
15523,-1,0,0.003,0.000,0.003
15524,-1,0,0.001,0.000,0.001
15525,-1,0,0.015,0.000,0.015
15526,-1,1,0.001,0.000,0.001
15527,-1,0,0.013,0.000,0.013
15528,-1,0,0.003,0.000,0.004
15529,-1,25,0.007,0.000,0.007
15530,-1,0,0.010,0.000,0.010
15531,-1,0,0.001,0.000,0.001
15532,-1,0,0.001,0.000,0.001
15533,-1,0,0.001,0.000,0.001
15534,-1,5,0.002,0.000,0.002
15535,-1,0,0.001,0.000,0.001
15536,-1,0,0.009,0.000,0.009
15537,-1,0,0.010,0.000,0.010
15538,-1,0,0.022,0.000,0.022
15539,-1,3,0.001,0.000,0.001
15540,-1,0,0.003,0.000,0.003
15541,-1,2,0.001,0.000,0.001
15542,-1,0,0.003,0.000,0.003
15543,-1,0,0.007,0.000,0.008
15544,-1,0,0.003,0.000,0.003
15545,-1,0,0.001,0.000,0.001
15546,-1,0,0.005,0.000,0.005
15547,-1,0,0.148,0.000,0.148
15548,-1,0,0.001,0.000,0.001
15549,-1,0,0.001,0.000,0.001
15550,-1,2,0.951,0.000,0.951
15551,-1,0,0.001,0.000,0.001
15552,-1,5,0.002,0.000,0.002
15553,-1,0,0.008,0.000,0.008
15554,-1,0,0.009,0.000,0.009
15555,-1,0,0.012,0.000,0.012
15556,-1,0,0.011,0.000,0.012
15557,-1,0,0.000,0.000,0.000
15558,-1,0,0.008,0.000,0.008
15559,-1,0,0.010,0.000,0.010
15560,-1,0,0.000,0.000,0.001
15561,-1,1,0.212,0.000,0.212
15562,-1,0,0.000,0.000,0.000
15563,-1,2,0.042,0.000,0.042
15564,-1,0,0.001,0.000,0.001
15565,-1,0,0.000,0.000,0.001
15566,-1,0,0.005,0.000,0.005
15567,-1,0,0.001,0.000,0.001
15568,-1,0,0.001,0.000,0.001
15569,-1,0,0.001,0.000,0.001
15570,-1,0,0.000,0.000,0.000
15571,-1,0,0.068,0.000,0.068
15572,-1,0,0.000,0.000,0.000
15573,-1,0,0.004,0.000,0.004
15574,-1,2,0.001,0.000,0.001
15575,-1,0,0.154,0.000,0.154
15576,-1,0,0.003,0.000,0.003
15577,-1,0,0.019,0.000,0.019
15578,-1,0,0.002,0.000,0.002
15579,-1,1,0.466,0.000,0.467
15580,-1,0,0.001,0.000,0.001
15581,-1,0,0.005,0.000,0.005
15582,-1,0,0.001,0.000,0.002
15583,-1,3,0.001,0.000,0.002
15584,-1,0,0.000,0.000,0.001
15585,-1,4,0.002,0.000,0.002
15586,-1,0,0.009,0.000,0.009
15587,-1,34,0.005,0.000,0.005
15588,-1,0,0.001,0.000,0.001
15589,-1,0,0.036,0.000,0.036
15590,-1,0,0.001,0.000,0.001
15591,-1,0,0.001,0.000,0.001
15592,-1,0,0.001,0.000,0.001
15593,-1,0,0.001,0.000,0.001
15594,-1,0,0.000,0.000,0.000
15595,-1,0,0.000,0.000,0.001
15596,-1,0,0.002,0.000,0.002
15597,-1,0,0.001,0.000,0.001
15598,-1,23,0.004,0.000,0.004
15599,-1,0,0.004,0.000,0.004
15600,-1,0,0.004,0.000,0.004
15601,-1,0,0.002,0.000,0.002
15602,-1,0,0.002,0.000,0.002
15603,-1,0,0.002,0.000,0.002
15604,-1,0,0.001,0.000,0.001
15605,-1,0,0.008,0.000,0.008
15606,-1,0,0.003,0.000,0.003
15607,-1,0,0.001,0.000,0.002
15608,-1,0,0.007,0.000,0.007
15609,-1,0,0.002,0.000,0.003
15610,-1,0,0.002,0.000,0.002
15611,-1,0,0.007,0.000,0.007
15612,-1,0,0.001,0.000,0.001
15613,-1,0,0.003,0.000,0.004
15614,-1,0,0.002,0.000,0.002
15615,-1,0,0.004,0.000,0.004
15616,-1,0,0.001,0.000,0.001
15617,-1,0,0.003,0.000,0.003
15618,-1,0,0.015,0.000,0.015
15619,-1,0,0.055,0.000,0.055
15620,-1,0,0.005,0.000,0.005
15621,-1,0,0.002,0.000,0.003
15622,-1,0,0.016,0.000,0.016
15623,-1,0,0.001,0.000,0.001
15624,-1,0,0.005,0.000,0.005
15625,-1,0,0.001,0.000,0.001
15626,-1,0,0.001,0.000,0.001
15627,-1,0,0.002,0.000,0.003
15628,-1,0,0.001,0.000,0.001
15629,-1,0,0.002,0.000,0.002
15630,-1,0,0.001,0.000,0.001
15631,-1,0,0.002,0.000,0.002
15632,-1,0,0.001,0.000,0.001
15633,-1,0,0.002,0.000,0.002
15634,-1,0,0.001,0.000,0.002
15635,-1,0,0.011,0.000,0.011
15636,-1,0,0.001,0.000,0.001
15637,-1,1,0.027,0.000,0.027
15638,-1,1,0.184,0.000,0.184
15639,-1,0,0.052,0.000,0.052
15640,-1,0,0.001,0.000,0.001
15641,-1,1,0.012,0.000,0.012
15642,-1,0,0.000,0.000,0.000
15643,-1,0,0.008,0.000,0.008
15644,-1,0,0.001,0.000,0.001
15645,-1,7,0.002,0.000,0.002
15646,-1,0,0.016,0.000,0.016
15647,-1,0,0.001,0.000,0.001
15648,-1,0,0.000,0.000,0.001
15649,-1,0,0.000,0.000,0.000
15650,-1,0,0.008,0.000,0.008
15651,-1,0,0.001,0.000,0.001
15652,-1,0,0.001,0.000,0.001
15653,-1,0,0.000,0.000,0.001
15654,-1,1,0.462,0.000,0.462
15655,-1,0,0.002,0.000,0.002
15656,-1,0,0.036,0.000,0.036
15657,-1,0,0.003,0.000,0.003
15658,-1,0,0.061,0.000,0.061
15659,-1,0,0.014,0.000,0.014
15660,-1,1,0.005,0.000,0.005
15661,-1,0,0.009,0.000,0.009
15662,-1,0,0.000,0.000,0.001
15663,-1,0,0.001,0.000,0.001
15664,-1,0,0.009,0.000,0.009
15665,-1,0,0.001,0.000,0.001
15666,-1,0,0.006,0.000,0.006
15667,-1,0,0.039,0.000,0.039
15668,-1,0,0.001,0.000,0.001
15669,-1,0,0.009,0.000,0.009
15670,-1,0,0.010,0.000,0.010
15671,-1,0,0.005,0.000,0.005
15672,-1,0,0.009,0.000,0.009
15673,-1,0,0.003,0.000,0.003
15674,-1,0,0.003,0.000,0.003
15675,-1,3,0.001,0.000,0.001
15676,-1,0,0.003,0.000,0.004
15677,-1,0,0.066,0.000,0.067
15678,-1,0,0.000,0.000,0.001
15679,-1,2,0.856,0.000,0.856
15680,-1,0,0.001,0.000,0.001
15681,-1,0,0.004,0.000,0.004
15682,-1,0,0.002,0.000,0.002
15683,-1,0,0.009,0.000,0.009
15684,-1,0,0.001,0.000,0.001
15685,-1,0,0.004,0.000,0.004
15686,-1,0,0.000,0.000,0.000
15687,-1,0,0.094,0.000,0.094
15688,-1,0,0.004,0.000,0.004
15689,-1,0,0.000,0.000,0.000
15690,-1,0,0.008,0.000,0.008
15691,-1,0,0.000,0.000,0.001
15692,-1,0,0.004,0.000,0.004
15693,-1,0,0.006,0.000,0.006
15694,-1,0,0.002,0.000,0.002
15695,-1,1,0.276,0.000,0.276
15696,-1,1,0.001,0.000,0.001
15697,-1,0,0.056,0.000,0.056
15698,-1,0,0.423,0.000,0.423
15699,-1,0,0.005,0.000,0.005
15700,-1,0,0.009,0.000,0.009
15701,-1,4,0.001,0.000,0.001
15702,-1,0,0.003,0.000,0.003
15703,-1,0,0.009,0.000,0.009
15704,-1,0,0.004,0.000,0.004
15705,-1,0,0.159,0.000,0.159
15706,-1,0,0.001,0.000,0.001
15707,-1,0,0.017,0.000,0.017
15708,-1,0,0.013,0.000,0.014
15709,-1,0,0.000,0.000,0.001
15710,-1,0,0.011,0.000,0.011
15711,-1,0,0.001,0.000,0.001
15712,-1,0,0.077,0.000,0.077
15713,-1,0,0.000,0.000,0.000
15714,-1,0,0.003,0.000,0.003
15715,-1,0,0.001,0.000,0.001
15716,-1,0,0.001,0.000,0.001
15717,-1,20,0.004,0.000,0.004
15718,-1,0,0.000,0.000,0.000
15719,-1,0,0.007,0.000,0.007
15720,-1,0,0.001,0.000,0.001
15721,-1,0,0.032,0.000,0.032
15722,-1,0,0.001,0.000,0.001
15723,-1,5,0.867,0.000,0.867
15724,-1,0,0.001,0.000,0.001
15725,-1,1,0.001,0.000,0.001
15726,-1,0,0.000,0.000,0.001
15727,-1,0,0.002,0.000,0.002
15728,-1,1,0.001,0.000,0.001
15729,-1,0,0.000,0.000,0.000
15730,-1,0,0.000,0.000,0.001
15731,-1,0,0.002,0.000,0.002
15732,-1,1,0.263,0.000,0.263
15733,-1,0,0.010,0.000,0.010
15734,-1,0,0.004,0.000,0.004
15735,-1,0,0.001,0.000,0.001
15736,-1,0,0.001,0.000,0.001
15737,-1,0,0.002,0.000,0.002
15738,-1,0,0.004,0.000,0.004
15739,-1,0,0.001,0.000,0.001
15740,-1,5,0.991,0.000,0.991
15741,-1,0,0.012,0.000,0.012
15742,-1,10,1.745,0.000,1.745
15743,-1,1,0.001,0.000,0.001
15744,-1,5,1.082,0.000,1.082
15745,-1,0,0.004,0.000,0.004
15746,-1,1,0.001,0.000,0.001
15747,-1,0,0.001,0.000,0.001
15748,-1,0,0.001,0.000,0.001
15749,-1,0,0.001,0.000,0.001
15750,-1,0,0.001,0.000,0.001
15751,-1,0,0.001,0.000,0.001
15752,-1,0,0.044,0.000,0.044
15753,-1,0,0.001,0.000,0.001
15754,-1,1,0.591,0.000,0.592
15755,-1,1,0.001,0.000,0.001
15756,-1,0,0.013,0.000,0.013
15757,-1,2,0.001,0.000,0.002
15758,-1,0,0.001,0.000,0.001
15759,-1,0,0.003,0.000,0.004
15760,-1,0,0.001,0.000,0.001
15761,-1,0,0.005,0.000,0.005
15762,-1,0,0.012,0.000,0.012
15763,-1,0,0.011,0.000,0.011
15764,-1,0,0.000,0.000,0.001
15765,-1,0,0.001,0.000,0.001
15766,-1,0,0.015,0.000,0.015
15767,-1,0,0.001,0.000,0.001
15768,-1,0,0.001,0.000,0.001
15769,-1,0,0.001,0.000,0.001
15770,-1,0,0.002,0.000,0.002
15771,-1,0,0.016,0.000,0.016
15772,-1,0,0.001,0.000,0.001
15773,-1,0,0.081,0.000,0.081
15774,-1,0,0.003,0.000,0.003
15775,-1,0,0.005,0.000,0.005
15776,-1,0,0.001,0.000,0.001
15777,-1,0,0.001,0.000,0.001
15778,-1,0,0.009,0.000,0.009
15779,-1,0,0.001,0.000,0.001
15780,-1,0,0.003,0.000,0.003
15781,-1,0,0.000,0.000,0.001
15782,-1,0,0.001,0.000,0.001
15783,-1,1,0.278,0.000,0.278
15784,-1,0,0.000,0.000,0.000
15785,-1,2,0.001,0.000,0.001
15786,-1,1,0.013,0.000,0.013
15787,-1,0,0.004,0.000,0.004
15788,-1,0,0.001,0.000,0.001
15789,-1,0,0.003,0.000,0.003
15790,-1,0,0.003,0.000,0.003
15791,-1,4,0.002,0.000,0.002
15792,-1,0,0.006,0.000,0.006
15793,-1,0,0.009,0.000,0.009
15794,-1,0,0.015,0.000,0.015
15795,-1,4,0.511,0.000,0.512
15796,-1,0,0.003,0.000,0.003
15797,-1,0,0.001,0.000,0.001
15798,-1,0,0.036,0.000,0.036
15799,-1,0,0.001,0.000,0.001
15800,-1,0,0.003,0.000,0.003
15801,-1,1,0.014,0.000,0.014
15802,-1,0,0.001,0.000,0.001
15803,-1,0,0.000,0.000,0.000
15804,-1,0,0.003,0.000,0.003
15805,-1,0,0.001,0.000,0.001
15806,-1,1,0.171,0.000,0.171
15807,-1,0,0.003,0.000,0.003
15808,-1,3,0.001,0.000,0.001
15809,-1,0,0.000,0.000,0.000
15810,-1,0,0.010,0.000,0.010
15811,-1,4,0.002,0.000,0.002
15812,-1,0,0.001,0.000,0.001
15813,-1,0,0.005,0.000,0.005
15814,-1,0,0.001,0.000,0.001
15815,-1,7,0.002,0.000,0.002
15816,-1,0,0.001,0.000,0.001
15817,-1,0,0.008,0.000,0.008
15818,-1,0,0.158,0.000,0.158
15819,-1,1,0.001,0.000,0.001
15820,-1,0,0.002,0.000,0.002
15821,-1,0,0.008,0.000,0.008
15822,-1,0,0.007,0.000,0.007
15823,-1,0,0.003,0.000,0.003
15824,-1,0,0.001,0.000,0.001
15825,-1,0,0.001,0.000,0.001
15826,-1,19,0.004,0.000,0.004
15827,-1,0,0.001,0.000,0.001
15828,-1,0,0.000,0.000,0.000
15829,-1,0,0.006,0.000,0.006
15830,-1,0,0.001,0.000,0.001
15831,-1,0,0.003,0.000,0.003
15832,-1,0,0.001,0.000,0.001
15833,-1,1,0.001,0.000,0.001
15834,-1,0,0.001,0.000,0.001
15835,-1,1,0.001,0.000,0.001
15836,-1,0,0.005,0.000,0.005
15837,-1,0,0.000,0.000,0.000
15838,-1,0,0.000,0.000,0.000
15839,-1,0,0.008,0.000,0.008
15840,-1,0,0.008,0.000,0.009
15841,-1,8,0.002,0.000,0.002
15842,-1,0,0.011,0.000,0.011
15843,-1,0,0.005,0.000,0.005
15844,-1,0,0.001,0.000,0.001
15845,-1,0,0.008,0.000,0.008
15846,-1,0,0.026,0.000,0.026
15847,-1,0,0.013,0.000,0.014
15848,-1,0,0.001,0.000,0.001
15849,-1,0,0.002,0.000,0.002
15850,-1,4,0.001,0.000,0.001
15851,-1,0,0.000,0.000,0.000
15852,-1,1,0.001,0.000,0.001
15853,-1,0,0.022,0.000,0.023
15854,-1,0,0.001,0.000,0.001
15855,-1,0,0.007,0.015,0.022
15856,-1,0,0.001,0.000,0.001
15857,-1,0,0.018,0.000,0.018
15858,-1,0,0.001,0.000,0.001
15859,-1,0,0.003,0.000,0.003
15860,-1,1,0.052,0.000,0.052
15861,-1,0,0.001,0.000,0.001
15862,-1,5,0.951,0.000,0.951
15863,-1,0,0.016,0.000,0.016
15864,-1,0,0.005,0.000,0.005
15865,-1,0,0.003,0.000,0.003
15866,-1,0,0.023,0.000,0.023
15867,-1,0,0.000,0.000,0.001
15868,-1,0,0.001,0.000,0.002
15869,-1,0,0.019,0.000,0.019
15870,-1,10,1.581,0.000,1.581
15871,-1,23,0.004,0.000,0.004
15872,-1,0,0.001,0.000,0.001
15873,-1,0,0.012,0.000,0.013
15874,-1,0,0.004,0.000,0.004
15875,-1,0,0.004,0.000,0.004
15876,-1,0,0.002,0.000,0.002
15877,-1,0,0.004,0.000,0.004
15878,-1,0,0.011,0.000,0.011
15879,-1,0,0.001,0.000,0.001
15880,-1,0,0.001,0.000,0.001
15881,-1,0,0.008,0.000,0.008
15882,-1,0,0.081,0.000,0.081
15883,-1,0,0.001,0.000,0.001
15884,-1,0,0.005,0.000,0.005
15885,-1,0,0.052,0.000,0.053
15886,-1,0,0.004,0.000,0.004
15887,-1,0,0.010,0.000,0.010
15888,-1,0,0.000,0.000,0.001
15889,-1,1,0.001,0.000,0.001
15890,-1,0,0.005,0.000,0.005
15891,-1,1,0.015,0.000,0.015
15892,-1,0,0.004,0.000,0.004
15893,-1,0,0.004,0.000,0.004
15894,-1,0,0.042,0.000,0.042
15895,-1,4,0.002,0.000,0.002
15896,-1,0,0.000,0.000,0.000
15897,-1,0,0.002,0.000,0.002
15898,-1,0,0.024,0.000,0.024
15899,-1,0,0.001,0.000,0.001
15900,-1,0,0.008,0.000,0.008
15901,-1,0,0.002,0.000,0.002
15902,-1,2,0.002,0.000,0.002
15903,-1,0,0.001,0.000,0.001
15904,-1,0,0.016,0.000,0.016
15905,-1,0,0.001,0.000,0.002
15906,-1,0,0.001,0.000,0.001
15907,-1,0,0.025,0.000,0.025
15908,-1,0,0.003,0.000,0.003
15909,-1,0,0.001,0.000,0.001
15910,-1,1,0.001,0.000,0.001
15911,-1,0,0.004,0.000,0.004
15912,-1,0,0.016,0.000,0.016
15913,-1,0,0.000,0.000,0.000
15914,-1,0,0.322,0.000,0.322
15915,-1,0,0.007,0.000,0.008
15916,-1,0,0.002,0.000,0.002
15917,-1,0,0.001,0.000,0.001
15918,-1,0,0.007,0.000,0.007
15919,-1,0,0.004,0.000,0.004
15920,-1,0,0.014,0.000,0.014
15921,-1,0,0.001,0.000,0.001
15922,-1,0,0.006,0.000,0.006
15923,-1,1,0.058,0.000,0.058
15924,-1,0,0.003,0.000,0.003
15925,-1,0,0.001,0.000,0.001
15926,-1,0,0.131,0.000,0.131
15927,-1,0,0.003,0.000,0.003
15928,-1,0,0.003,0.000,0.003
15929,-1,0,0.015,0.000,0.015
15930,-1,0,0.137,0.000,0.137
15931,-1,0,0.008,0.000,0.008
15932,-1,0,0.054,0.000,0.054
15933,-1,0,0.001,0.000,0.001
15934,-1,0,0.000,0.000,0.001
15935,-1,0,0.001,0.000,0.001
15936,-1,0,0.000,0.000,0.001
15937,-1,0,0.001,0.000,0.001
15938,-1,1,0.076,0.000,0.076
15939,-1,0,0.007,0.000,0.007
15940,-1,0,0.001,0.000,0.001
15941,-1,0,0.003,0.000,0.003
15942,-1,0,0.003,0.000,0.003
15943,-1,2,0.001,0.000,0.001
15944,-1,1,0.001,0.000,0.001
15945,-1,0,0.001,0.000,0.001
15946,-1,1,0.009,0.000,0.009
15947,-1,0,0.146,0.000,0.146
15948,-1,0,0.006,0.000,0.006
15949,-1,0,0.001,0.000,0.001
15950,-1,0,0.001,0.000,0.001
15951,-1,0,0.001,0.000,0.001
15952,-1,0,0.001,0.000,0.001
15953,-1,0,0.001,0.000,0.001
15954,-1,0,0.038,0.000,0.038
15955,-1,23,0.004,0.000,0.004
15956,-1,0,0.001,0.000,0.001
15957,-1,0,0.001,0.000,0.001
15958,-1,0,0.000,0.000,0.000
15959,-1,0,0.010,0.000,0.010
15960,-1,0,0.001,0.000,0.001
15961,-1,0,0.003,0.000,0.003
15962,-1,2,0.001,0.000,0.001
15963,-1,0,0.001,0.000,0.001
15964,-1,0,0.004,0.000,0.004
15965,-1,0,0.001,0.000,0.001
15966,-1,1,0.046,0.000,0.046
15967,-1,0,0.061,0.000,0.061
15968,-1,0,0.021,0.000,0.021
15969,-1,0,0.022,0.000,0.023
15970,-1,0,0.000,0.000,0.000
15971,-1,0,0.008,0.000,0.008
15972,-1,0,0.438,0.000,0.438
15973,-1,0,0.006,0.000,0.006
15974,-1,0,0.004,0.000,0.005
15975,-1,0,0.014,0.000,0.014
15976,-1,0,0.017,0.000,0.017
15977,-1,0,0.004,0.000,0.004
15978,-1,0,0.000,0.000,0.001
15979,-1,0,0.009,0.000,0.009
15980,-1,0,0.002,0.000,0.002
15981,-1,0,0.000,0.000,0.001
15982,-1,0,0.030,0.000,0.030
15983,-1,0,0.017,0.000,0.017
15984,-1,1,0.001,0.000,0.001
15985,-1,0,0.001,0.000,0.001
15986,-1,0,0.022,0.000,0.022
15987,-1,0,0.001,0.000,0.001
15988,-1,0,0.006,0.000,0.006
15989,-1,0,0.003,0.000,0.003
15990,-1,5,0.994,0.000,0.994
15991,-1,0,0.017,0.000,0.017
15992,-1,10,0.003,0.000,0.003
15993,-1,0,0.001,0.000,0.001
15994,-1,0,0.002,0.000,0.002
15995,-1,0,0.015,0.000,0.015
15996,-1,0,0.007,0.000,0.007
15997,-1,0,0.000,0.000,0.000
15998,-1,0,0.001,0.000,0.001
15999,-1,0,0.004,0.000,0.004
16000,-1,1,0.001,0.000,0.001
16001,-1,0,0.009,0.000,0.009
16002,-1,5,0.002,0.000,0.002
16003,-1,0,0.015,0.000,0.015
16004,-1,0,0.001,0.000,0.001
16005,-1,0,0.002,0.000,0.002
16006,-1,0,0.008,0.000,0.008
16007,-1,1,0.001,0.000,0.001
16008,-1,0,0.003,0.000,0.003
16009,-1,0,0.372,0.000,0.372
16010,-1,0,0.006,0.000,0.006
16011,-1,0,0.001,0.000,0.001
16012,-1,0,0.001,0.000,0.001
16013,-1,0,0.002,0.000,0.003
16014,-1,3,0.001,0.000,0.001
16015,-1,0,0.012,0.000,0.012
16016,-1,2,0.001,0.000,0.001
16017,-1,0,0.000,0.000,0.001
16018,-1,0,0.015,0.000,0.015
16019,-1,2,0.001,0.000,0.001
16020,-1,0,0.001,0.000,0.001
16021,-1,0,0.004,0.000,0.004
16022,-1,0,0.001,0.000,0.001
16023,-1,0,0.002,0.000,0.002
16024,-1,0,0.001,0.000,0.001
16025,-1,0,0.002,0.000,0.002
16026,-1,0,0.181,0.000,0.181
16027,-1,0,0.001,0.000,0.001
16028,-1,0,0.010,0.000,0.010
16029,-1,0,0.000,0.000,0.001
16030,-1,0,0.002,0.000,0.002
16031,-1,0,0.000,0.000,0.001
16032,-1,0,0.001,0.000,0.001
16033,-1,0,0.004,0.000,0.004
16034,-1,0,0.011,0.000,0.011
16035,-1,0,0.003,0.000,0.003
16036,-1,0,0.001,0.000,0.001
16037,-1,0,0.002,0.000,0.002
16038,-1,0,0.003,0.000,0.003
16039,-1,0,0.012,0.000,0.012
16040,-1,1,0.102,0.000,0.103
16041,-1,0,0.012,0.000,0.012
16042,-1,0,0.003,0.000,0.003
16043,-1,0,0.001,0.000,0.001
16044,-1,0,0.004,0.000,0.004
16045,-1,0,0.003,0.000,0.003
16046,-1,0,0.003,0.000,0.003
16047,-1,1,0.013,0.000,0.014
16048,-1,0,0.001,0.000,0.001
16049,-1,0,0.001,0.000,0.001
16050,-1,0,0.003,0.000,0.003
16051,-1,0,0.016,0.000,0.016
16052,-1,0,0.001,0.000,0.001
16053,-1,0,0.000,0.000,0.000
16054,-1,0,0.001,0.000,0.001
16055,-1,0,0.004,0.000,0.004
16056,-1,0,0.001,0.000,0.001
16057,-1,0,0.003,0.000,0.003
16058,-1,0,0.005,0.000,0.005
16059,-1,0,0.014,0.000,0.014
16060,-1,0,0.000,0.000,0.000
16061,-1,0,0.004,0.000,0.004
16062,-1,1,0.087,0.000,0.087
16063,-1,0,0.017,0.000,0.017
16064,-1,0,0.075,0.000,0.075
16065,-1,0,0.000,0.000,0.001
16066,-1,5,0.002,0.000,0.002
16067,-1,3,0.001,0.000,0.001
16068,-1,0,0.008,0.000,0.008
16069,-1,0,0.008,0.000,0.008
16070,-1,0,0.018,0.000,0.019
16071,-1,0,0.003,0.000,0.003
16072,-1,0,0.013,0.000,0.013
16073,-1,0,0.001,0.000,0.001
16074,-1,0,0.001,0.000,0.001
16075,-1,0,0.001,0.000,0.001
16076,-1,0,0.007,0.000,0.007
16077,-1,33,0.005,0.000,0.005
16078,-1,4,0.002,0.000,0.002
16079,-1,0,0.008,0.000,0.008
16080,-1,0,0.001,0.000,0.001
16081,-1,0,0.011,0.000,0.011
16082,-1,1,0.093,0.000,0.093
16083,-1,0,0.014,0.000,0.014
16084,-1,0,0.020,0.000,0.020
16085,-1,0,0.002,0.000,0.002
16086,-1,0,0.008,0.000,0.008
16087,-1,0,0.008,0.000,0.008
16088,-1,0,0.003,0.000,0.003
16089,-1,0,0.008,0.000,0.008
16090,-1,1,0.004,0.000,0.004
16091,-1,0,0.011,0.000,0.011
16092,-1,0,0.008,0.000,0.008
16093,-1,0,0.000,0.000,0.001
16094,-1,0,0.011,0.000,0.011
16095,-1,0,0.000,0.000,0.000
16096,-1,4,0.002,0.000,0.002
16097,-1,4,0.002,0.000,0.002
16098,-1,1,0.014,0.000,0.014
16099,-1,0,0.003,0.000,0.003
16100,-1,0,0.003,0.000,0.003
16101,-1,1,0.012,0.000,0.012
16102,-1,0,0.000,0.000,0.000
16103,-1,0,0.000,0.000,0.000
16104,-1,0,0.239,0.000,0.239
16105,-1,0,0.001,0.000,0.001
16106,-1,1,0.242,0.000,0.242
16107,-1,0,0.009,0.000,0.009
16108,-1,0,0.001,0.000,0.001
16109,-1,0,0.007,0.000,0.007
16110,-1,0,0.004,0.000,0.004
16111,-1,0,0.001,0.000,0.001
16112,-1,0,0.017,0.000,0.017
16113,-1,0,0.002,0.000,0.002
16114,-1,0,0.001,0.000,0.001
16115,-1,0,0.001,0.000,0.001
16116,-1,0,0.000,0.000,0.001
16117,-1,0,0.002,0.000,0.002
16118,-1,1,0.001,0.000,0.001
16119,-1,1,0.095,0.000,0.095
16120,-1,0,0.000,0.000,0.000
16121,-1,0,0.001,0.000,0.001
16122,-1,0,0.001,0.000,0.001
16123,-1,0,0.000,0.000,0.000
16124,-1,0,0.000,0.000,0.000
16125,-1,4,0.002,0.000,0.002
16126,-1,5,0.856,0.000,0.856
16127,-1,0,0.002,0.000,0.003
16128,-1,4,0.002,0.000,0.002
16129,-1,0,0.000,0.000,0.001
16130,-1,0,0.009,0.000,0.009
16131,-1,2,0.001,0.000,0.001
16132,-1,0,0.002,0.000,0.002
16133,-1,2,0.001,0.000,0.001
16134,-1,0,0.001,0.000,0.001
16135,-1,0,0.002,0.000,0.002
16136,-1,0,0.001,0.000,0.001
16137,-1,1,0.053,0.000,0.054
16138,-1,0,0.002,0.000,0.003
16139,-1,0,0.007,0.000,0.007
16140,-1,0,0.002,0.000,0.002
16141,-1,0,0.000,0.000,0.000
16142,-1,0,0.000,0.000,0.000
16143,-1,0,0.001,0.000,0.001
16144,-1,1,0.001,0.000,0.001
16145,-1,0,0.008,0.000,0.008
16146,-1,0,0.002,0.000,0.003
16147,-1,0,0.001,0.000,0.001
16148,-1,8,0.001,0.000,0.001
16149,-1,0,0.001,0.000,0.001
16150,-1,0,0.001,0.000,0.001
16151,-1,0,0.005,0.000,0.005
16152,-1,4,0.001,0.000,0.001
16153,-1,0,0.002,0.000,0.003
16154,-1,0,0.142,0.000,0.142
16155,-1,0,0.003,0.000,0.003
16156,-1,0,0.001,0.000,0.001
16157,-1,0,0.000,0.000,0.000
16158,-1,0,0.001,0.000,0.001
16159,-1,0,0.014,0.000,0.014
16160,-1,0,0.004,0.000,0.004
16161,-1,0,0.001,0.000,0.001
16162,-1,0,0.005,0.000,0.005
16163,-1,34,0.006,0.000,0.006
16164,-1,0,0.003,0.000,0.003
16165,-1,0,0.005,0.000,0.006
16166,-1,0,0.165,0.000,0.166
16167,-1,0,0.004,0.000,0.004
16168,-1,0,0.000,0.000,0.000
16169,-1,0,0.005,0.000,0.005
16170,-1,0,0.003,0.000,0.003
16171,-1,0,0.008,0.000,0.008
16172,-1,0,0.003,0.000,0.003
16173,-1,0,0.003,0.000,0.003
16174,-1,5,0.836,0.000,0.836
16175,-1,0,0.021,0.000,0.021
16176,-1,0,0.001,0.000,0.001
16177,-1,0,0.001,0.000,0.001
16178,-1,0,0.000,0.000,0.000
16179,-1,0,0.001,0.000,0.001
16180,-1,0,0.003,0.000,0.003
16181,-1,0,0.001,0.000,0.001
16182,-1,0,0.004,0.000,0.004
16183,-1,0,0.002,0.000,0.002
16184,-1,1,0.001,0.000,0.001
16185,-1,0,0.073,0.000,0.073
16186,-1,0,0.288,0.000,0.288
16187,-1,0,0.001,0.000,0.001
16188,-1,0,0.022,0.000,0.022
16189,-1,25,0.006,0.000,0.006
16190,-1,0,0.000,0.000,0.000
16191,-1,0,0.004,0.000,0.004
16192,-1,0,0.000,0.000,0.000
16193,-1,0,0.003,0.000,0.003
16194,-1,0,0.007,0.000,0.007
16195,-1,2,0.001,0.000,0.001
16196,-1,2,0.759,0.000,0.759
16197,-1,0,0.009,0.000,0.009
16198,-1,0,0.002,0.000,0.002
16199,-1,0,0.012,0.000,0.012
16200,-1,1,0.001,0.000,0.001
16201,-1,0,0.001,0.000,0.001
16202,-1,0,0.000,0.000,0.000
16203,-1,0,0.015,0.000,0.015
16204,-1,1,0.001,0.000,0.001
16205,-1,0,0.005,0.000,0.005
16206,-1,0,0.001,0.000,0.001
16207,-1,0,0.009,0.000,0.009
16208,-1,0,0.006,0.000,0.006
16209,-1,0,0.019,0.000,0.019
16210,-1,0,0.000,0.000,0.000
16211,-1,0,0.001,0.000,0.001
16212,-1,0,0.002,0.000,0.002
16213,-1,0,0.002,0.000,0.002
16214,-1,0,0.009,0.000,0.010
16215,-1,0,0.002,0.000,0.002
16216,-1,0,0.001,0.000,0.001
16217,-1,4,0.001,0.000,0.002
16218,-1,0,0.001,0.000,0.001
16219,-1,289,0.046,0.000,0.046
16220,-1,0,0.003,0.000,0.003
16221,-1,1,0.001,0.000,0.001
16222,-1,0,0.008,0.000,0.008
16223,-1,2,0.001,0.000,0.001
16224,-1,0,0.002,0.000,0.002
16225,-1,0,0.014,0.000,0.014
16226,-1,0,0.013,0.000,0.013
16227,-1,0,0.038,0.000,0.038
16228,-1,0,0.001,0.000,0.001
16229,-1,0,0.033,0.000,0.034
16230,-1,0,0.001,0.000,0.001
16231,-1,0,0.003,0.000,0.003
16232,-1,0,0.008,0.000,0.008
16233,-1,0,0.001,0.000,0.001
16234,-1,0,0.002,0.000,0.002
16235,-1,0,0.002,0.000,0.002
16236,-1,1,0.002,0.000,0.003
16237,-1,0,0.000,0.000,0.001
16238,-1,1,0.001,0.000,0.001
16239,-1,2,0.259,0.000,0.259
16240,-1,1,0.010,0.000,0.010
16241,-1,0,0.001,0.000,0.001
16242,-1,0,0.002,0.000,0.002
16243,-1,0,0.002,0.000,0.003
16244,-1,0,0.019,0.000,0.019
16245,-1,1,0.245,0.000,0.245
16246,-1,0,0.001,0.000,0.001
16247,-1,0,0.003,0.000,0.003
16248,-1,0,0.002,0.000,0.002
16249,-1,0,0.001,0.000,0.001
16250,-1,0,0.008,0.000,0.008
16251,-1,0,0.004,0.000,0.004
16252,-1,0,0.001,0.000,0.001
16253,-1,0,0.000,0.000,0.000
16254,-1,1,0.001,0.000,0.001
16255,-1,0,0.001,0.000,0.001
16256,-1,0,0.015,0.000,0.015
16257,-1,0,0.008,0.000,0.008
16258,-1,0,0.002,0.000,0.002
16259,-1,0,0.007,0.000,0.007
16260,-1,0,0.001,0.000,0.001
16261,-1,1,0.222,0.000,0.222
16262,-1,0,0.000,0.000,0.000
16263,-1,0,0.000,0.000,0.000
16264,-1,0,0.000,0.000,0.000
16265,-1,0,0.002,0.000,0.002
16266,-1,0,0.012,0.000,0.012
16267,-1,0,0.008,0.000,0.008
16268,-1,0,0.001,0.000,0.001
16269,-1,0,0.002,0.000,0.002
16270,-1,0,0.000,0.000,0.001
16271,-1,0,0.007,0.000,0.008
16272,-1,0,0.000,0.000,0.001
16273,-1,0,0.011,0.000,0.011
16274,-1,0,0.005,0.000,0.005
16275,-1,0,0.008,0.000,0.008
16276,-1,0,0.002,0.000,0.002
16277,-1,0,0.000,0.000,0.000
16278,-1,5,0.002,0.000,0.002
16279,-1,0,0.000,0.000,0.000
16280,-1,0,0.002,0.000,0.002
16281,-1,0,0.002,0.000,0.002
16282,-1,0,0.001,0.000,0.001
16283,-1,0,0.001,0.000,0.001
16284,-1,0,0.006,0.000,0.006
16285,-1,0,0.001,0.000,0.001
16286,-1,0,0.013,0.000,0.013
16287,-1,0,0.002,0.000,0.002
16288,-1,0,0.002,0.000,0.002
16289,-1,0,0.005,0.000,0.005
16290,-1,1,0.001,0.000,0.001
16291,-1,0,0.004,0.000,0.004
16292,-1,0,0.001,0.000,0.001
16293,-1,1,0.011,0.000,0.011
16294,-1,0,0.010,0.000,0.010
16295,-1,0,0.002,0.000,0.002
16296,-1,0,0.004,0.000,0.004
16297,-1,0,0.007,0.000,0.007
16298,-1,0,0.001,0.000,0.001
16299,-1,0,0.001,0.000,0.001
16300,-1,0,0.001,0.000,0.001
16301,-1,0,0.001,0.000,0.001
16302,-1,0,0.008,0.000,0.008
16303,-1,0,0.004,0.000,0.004
16304,-1,0,0.124,0.000,0.124
16305,-1,0,0.001,0.000,0.001
16306,-1,0,0.001,0.000,0.001
16307,-1,0,0.001,0.000,0.001
16308,-1,0,0.000,0.000,0.001
16309,-1,0,0.003,0.000,0.003
16310,-1,0,0.009,0.000,0.009
16311,-1,0,0.001,0.000,0.001
16312,-1,0,0.007,0.000,0.008
16313,-1,0,0.003,0.000,0.003
16314,-1,0,0.001,0.000,0.001
16315,-1,0,0.000,0.000,0.000
16316,-1,0,0.002,0.000,0.002
16317,-1,0,0.001,0.000,0.001
16318,-1,0,0.000,0.000,0.000
16319,-1,9,0.002,0.000,0.002
16320,-1,0,0.013,0.000,0.013
16321,-1,0,0.001,0.000,0.001
16322,-1,4,0.001,0.000,0.001
16323,-1,0,0.007,0.000,0.007
16324,-1,1,0.054,0.000,0.054
16325,-1,0,0.000,0.000,0.000
16326,-1,4,0.509,0.000,0.509
16327,-1,0,0.001,0.000,0.001
16328,-1,3,0.001,0.000,0.001
16329,-1,1,0.001,0.000,0.001
16330,-1,0,0.001,0.000,0.001
16331,-1,0,0.009,0.000,0.009
16332,-1,0,0.004,0.000,0.004
16333,-1,0,0.001,0.000,0.001
16334,-1,5,0.002,0.000,0.002
16335,-1,0,0.001,0.000,0.001
16336,-1,0,0.002,0.000,0.002
16337,-1,0,0.001,0.000,0.001
16338,-1,0,0.001,0.000,0.001
16339,-1,0,0.003,0.000,0.003
16340,-1,0,0.001,0.000,0.001
16341,-1,0,0.001,0.000,0.001
16342,-1,0,0.001,0.000,0.001
16343,-1,0,0.000,0.000,0.000
16344,-1,0,0.003,0.000,0.004
16345,-1,0,0.011,0.000,0.011
16346,-1,0,0.000,0.000,0.001
16347,-1,0,0.197,0.000,0.197
16348,-1,1,0.001,0.000,0.001
16349,-1,0,0.000,0.000,0.001
16350,-1,0,0.008,0.000,0.008
16351,-1,0,0.002,0.000,0.002
16352,-1,0,0.007,0.000,0.007
16353,-1,0,0.000,0.000,0.001
16354,-1,0,0.007,0.000,0.007
16355,-1,0,0.000,0.000,0.000
16356,-1,1,0.001,0.000,0.001
16357,-1,0,0.013,0.000,0.014
16358,-1,0,0.000,0.000,0.000
16359,-1,0,0.001,0.000,0.001
16360,-1,0,0.164,0.000,0.164
16361,-1,0,0.003,0.000,0.003
16362,-1,0,0.010,0.000,0.010
16363,-1,0,0.012,0.000,0.012
16364,-1,3,0.001,0.000,0.001
16365,-1,0,0.001,0.000,0.001
16366,-1,0,0.050,0.000,0.050
16367,-1,5,0.796,0.000,0.796
16368,-1,0,0.008,0.000,0.008
16369,-1,0,0.052,0.000,0.052
16370,-1,0,0.005,0.000,0.005
16371,-1,0,0.004,0.000,0.004
16372,-1,0,0.004,0.000,0.004
16373,-1,0,0.001,0.000,0.001
16374,-1,0,0.018,0.000,0.018
16375,-1,0,0.001,0.000,0.001
16376,-1,2,0.001,0.000,0.001
16377,-1,0,0.006,0.000,0.006
16378,-1,0,0.007,0.000,0.008
16379,-1,0,0.001,0.000,0.001
16380,-1,0,0.002,0.000,0.002
16381,-1,0,0.007,0.000,0.007
16382,-1,0,0.013,0.000,0.013
16383,-1,8,0.002,0.000,0.002
16384,-1,0,0.007,0.000,0.007
16385,-1,0,0.000,0.000,0.001
16386,-1,0,0.049,0.000,0.049
16387,-1,0,0.011,0.000,0.011
16388,-1,0,0.001,0.000,0.001
16389,-1,0,0.000,0.000,0.001
16390,-1,0,0.001,0.000,0.001
16391,-1,5,0.872,0.000,0.872
16392,-1,0,0.009,0.000,0.009
16393,-1,10,1.475,0.000,1.476
16394,-1,0,0.002,0.000,0.002
16395,-1,0,0.001,0.000,0.001
16396,-1,0,0.004,0.000,0.004
16397,-1,0,0.001,0.000,0.001
16398,-1,0,0.004,0.000,0.004
16399,-1,0,0.001,0.000,0.001
16400,-1,0,0.009,0.000,0.009
16401,-1,2,0.001,0.000,0.001
16402,-1,0,0.000,0.000,0.000
16403,-1,0,0.000,0.000,0.000
16404,-1,0,0.001,0.000,0.001
16405,-1,0,0.001,0.000,0.001
16406,-1,0,0.000,0.000,0.000
16407,-1,0,0.001,0.000,0.001
16408,-1,0,0.001,0.000,0.001
16409,-1,0,0.074,0.000,0.074
16410,-1,0,0.009,0.000,0.010
16411,-1,0,0.000,0.000,0.001
16412,-1,0,0.002,0.000,0.002
16413,-1,0,0.006,0.000,0.006
16414,-1,0,0.002,0.000,0.002
16415,-1,0,0.001,0.000,0.001
16416,-1,0,0.001,0.000,0.001
16417,-1,0,0.000,0.000,0.001
16418,-1,0,0.001,0.000,0.001
16419,-1,1,0.433,0.000,0.433
16420,-1,4,0.002,0.000,0.002
16421,-1,0,0.017,0.000,0.017
16422,-1,0,0.001,0.000,0.001
16423,-1,0,0.001,0.000,0.001
16424,-1,2,0.001,0.000,0.001
16425,-1,3,0.354,0.000,0.354
16426,-1,0,0.001,0.000,0.001
16427,-1,0,0.001,0.000,0.001
16428,-1,0,0.005,0.000,0.005
16429,-1,0,0.000,0.000,0.001
16430,-1,0,0.001,0.000,0.001
16431,-1,0,0.000,0.000,0.001
16432,-1,0,0.000,0.000,0.000
16433,-1,0,0.001,0.000,0.001
16434,-1,0,0.001,0.000,0.001
16435,-1,0,0.009,0.000,0.009
16436,-1,1,0.001,0.000,0.001
16437,-1,0,0.000,0.000,0.000
16438,-1,0,0.003,0.000,0.003
16439,-1,0,0.003,0.000,0.003
16440,-1,0,0.001,0.000,0.001
16441,-1,0,0.001,0.000,0.001
16442,-1,0,0.002,0.000,0.002
16443,-1,0,0.001,0.000,0.001
16444,-1,0,0.002,0.000,0.002
16445,-1,0,0.075,0.000,0.075
16446,-1,0,0.002,0.000,0.003
16447,-1,2,0.001,0.000,0.001
16448,-1,0,0.029,0.000,0.029
16449,-1,0,0.312,0.000,0.313
16450,-1,0,0.001,0.000,0.001
16451,-1,0,0.002,0.000,0.002
16452,-1,0,0.007,0.000,0.007
16453,-1,0,0.001,0.000,0.001
16454,-1,0,0.001,0.000,0.001
16455,-1,0,0.008,0.000,0.008
16456,-1,0,0.002,0.000,0.002
16457,-1,1,0.041,0.000,0.041
16458,-1,3,0.002,0.000,0.002
16459,-1,0,0.000,0.000,0.001
16460,-1,0,0.002,0.000,0.003
16461,-1,0,0.003,0.000,0.003
16462,-1,0,0.011,0.000,0.011
16463,-1,0,0.048,0.000,0.048
16464,-1,0,0.001,0.000,0.001
16465,-1,0,0.001,0.000,0.001
16466,-1,1,0.001,0.000,0.001
16467,-1,0,0.004,0.000,0.004
16468,-1,10,1.292,0.000,1.292
16469,-1,0,0.001,0.000,0.001
16470,-1,0,0.001,0.000,0.001
16471,-1,0,0.002,0.000,0.002
16472,-1,0,0.001,0.000,0.001
16473,-1,0,0.001,0.000,0.001
16474,-1,0,0.014,0.000,0.014
16475,-1,0,0.003,0.000,0.003
16476,-1,10,1.261,0.000,1.261
16477,-1,0,0.001,0.000,0.001
16478,-1,10,1.391,0.000,1.391
16479,-1,0,0.001,0.000,0.001
16480,-1,0,0.011,0.000,0.011
16481,-1,0,0.001,0.000,0.001
16482,-1,0,0.009,0.000,0.009
16483,-1,0,0.007,0.000,0.007
16484,-1,1,0.080,0.000,0.080
16485,-1,0,0.001,0.000,0.001
16486,-1,0,0.018,0.000,0.018
16487,-1,0,0.001,0.000,0.001
16488,-1,0,0.025,0.000,0.025
16489,-1,0,0.004,0.000,0.004
16490,-1,0,0.001,0.000,0.001
16491,-1,0,0.003,0.000,0.003
16492,-1,0,0.001,0.000,0.001
16493,-1,0,0.007,0.000,0.007
16494,-1,0,0.008,0.000,0.008
16495,-1,0,0.001,0.000,0.001
16496,-1,0,0.015,0.000,0.015
16497,-1,0,0.001,0.000,0.001
16498,-1,0,0.029,0.000,0.029
16499,-1,0,0.011,0.000,0.011
16500,-1,0,0.001,0.000,0.001
16501,-1,0,0.003,0.000,0.003
16502,-1,0,0.008,0.000,0.008
16503,-1,0,0.000,0.000,0.000
16504,-1,0,0.001,0.000,0.001
16505,-1,0,0.000,0.000,0.000
16506,-1,0,0.002,0.000,0.002
16507,-1,0,0.000,0.000,0.000
16508,-1,0,0.032,0.000,0.032
16509,-1,0,0.004,0.000,0.005
16510,-1,0,0.004,0.000,0.004
16511,-1,0,0.001,0.000,0.001
16512,-1,0,0.003,0.000,0.003
16513,-1,0,0.031,0.000,0.031
16514,-1,0,0.007,0.000,0.007
16515,-1,0,0.002,0.000,0.002
16516,-1,0,0.026,0.000,0.026
16517,-1,0,0.003,0.000,0.003
16518,-1,0,0.005,0.000,0.005
16519,-1,0,0.001,0.000,0.001
16520,-1,3,0.001,0.000,0.001
16521,-1,0,0.001,0.000,0.001
16522,-1,0,0.009,0.000,0.009
16523,-1,0,0.005,0.000,0.005
16524,-1,0,0.001,0.000,0.001
16525,-1,0,0.004,0.000,0.005
16526,-1,0,0.004,0.000,0.004
16527,-1,34,0.007,0.000,0.007
16528,-1,0,0.007,0.000,0.008
16529,-1,0,0.039,0.000,0.039
16530,-1,3,0.001,0.000,0.001
16531,-1,0,0.001,0.000,0.001
16532,-1,0,0.001,0.000,0.001
16533,-1,0,0.002,0.000,0.002
16534,-1,0,0.002,0.000,0.002
16535,-1,0,0.002,0.000,0.002
16536,-1,0,0.043,0.000,0.043
16537,-1,0,0.000,0.000,0.000
16538,-1,0,0.003,0.000,0.003
16539,-1,0,0.003,0.000,0.003
16540,-1,0,0.008,0.000,0.008
16541,-1,4,0.001,0.000,0.001
16542,-1,0,0.000,0.000,0.000
16543,-1,0,0.000,0.000,0.000
16544,-1,0,0.001,0.000,0.001
16545,-1,0,0.001,0.000,0.001
16546,-1,0,0.001,0.000,0.001
16547,-1,0,0.007,0.000,0.007
16548,-1,0,0.001,0.000,0.001
16549,-1,0,0.001,0.000,0.001
16550,-1,0,0.002,0.000,0.002
16551,-1,0,0.000,0.000,0.000
16552,-1,0,0.012,0.000,0.012
16553,-1,0,0.000,0.000,0.001
16554,-1,0,0.130,0.000,0.130
16555,-1,0,0.010,0.000,0.010
16556,-1,0,0.002,0.000,0.002
16557,-1,0,0.035,0.000,0.035
16558,-1,0,0.002,0.000,0.002
16559,-1,0,0.000,0.000,0.000
16560,-1,0,0.019,0.000,0.019
16561,-1,0,0.001,0.000,0.001
16562,-1,1,0.221,0.000,0.221
16563,-1,0,0.002,0.000,0.002
16564,-1,0,0.003,0.000,0.003
16565,-1,2,0.781,0.000,0.781
16566,-1,2,0.001,0.000,0.001
16567,-1,0,0.001,0.000,0.001
16568,-1,0,0.001,0.000,0.001
16569,-1,0,0.002,0.000,0.002
16570,-1,0,0.003,0.000,0.003
16571,-1,0,0.000,0.000,0.000
16572,-1,0,0.044,0.000,0.044
16573,-1,0,0.001,0.000,0.001
16574,-1,31,0.004,0.000,0.004
16575,-1,0,0.001,0.000,0.001
16576,-1,0,0.001,0.000,0.001
16577,-1,0,0.000,0.000,0.000
16578,-1,0,0.002,0.000,0.002
16579,-1,1,0.001,0.000,0.001
16580,-1,0,0.030,0.000,0.031
16581,-1,0,0.000,0.000,0.000
16582,-1,0,0.008,0.000,0.008
16583,-1,0,0.003,0.000,0.003
16584,-1,0,0.021,0.000,0.021
16585,-1,0,0.006,0.000,0.007
16586,-1,0,0.001,0.000,0.001
16587,-1,2,0.001,0.000,0.001
16588,-1,0,0.002,0.000,0.002
16589,-1,0,0.002,0.000,0.002
16590,-1,3,0.001,0.000,0.001
16591,-1,0,0.006,0.000,0.006
16592,-1,4,0.001,0.000,0.001
16593,-1,0,0.001,0.000,0.001
16594,-1,0,0.001,0.000,0.001
16595,-1,1,0.001,0.000,0.001
16596,-1,0,0.002,0.000,0.002
16597,-1,0,0.000,0.000,0.001
16598,-1,0,0.001,0.000,0.001
16599,-1,0,0.002,0.000,0.002
16600,-1,0,0.001,0.000,0.001
16601,-1,0,0.006,0.000,0.006
16602,-1,0,0.002,0.000,0.002
16603,-1,0,0.000,0.000,0.000
16604,-1,0,0.000,0.000,0.000
16605,-1,0,0.004,0.000,0.004
16606,-1,0,0.001,0.000,0.001
16607,-1,0,0.013,0.000,0.013
16608,-1,0,0.001,0.000,0.001
16609,-1,0,0.001,0.000,0.001
16610,-1,0,0.004,0.000,0.004
16611,-1,0,0.062,0.000,0.062
16612,-1,0,0.002,0.000,0.002
16613,-1,0,0.001,0.000,0.001
16614,-1,0,0.000,0.000,0.001
16615,-1,0,0.001,0.000,0.001
16616,-1,0,0.046,0.000,0.046
16617,-1,0,0.013,0.000,0.013
16618,-1,0,0.046,0.000,0.046
16619,-1,0,0.006,0.000,0.006
16620,-1,0,0.002,0.000,0.002
16621,-1,3,0.001,0.000,0.002
16622,-1,0,0.000,0.000,0.001
16623,-1,0,0.001,0.000,0.001
16624,-1,0,0.001,0.000,0.001
16625,-1,0,0.001,0.000,0.001
16626,-1,1,0.157,0.000,0.157
16627,-1,0,0.005,0.000,0.005
16628,-1,0,0.001,0.000,0.001
16629,-1,0,0.004,0.000,0.004
16630,-1,0,0.005,0.000,0.005
16631,-1,10,0.002,0.000,0.002
16632,-1,0,0.001,0.000,0.001
16633,-1,0,0.008,0.000,0.008
16634,-1,3,0.001,0.000,0.001
16635,-1,0,0.001,0.000,0.001
16636,-1,0,0.011,0.000,0.011
16637,-1,0,0.001,0.000,0.001
16638,-1,0,0.048,0.000,0.048
16639,-1,0,0.007,0.000,0.008
16640,-1,0,0.000,0.000,0.000
16641,-1,0,0.001,0.000,0.001
16642,-1,0,0.002,0.000,0.002
16643,-1,0,0.003,0.000,0.004
16644,-1,0,0.005,0.000,0.005
16645,-1,2,0.001,0.000,0.001
16646,-1,0,0.001,0.000,0.001
16647,-1,0,0.012,0.000,0.012
16648,-1,0,0.000,0.000,0.001
16649,-1,0,0.008,0.000,0.008
16650,-1,0,0.000,0.000,0.001
16651,-1,2,0.001,0.000,0.001
16652,-1,1,0.001,0.000,0.001
16653,-1,0,0.001,0.000,0.001
16654,-1,0,0.000,0.000,0.000
16655,-1,0,0.018,0.000,0.018
16656,-1,1,0.001,0.000,0.001
16657,-1,4,0.002,0.000,0.002
16658,-1,0,0.000,0.000,0.000
16659,-1,0,0.007,0.000,0.007
16660,-1,0,0.013,0.000,0.013
16661,-1,0,0.002,0.000,0.003
16662,-1,1,0.077,0.000,0.077
16663,-1,0,0.000,0.000,0.000
16664,-1,0,0.125,0.000,0.125
16665,-1,5,0.738,0.000,0.738
16666,-1,0,0.248,0.000,0.248
16667,-1,0,0.003,0.000,0.003
16668,-1,0,0.002,0.000,0.002
16669,-1,4,0.001,0.000,0.002
16670,-1,0,0.008,0.000,0.008
16671,-1,0,0.020,0.000,0.020
16672,-1,1,0.040,0.000,0.040
16673,-1,0,0.002,0.000,0.002
16674,-1,7,0.001,0.000,0.001
16675,-1,1,0.001,0.000,0.001
16676,-1,0,0.002,0.000,0.002
16677,-1,3,0.001,0.000,0.001
16678,-1,0,0.000,0.000,0.001
16679,-1,0,0.000,0.000,0.000
16680,-1,1,0.008,0.000,0.008
16681,-1,0,0.289,0.000,0.289
16682,-1,0,0.005,0.000,0.006
16683,-1,0,0.011,0.000,0.011
16684,-1,0,0.006,0.000,0.006
16685,-1,0,0.069,0.000,0.069
16686,-1,0,0.005,0.000,0.006
16687,-1,0,0.002,0.000,0.002
16688,-1,0,0.023,0.000,0.023
16689,-1,0,0.001,0.000,0.001
16690,-1,0,0.022,0.000,0.022
16691,-1,1,0.026,0.000,0.026
16692,-1,0,0.001,0.000,0.001
16693,-1,0,0.001,0.000,0.001
16694,-1,0,0.007,0.000,0.007
16695,-1,0,0.002,0.000,0.002
16696,-1,0,0.009,0.000,0.009
16697,-1,0,0.001,0.000,0.001
16698,-1,0,0.001,0.000,0.001
16699,-1,24,0.003,0.000,0.003
16700,-1,0,0.013,0.000,0.013
16701,-1,0,0.002,0.000,0.002
16702,-1,0,0.001,0.000,0.001
16703,-1,0,0.001,0.000,0.001
16704,-1,3,0.001,0.000,0.001
16705,-1,0,0.001,0.000,0.001
16706,-1,0,0.006,0.000,0.006
16707,-1,0,0.000,0.000,0.001
16708,-1,0,0.012,0.000,0.012
16709,-1,0,0.145,0.000,0.145
16710,-1,0,0.001,0.000,0.001
16711,-1,0,0.001,0.000,0.001
16712,-1,0,0.000,0.000,0.000
16713,-1,0,0.012,0.000,0.012
16714,-1,0,0.001,0.000,0.001
16715,-1,0,0.003,0.000,0.003
16716,-1,0,0.001,0.000,0.001
16717,-1,0,0.001,0.000,0.001
16718,-1,5,0.002,0.000,0.002
16719,-1,0,0.001,0.000,0.001
16720,-1,2,0.001,0.000,0.001
16721,-1,0,0.001,0.000,0.001
16722,-1,0,0.001,0.000,0.001
16723,-1,0,0.001,0.000,0.001
16724,-1,1,0.003,0.000,0.003
16725,-1,0,0.055,0.000,0.055
16726,-1,0,0.002,0.000,0.002
16727,-1,0,0.003,0.000,0.003
16728,-1,0,0.000,0.000,0.000
16729,-1,0,0.028,0.000,0.028
16730,-1,0,0.084,0.000,0.084
16731,-1,0,0.003,0.000,0.003
16732,-1,0,0.054,0.000,0.054
16733,-1,1,0.381,0.000,0.381
16734,-1,0,0.000,0.000,0.000
16735,-1,1,0.013,0.000,0.013
16736,-1,5,1.916,0.000,1.916
16737,-1,0,0.001,0.000,0.001
16738,-1,10,0.004,0.000,0.005
16739,-1,2,0.002,0.000,0.002
16740,-1,2,0.001,0.000,0.001
16741,-1,0,0.001,0.000,0.001
16742,-1,0,0.004,0.000,0.004
16743,-1,0,0.004,0.000,0.004
16744,-1,0,0.003,0.000,0.003
16745,-1,0,0.005,0.000,0.005
16746,-1,0,0.001,0.000,0.001
16747,-1,0,0.002,0.000,0.002
16748,-1,10,1.749,0.000,1.749
16749,-1,0,0.001,0.000,0.001
16750,-1,0,0.002,0.000,0.003
16751,-1,0,0.009,0.000,0.010
16752,-1,1,0.263,0.000,0.263
16753,-1,0,0.000,0.000,0.000
16754,-1,0,0.008,0.000,0.008
16755,-1,0,0.004,0.000,0.004
16756,-1,0,0.003,0.000,0.003
16757,-1,0,0.003,0.000,0.003
16758,-1,0,0.001,0.000,0.001
16759,-1,2,0.001,0.000,0.001
16760,-1,0,0.003,0.000,0.003
16761,-1,0,0.000,0.000,0.000
16762,-1,7,0.002,0.000,0.002
16763,-1,0,0.001,0.000,0.001
16764,-1,0,0.010,0.000,0.010
16765,-1,0,0.004,0.000,0.004
16766,-1,1,0.001,0.000,0.001
16767,-1,0,0.001,0.000,0.001
16768,-1,3,0.001,0.000,0.001
16769,-1,0,0.001,0.000,0.001
16770,-1,0,0.001,0.000,0.001
16771,-1,2,0.001,0.000,0.002
16772,-1,0,0.004,0.000,0.004
16773,-1,0,0.038,0.000,0.038
16774,-1,0,0.003,0.000,0.003
16775,-1,1,0.012,0.000,0.012
16776,-1,0,0.026,0.000,0.026
16777,-1,0,0.051,0.000,0.052
16778,-1,1,0.160,0.000,0.160
16779,-1,0,0.002,0.000,0.002
16780,-1,0,0.004,0.000,0.004
16781,-1,0,0.001,0.000,0.001
16782,-1,0,0.003,0.000,0.003
16783,-1,17,0.003,0.000,0.003
16784,-1,6,0.002,0.000,0.002
16785,-1,0,0.007,0.000,0.008
16786,-1,0,0.001,0.000,0.002
16787,-1,0,0.002,0.000,0.003
16788,-1,0,0.002,0.000,0.002
16789,-1,0,0.002,0.000,0.002
16790,-1,0,0.003,0.000,0.003
16791,-1,0,0.002,0.000,0.002
16792,-1,0,0.007,0.000,0.007
16793,-1,0,0.000,0.000,0.000
16794,-1,0,0.004,0.000,0.004
16795,-1,0,0.001,0.000,0.001
16796,-1,5,0.808,0.000,0.808
16797,-1,0,0.001,0.000,0.001
16798,-1,0,0.001,0.000,0.001
16799,-1,0,0.001,0.000,0.001
16800,-1,10,0.003,0.000,0.003
16801,-1,0,0.015,0.000,0.015
16802,-1,0,0.001,0.000,0.001
16803,-1,0,0.000,0.000,0.000
16804,-1,0,0.001,0.000,0.001
16805,-1,0,0.004,0.000,0.004
16806,-1,0,0.079,0.000,0.079
16807,-1,0,0.001,0.000,0.001
16808,-1,0,0.002,0.000,0.002
16809,-1,0,0.000,0.000,0.000
16810,-1,0,0.001,0.000,0.001
16811,-1,0,0.001,0.000,0.001
16812,-1,1,0.015,0.000,0.015
16813,-1,0,0.001,0.000,0.001
16814,-1,0,0.007,0.000,0.007
16815,-1,1,0.001,0.000,0.001
16816,-1,0,0.012,0.000,0.012
16817,-1,0,0.002,0.000,0.003
16818,-1,2,0.001,0.000,0.001
16819,-1,0,0.000,0.000,0.000
16820,-1,2,0.011,0.000,0.012
16821,-1,0,0.001,0.000,0.001
16822,-1,0,0.000,0.000,0.000
16823,-1,0,0.000,0.000,0.000
16824,-1,0,0.007,0.000,0.007
16825,-1,0,0.001,0.000,0.001
16826,-1,0,0.001,0.000,0.001
16827,-1,0,0.004,0.000,0.004
16828,-1,0,0.001,0.000,0.001
16829,-1,0,0.001,0.000,0.001
16830,-1,0,0.001,0.000,0.001
16831,-1,0,0.060,0.000,0.060
16832,-1,1,0.008,0.000,0.008
16833,-1,0,0.009,0.000,0.009
16834,-1,6,0.002,0.000,0.002
16835,-1,0,0.000,0.000,0.001
16836,-1,0,0.001,0.000,0.001
16837,-1,0,0.002,0.000,0.002
16838,-1,0,0.001,0.000,0.001
16839,-1,0,0.008,0.000,0.008
16840,-1,1,0.001,0.000,0.001
16841,-1,0,0.038,0.000,0.038
16842,-1,0,0.001,0.000,0.001
16843,-1,0,0.003,0.000,0.004
16844,-1,0,0.000,0.000,0.000
16845,-1,0,0.000,0.000,0.000
16846,-1,0,0.007,0.000,0.007
16847,-1,1,0.095,0.000,0.095
16848,-1,0,0.026,0.000,0.027
16849,-1,1,0.465,0.000,0.465
16850,-1,0,0.001,0.000,0.001
16851,-1,0,0.269,0.000,0.269
16852,-1,0,0.072,0.000,0.072
16853,-1,0,0.005,0.000,0.005
16854,-1,0,0.002,0.000,0.002
16855,-1,1,0.001,0.000,0.001
16856,-1,0,0.004,0.000,0.005
16857,-1,0,0.008,0.000,0.008
16858,-1,0,0.002,0.000,0.002
16859,-1,0,0.002,0.000,0.002
16860,-1,0,0.088,0.000,0.088
16861,-1,0,0.000,0.000,0.000
16862,-1,4,0.002,0.000,0.002
16863,-1,0,0.001,0.000,0.001
16864,-1,0,0.015,0.000,0.015
16865,-1,0,0.001,0.000,0.001
16866,-1,0,0.007,0.000,0.007
16867,-1,5,0.762,0.000,0.762
16868,-1,0,0.010,0.000,0.010
16869,-1,0,0.001,0.000,0.001
16870,-1,0,0.001,0.000,0.001
16871,-1,0,0.010,0.000,0.010
16872,-1,0,0.004,0.000,0.004
16873,-1,0,0.002,0.000,0.002
16874,-1,1,0.394,0.000,0.394
16875,-1,0,0.013,0.000,0.013
16876,-1,2,0.001,0.000,0.001
16877,-1,0,0.001,0.000,0.001
16878,-1,0,0.000,0.000,0.001
16879,-1,0,0.000,0.000,0.001
16880,-1,0,0.017,0.000,0.017
16881,-1,2,0.001,0.000,0.001
16882,-1,0,0.011,0.000,0.011
16883,-1,0,0.001,0.000,0.001
16884,-1,0,0.000,0.000,0.000
16885,-1,0,0.004,0.000,0.004
16886,-1,0,0.005,0.000,0.005
16887,-1,0,0.006,0.000,0.007
16888,-1,1,0.001,0.000,0.001
16889,-1,0,0.011,0.000,0.011
16890,-1,0,0.001,0.000,0.001
16891,-1,0,0.007,0.000,0.007
16892,-1,0,0.001,0.000,0.001
16893,-1,0,0.006,0.000,0.006
16894,-1,24,0.005,0.000,0.005
16895,-1,0,0.004,0.000,0.004
16896,-1,0,0.001,0.000,0.001
16897,-1,0,0.002,0.000,0.003
16898,-1,0,0.011,0.000,0.011
16899,-1,0,0.000,0.000,0.001
16900,-1,1,0.001,0.000,0.001
16901,-1,0,0.066,0.000,0.066
16902,-1,2,0.001,0.000,0.001
16903,-1,0,0.001,0.000,0.001
16904,-1,84,0.016,0.000,0.016
16905,-1,4,0.001,0.000,0.001
16906,-1,0,0.001,0.000,0.001
16907,-1,0,0.000,0.000,0.000
16908,-1,1,0.001,0.000,0.001
16909,-1,0,0.001,0.000,0.001
16910,-1,0,0.001,0.000,0.001
16911,-1,0,0.000,0.000,0.000
16912,-1,5,0.001,0.000,0.002
16913,-1,0,0.006,0.000,0.006
16914,-1,0,0.001,0.000,0.001
16915,-1,20,0.004,0.000,0.004
16916,-1,0,0.001,0.000,0.001
16917,-1,0,0.001,0.000,0.002
16918,-1,0,0.001,0.000,0.001
16919,-1,0,0.001,0.000,0.001
16920,-1,0,0.001,0.000,0.001
16921,-1,0,0.007,0.000,0.007
16922,-1,0,0.048,0.000,0.048
16923,-1,1,0.024,0.000,0.024
16924,-1,0,0.024,0.000,0.024
16925,-1,0,0.001,0.000,0.001
16926,-1,0,0.004,0.000,0.004
16927,-1,0,0.001,0.000,0.001
16928,-1,0,0.001,0.000,0.001
16929,-1,0,0.001,0.000,0.001
16930,-1,0,0.002,0.000,0.002
16931,-1,0,0.001,0.000,0.001
16932,-1,0,0.009,0.000,0.009
16933,-1,6,0.001,0.000,0.002
16934,-1,0,0.003,0.000,0.003
16935,-1,1,0.213,0.000,0.213
16936,-1,0,0.002,0.000,0.002
16937,-1,0,0.000,0.000,0.001
16938,-1,0,0.015,0.000,0.015
16939,-1,1,0.020,0.000,0.021
16940,-1,0,0.007,0.000,0.007
16941,-1,0,0.003,0.000,0.003
16942,-1,0,0.006,0.000,0.006
16943,-1,0,0.006,0.000,0.006
16944,-1,0,0.003,0.000,0.003
16945,-1,0,0.002,0.000,0.002
16946,-1,0,0.002,0.000,0.002
16947,-1,0,0.003,0.000,0.003
16948,-1,0,0.002,0.000,0.002
16949,-1,0,0.000,0.000,0.000
16950,-1,2,0.001,0.000,0.001
16951,-1,0,0.006,0.000,0.006
16952,-1,0,0.003,0.000,0.003
16953,-1,4,0.001,0.000,0.001
16954,-1,0,0.007,0.000,0.007
16955,-1,0,0.001,0.000,0.001
16956,-1,2,0.001,0.000,0.001
16957,-1,1,0.000,0.000,0.001
16958,-1,0,0.005,0.000,0.005
16959,-1,0,0.002,0.000,0.002
16960,-1,0,0.001,0.000,0.001
16961,-1,0,0.003,0.000,0.003
16962,-1,0,0.005,0.000,0.005
16963,-1,0,0.065,0.000,0.065
16964,-1,0,0.031,0.000,0.031
16965,-1,0,0.002,0.000,0.002
16966,-1,0,0.003,0.000,0.003
16967,-1,0,0.000,0.000,0.001
16968,-1,0,0.002,0.000,0.002
16969,-1,0,0.006,0.000,0.006
16970,-1,0,0.004,0.000,0.004
16971,-1,2,0.001,0.000,0.001
16972,-1,0,0.000,0.000,0.001
16973,-1,0,0.010,0.000,0.010
16974,-1,0,0.001,0.000,0.001
16975,-1,5,0.771,0.000,0.771
16976,-1,0,0.010,0.000,0.010
16977,-1,0,0.005,0.000,0.005
16978,-1,0,0.010,0.000,0.010
16979,-1,0,0.001,0.000,0.001
16980,-1,0,0.000,0.000,0.000
16981,-1,0,0.007,0.000,0.007
16982,-1,0,0.001,0.000,0.001
16983,-1,0,0.004,0.000,0.004
16984,-1,0,0.002,0.000,0.002
16985,-1,0,0.000,0.000,0.000
16986,-1,10,1.347,0.000,1.347
16987,-1,0,0.001,0.000,0.001
16988,-1,4,0.002,0.000,0.002
16989,-1,5,0.002,0.000,0.002
16990,-1,0,0.003,0.000,0.003
16991,-1,0,0.001,0.000,0.001
16992,-1,0,0.001,0.000,0.001
16993,-1,0,0.004,0.000,0.004
16994,-1,0,0.001,0.000,0.001
16995,-1,0,0.003,0.000,0.003
16996,-1,0,0.000,0.000,0.000
16997,-1,2,0.001,0.000,0.001
16998,-1,0,0.003,0.000,0.003
16999,-1,0,0.001,0.000,0.001
17000,-1,0,0.003,0.000,0.003
17001,-1,0,0.001,0.000,0.001
17002,-1,0,0.000,0.000,0.000
17003,-1,0,0.138,0.000,0.138
17004,-1,0,0.009,0.000,0.009
17005,-1,0,0.008,0.000,0.008
17006,-1,20,0.004,0.000,0.004
17007,-1,6,0.002,0.000,0.002
17008,-1,0,0.052,0.000,0.052
17009,-1,3,0.001,0.000,0.001
17010,-1,0,0.003,0.000,0.003
17011,-1,0,0.004,0.000,0.004
17012,-1,3,0.002,0.000,0.002
17013,-1,0,0.177,0.000,0.178
17014,-1,0,0.001,0.000,0.001
17015,-1,0,0.000,0.000,0.000
17016,-1,0,0.011,0.000,0.011
17017,-1,0,0.001,0.000,0.001
17018,-1,0,0.007,0.000,0.008
17019,-1,0,0.002,0.000,0.002
17020,-1,0,0.000,0.000,0.001
17021,-1,0,0.303,0.000,0.304
17022,-1,0,0.002,0.000,0.003
17023,-1,0,0.000,0.000,0.001
17024,-1,0,0.003,0.000,0.003
17025,-1,0,0.001,0.000,0.001
17026,-1,0,0.001,0.000,0.001
17027,-1,0,0.000,0.000,0.000
17028,-1,0,0.001,0.000,0.001
17029,-1,0,0.011,0.000,0.011
17030,-1,0,0.001,0.000,0.001
17031,-1,1,0.001,0.000,0.001
17032,-1,0,0.001,0.000,0.001
17033,-1,0,0.162,0.000,0.162
17034,-1,0,0.001,0.000,0.001
17035,-1,0,0.002,0.000,0.002
17036,-1,0,0.001,0.000,0.001
17037,-1,0,0.053,0.000,0.053
17038,-1,0,0.020,0.000,0.020
17039,-1,0,0.002,0.000,0.002
17040,-1,0,0.000,0.000,0.001
17041,-1,0,0.001,0.000,0.001
17042,-1,0,0.001,0.000,0.001
17043,-1,0,0.003,0.000,0.003
17044,-1,0,0.004,0.000,0.004
17045,-1,0,0.003,0.000,0.003
17046,-1,0,0.145,0.000,0.145
17047,-1,0,0.009,0.000,0.009
17048,-1,0,0.005,0.000,0.005
17049,-1,0,0.000,0.000,0.001
17050,-1,3,0.001,0.000,0.001
17051,-1,0,0.015,0.000,0.015
17052,-1,0,0.000,0.000,0.000
17053,-1,0,0.001,0.000,0.001
17054,-1,0,0.008,0.000,0.008
17055,-1,0,0.014,0.000,0.014
17056,-1,0,0.001,0.000,0.001
17057,-1,0,0.010,0.000,0.010
17058,-1,2,0.001,0.000,0.001
17059,-1,0,0.036,0.000,0.036
17060,-1,0,0.006,0.000,0.006
17061,-1,0,0.011,0.000,0.011
17062,-1,0,0.053,0.000,0.053
17063,-1,0,0.002,0.000,0.002
17064,-1,0,0.004,0.000,0.004
17065,-1,0,0.001,0.000,0.001
17066,-1,1,0.053,0.000,0.053
17067,-1,0,0.003,0.000,0.003
17068,-1,0,0.025,0.000,0.025
17069,-1,0,0.010,0.000,0.011
17070,-1,0,0.001,0.000,0.001
17071,-1,0,0.008,0.000,0.008
17072,-1,0,0.001,0.000,0.002
17073,-1,0,0.003,0.000,0.003
17074,-1,0,0.002,0.000,0.002
17075,-1,0,0.004,0.000,0.004
17076,-1,0,0.000,0.000,0.001
17077,-1,15,0.004,0.000,0.004
17078,-1,0,0.001,0.000,0.001
17079,-1,3,0.001,0.000,0.001
17080,-1,0,0.002,0.000,0.002
17081,-1,2,0.001,0.000,0.001
17082,-1,0,0.003,0.000,0.003
17083,-1,0,0.001,0.000,0.001
17084,-1,0,0.012,0.000,0.012
17085,-1,0,0.006,0.000,0.007
17086,-1,0,0.007,0.000,0.007
17087,-1,0,0.000,0.000,0.001
17088,-1,0,0.004,0.000,0.004
17089,-1,49,0.007,0.000,0.007
17090,-1,0,0.001,0.000,0.001
17091,-1,0,0.009,0.000,0.009
17092,-1,0,0.002,0.000,0.003
17093,-1,0,0.002,0.000,0.002
17094,-1,0,0.001,0.000,0.001
17095,-1,0,0.001,0.000,0.001
17096,-1,0,0.021,0.000,0.021
17097,-1,0,0.002,0.000,0.003
17098,-1,0,0.000,0.000,0.001
17099,-1,0,0.001,0.000,0.001
17100,-1,1,0.001,0.000,0.001
17101,-1,0,0.003,0.000,0.003
17102,-1,0,0.003,0.000,0.003
17103,-1,0,0.003,0.000,0.003
17104,-1,15,0.002,0.000,0.003
17105,-1,0,0.001,0.000,0.001
17106,-1,0,0.003,0.000,0.003
17107,-1,0,0.001,0.000,0.001
17108,-1,0,0.000,0.000,0.000
17109,-1,0,0.001,0.000,0.001
17110,-1,0,0.439,0.000,0.439
17111,-1,0,0.003,0.000,0.003
17112,-1,0,0.003,0.000,0.003
17113,-1,0,0.014,0.000,0.014
17114,-1,2,0.001,0.000,0.001
17115,-1,0,0.013,0.000,0.013
17116,-1,0,0.001,0.000,0.001
17117,-1,0,0.004,0.000,0.004
17118,-1,0,0.009,0.000,0.009
17119,-1,0,0.003,0.000,0.003
17120,-1,0,0.000,0.000,0.001
17121,-1,0,0.002,0.000,0.002
17122,-1,17,0.003,0.000,0.003
17123,-1,0,0.001,0.000,0.001
17124,-1,8,0.002,0.000,0.002
17125,-1,0,0.001,0.000,0.001
17126,-1,0,0.001,0.000,0.001
17127,-1,10,1.502,0.000,1.502
17128,-1,1,0.001,0.000,0.001
17129,-1,0,0.007,0.000,0.007
17130,-1,0,0.001,0.000,0.001
17131,-1,0,0.004,0.000,0.004
17132,-1,1,0.001,0.000,0.001
17133,-1,0,0.001,0.000,0.001
17134,-1,2,0.306,0.000,0.306
17135,-1,0,0.002,0.000,0.002
17136,-1,10,0.003,0.000,0.003
17137,-1,0,0.001,0.000,0.001
17138,-1,0,0.003,0.000,0.003
17139,-1,0,0.007,0.000,0.007
17140,-1,0,0.001,0.000,0.001
17141,-1,0,0.001,0.000,0.001
17142,-1,0,0.054,0.000,0.054
17143,-1,0,0.003,0.000,0.003
17144,-1,0,0.001,0.000,0.001
17145,-1,0,0.001,0.000,0.001
17146,-1,0,0.014,0.000,0.014
17147,-1,3,0.001,0.000,0.001
17148,-1,0,0.002,0.000,0.002
17149,-1,0,0.002,0.000,0.002
17150,-1,0,0.002,0.000,0.002
17151,-1,3,0.001,0.000,0.001
17152,-1,0,0.001,0.000,0.001
17153,-1,1,0.001,0.000,0.001
17154,-1,0,0.001,0.000,0.001
17155,-1,0,0.001,0.000,0.001
17156,-1,0,0.008,0.000,0.008
17157,-1,0,0.002,0.000,0.002
17158,-1,0,0.270,0.000,0.270
17159,-1,0,0.001,0.000,0.002
17160,-1,1,0.004,0.000,0.004
17161,-1,0,0.000,0.000,0.000
17162,-1,0,0.001,0.000,0.001
17163,-1,0,0.006,0.000,0.006
17164,-1,0,0.001,0.000,0.001
17165,-1,0,0.002,0.000,0.002
17166,-1,0,0.001,0.000,0.001
17167,-1,0,0.012,0.000,0.012
17168,-1,0,0.001,0.000,0.001
17169,-1,0,0.002,0.000,0.002
17170,-1,0,0.009,0.000,0.010
17171,-1,0,0.001,0.000,0.001
17172,-1,0,0.009,0.000,0.009
17173,-1,0,0.014,0.000,0.014
17174,-1,10,1.330,0.000,1.330
17175,-1,2,0.001,0.000,0.001
17176,-1,0,0.001,0.000,0.001
17177,-1,0,0.000,0.000,0.000
17178,-1,0,0.001,0.000,0.001
17179,-1,0,0.000,0.000,0.001
17180,-1,0,0.031,0.000,0.031
17181,-1,0,0.001,0.000,0.001
17182,-1,0,0.000,0.000,0.000
17183,-1,0,0.005,0.000,0.005
17184,-1,2,0.001,0.000,0.001
17185,-1,0,0.001,0.000,0.001
17186,-1,0,0.003,0.000,0.003
17187,-1,1,0.001,0.000,0.001
17188,-1,8,0.002,0.000,0.002
17189,-1,0,0.014,0.000,0.014
17190,-1,0,0.007,0.000,0.008
17191,-1,0,0.002,0.000,0.002
17192,-1,0,0.003,0.000,0.003
17193,-1,0,0.030,0.000,0.030
17194,-1,0,0.150,0.000,0.150
17195,-1,0,0.001,0.000,0.002
17196,-1,0,0.001,0.000,0.001
17197,-1,0,0.005,0.000,0.005
17198,-1,2,0.001,0.000,0.001
17199,-1,0,0.003,0.000,0.003
17200,-1,0,0.002,0.000,0.002
17201,-1,0,0.004,0.000,0.004
17202,-1,5,0.002,0.000,0.002
17203,-1,0,0.002,0.000,0.002
17204,-1,0,0.003,0.000,0.003
17205,-1,0,0.001,0.000,0.001
17206,-1,0,0.001,0.000,0.001
17207,-1,0,0.002,0.000,0.002
17208,-1,1,0.001,0.000,0.001
17209,-1,0,0.143,0.000,0.143
17210,-1,0,0.001,0.000,0.001
17211,-1,0,0.007,0.000,0.008
17212,-1,0,0.004,0.000,0.004
17213,-1,0,0.008,0.000,0.008
17214,-1,0,0.000,0.000,0.000
17215,-1,0,0.008,0.000,0.008
17216,-1,0,0.003,0.000,0.003
17217,-1,0,0.001,0.000,0.001
17218,-1,5,0.002,0.000,0.002
17219,-1,0,0.016,0.000,0.016
17220,-1,0,0.002,0.000,0.002
17221,-1,0,0.000,0.000,0.001
17222,-1,0,0.055,0.000,0.055
17223,-1,0,0.000,0.000,0.001
17224,-1,0,0.001,0.000,0.001
17225,-1,1,0.017,0.000,0.017
17226,-1,5,0.002,0.000,0.002
17227,-1,0,0.002,0.000,0.002
17228,-1,0,0.003,0.000,0.003
17229,-1,0,0.062,0.000,0.062
17230,-1,0,0.004,0.000,0.004
17231,-1,0,0.001,0.000,0.001
17232,-1,0,0.075,0.000,0.075
17233,-1,0,0.001,0.000,0.001
17234,-1,0,0.011,0.000,0.011
17235,-1,2,0.001,0.000,0.001
17236,-1,0,0.001,0.000,0.001
17237,-1,0,0.005,0.000,0.005
17238,-1,0,0.000,0.000,0.000
17239,-1,0,0.003,0.000,0.003
17240,-1,0,0.006,0.000,0.006
17241,-1,0,0.010,0.000,0.010
17242,-1,0,0.001,0.000,0.001
17243,-1,0,0.008,0.000,0.008
17244,-1,0,0.003,0.000,0.003
17245,-1,0,0.001,0.000,0.001
17246,-1,0,0.001,0.000,0.001
17247,-1,0,0.004,0.000,0.004
17248,-1,0,0.001,0.000,0.001
17249,-1,10,1.270,0.000,1.270
17250,-1,1,0.001,0.000,0.001
17251,-1,0,0.003,0.000,0.003
17252,-1,0,0.001,0.000,0.001
17253,-1,0,0.000,0.000,0.000
17254,-1,0,0.001,0.000,0.001
17255,-1,0,0.010,0.000,0.010
17256,-1,1,0.416,0.000,0.417
17257,-1,5,0.002,0.000,0.002
17258,-1,0,0.003,0.000,0.003
17259,-1,0,0.006,0.000,0.006
17260,-1,0,0.001,0.000,0.001
17261,-1,0,0.007,0.000,0.007
17262,-1,0,0.001,0.000,0.001
17263,-1,0,0.001,0.000,0.001
17264,-1,0,0.001,0.000,0.001
17265,-1,0,0.002,0.000,0.002
17266,-1,1,0.009,0.000,0.009
17267,-1,2,0.001,0.000,0.001
17268,-1,0,0.003,0.000,0.003
17269,-1,0,0.130,0.000,0.130
17270,-1,0,0.006,0.000,0.006
17271,-1,0,0.012,0.000,0.012
17272,-1,0,0.031,0.000,0.031
17273,-1,0,0.001,0.000,0.001
17274,-1,0,0.007,0.000,0.007
17275,-1,2,0.078,0.000,0.079
17276,-1,0,0.025,0.000,0.025
17277,-1,0,0.004,0.000,0.004
17278,-1,0,0.004,0.000,0.004
17279,-1,0,0.001,0.000,0.001
17280,-1,0,0.001,0.000,0.001
17281,-1,0,0.009,0.000,0.009
17282,-1,0,0.001,0.000,0.001
17283,-1,0,0.003,0.000,0.003
17284,-1,0,0.012,0.000,0.013
17285,-1,0,0.012,0.000,0.012
17286,-1,0,0.002,0.000,0.002
17287,-1,4,0.530,0.000,0.530
17288,-1,0,0.001,0.000,0.001
17289,-1,0,0.004,0.000,0.004
17290,-1,0,0.003,0.000,0.003
17291,-1,0,0.311,0.000,0.312
17292,-1,0,0.014,0.000,0.014
17293,-1,0,0.002,0.000,0.003
17294,-1,3,0.001,0.000,0.001
17295,-1,0,0.000,0.000,0.001
17296,-1,0,0.001,0.000,0.001
17297,-1,0,0.000,0.000,0.001
17298,-1,0,0.002,0.000,0.002
17299,-1,1,0.001,0.000,0.001
17300,-1,0,0.002,0.000,0.002
17301,-1,0,0.006,0.000,0.006
17302,-1,2,0.001,0.000,0.001
17303,-1,0,0.004,0.000,0.004
17304,-1,0,0.000,0.000,0.000
17305,-1,0,0.001,0.000,0.001
17306,-1,0,0.017,0.000,0.017
17307,-1,4,0.475,0.000,0.475
17308,-1,0,0.001,0.000,0.001
17309,-1,0,0.000,0.000,0.000
17310,-1,0,0.011,0.000,0.011
17311,-1,0,0.001,0.000,0.001
17312,-1,0,0.242,0.000,0.242
17313,-1,1,0.087,0.000,0.087
17314,-1,0,0.001,0.000,0.001
17315,-1,0,0.046,0.000,0.046
17316,-1,0,0.004,0.000,0.004
17317,-1,0,0.005,0.000,0.005
17318,-1,0,0.001,0.000,0.001
17319,-1,0,0.014,0.000,0.014
17320,-1,17,0.004,0.000,0.005
17321,-1,0,0.002,0.000,0.002
17322,-1,0,0.002,0.000,0.002
17323,-1,0,0.004,0.000,0.004
17324,-1,0,0.012,0.000,0.012
17325,-1,0,0.004,0.000,0.004
17326,-1,0,0.040,0.000,0.040
17327,-1,0,0.006,0.000,0.007
17328,-1,0,0.004,0.000,0.004
17329,-1,0,0.002,0.000,0.002
17330,-1,0,0.012,0.000,0.012
17331,-1,1,0.001,0.000,0.001
17332,-1,0,0.001,0.000,0.001
17333,-1,1,0.001,0.000,0.001
17334,-1,0,0.016,0.000,0.016
17335,-1,32,0.007,0.000,0.007
17336,-1,0,0.132,0.000,0.132
17337,-1,0,0.003,0.000,0.003
17338,-1,4,0.002,0.000,0.002
17339,-1,0,0.003,0.000,0.003
17340,-1,0,0.001,0.000,0.001
17341,-1,0,0.009,0.000,0.009
17342,-1,0,0.005,0.000,0.005
17343,-1,0,0.001,0.000,0.001
17344,-1,6,0.002,0.000,0.002
17345,-1,0,0.001,0.000,0.001
17346,-1,0,0.088,0.000,0.088
17347,-1,0,0.000,0.000,0.000
17348,-1,0,0.008,0.000,0.008
17349,-1,0,0.000,0.000,0.001
17350,-1,0,0.176,0.000,0.177
17351,-1,0,0.000,0.000,0.001
17352,-1,0,0.001,0.000,0.001
17353,-1,0,0.003,0.000,0.003
17354,-1,0,0.006,0.000,0.006
17355,-1,0,0.003,0.000,0.003
17356,-1,0,0.001,0.000,0.001
17357,-1,0,0.000,0.000,0.000
17358,-1,0,0.003,0.000,0.003
17359,-1,0,0.001,0.000,0.001
17360,-1,0,0.000,0.000,0.000
17361,-1,0,0.001,0.000,0.001
17362,-1,0,0.000,0.000,0.001
17363,-1,0,0.000,0.000,0.000
17364,-1,0,0.001,0.000,0.001
17365,-1,0,0.003,0.000,0.003
17366,-1,0,0.001,0.000,0.001
17367,-1,2,0.001,0.000,0.001
17368,-1,1,0.001,0.000,0.001
17369,-1,1,0.014,0.000,0.014
17370,-1,5,0.002,0.000,0.002
17371,-1,0,0.001,0.000,0.001
17372,-1,0,0.012,0.000,0.012
17373,-1,0,0.009,0.000,0.010
17374,-1,0,0.001,0.000,0.001
17375,-1,1,0.012,0.000,0.012
17376,-1,0,0.001,0.000,0.001
17377,-1,0,0.000,0.000,0.001
17378,-1,5,0.910,0.000,0.911
17379,-1,0,0.002,0.000,0.002
17380,-1,0,0.002,0.000,0.002
17381,-1,0,0.054,0.000,0.054
17382,-1,0,0.002,0.000,0.002
17383,-1,1,0.001,0.000,0.001
17384,-1,0,0.000,0.000,0.001
17385,-1,0,0.008,0.000,0.008
17386,-1,0,0.159,0.000,0.159
17387,-1,0,0.003,0.000,0.003
17388,-1,0,0.001,0.000,0.001
17389,-1,0,0.000,0.000,0.001
17390,-1,0,0.007,0.000,0.007
17391,-1,0,0.001,0.000,0.001
17392,-1,0,0.000,0.000,0.000
17393,-1,0,0.001,0.000,0.001
17394,-1,0,0.021,0.000,0.021
17395,-1,0,0.001,0.000,0.001
17396,-1,0,0.090,0.000,0.090
17397,-1,0,0.005,0.000,0.005
17398,-1,4,0.538,0.000,0.538
17399,-1,26,0.005,0.000,0.005
17400,-1,0,0.007,0.000,0.007
17401,-1,0,0.007,0.000,0.007
17402,-1,0,0.001,0.000,0.001
17403,-1,0,0.014,0.000,0.014
17404,-1,0,0.004,0.000,0.004
17405,-1,0,0.000,0.000,0.000
17406,-1,0,0.020,0.000,0.020
17407,-1,0,0.001,0.000,0.001
17408,-1,0,0.006,0.000,0.006
17409,-1,0,0.003,0.000,0.003
17410,-1,0,0.000,0.000,0.000
17411,-1,0,0.001,0.000,0.001
17412,-1,0,0.000,0.000,0.000
17413,-1,0,0.001,0.000,0.001
17414,-1,0,0.001,0.000,0.001
17415,-1,0,0.012,0.000,0.012
17416,-1,0,0.004,0.000,0.004
17417,-1,0,0.001,0.000,0.001
17418,-1,0,0.018,0.000,0.018
17419,-1,0,0.003,0.000,0.003
17420,-1,0,0.162,0.000,0.162
17421,-1,1,0.001,0.000,0.001
17422,-1,0,0.005,0.000,0.005
17423,-1,0,0.011,0.000,0.011
17424,-1,0,0.001,0.000,0.001
17425,-1,0,0.008,0.000,0.008
17426,-1,0,0.001,0.000,0.001
17427,-1,0,0.001,0.000,0.001
17428,-1,0,0.011,0.000,0.011
17429,-1,0,0.000,0.000,0.001
17430,-1,0,0.001,0.000,0.001
17431,-1,0,0.002,0.000,0.002
17432,-1,0,0.001,0.000,0.001
17433,-1,0,0.002,0.000,0.002
17434,-1,3,0.002,0.000,0.002
17435,-1,0,0.000,0.000,0.000
17436,-1,0,0.003,0.000,0.003
17437,-1,0,0.003,0.000,0.003
17438,-1,0,0.023,0.000,0.024
17439,-1,0,0.001,0.000,0.001
17440,-1,0,0.004,0.000,0.004
17441,-1,0,0.001,0.000,0.001
17442,-1,0,0.000,0.000,0.000
17443,-1,0,0.001,0.000,0.001
17444,-1,0,0.001,0.000,0.001
17445,-1,0,0.014,0.000,0.014
17446,-1,0,0.059,0.000,0.059
17447,-1,0,0.007,0.000,0.007
17448,-1,0,0.008,0.000,0.008
17449,-1,0,0.003,0.000,0.003
17450,-1,0,0.008,0.000,0.008
17451,-1,0,0.008,0.000,0.008
17452,-1,0,0.034,0.000,0.034
17453,-1,0,0.004,0.000,0.004
17454,-1,0,0.005,0.000,0.005
17455,-1,0,0.006,0.000,0.006
17456,-1,0,0.000,0.000,0.001
17457,-1,0,0.012,0.000,0.012
17458,-1,0,0.000,0.000,0.000
17459,-1,0,0.001,0.000,0.001
17460,-1,0,0.012,0.000,0.012
17461,-1,0,0.001,0.000,0.001
17462,-1,0,0.055,0.000,0.055
17463,-1,0,0.001,0.000,0.001
17464,-1,0,0.001,0.000,0.001
17465,-1,0,0.008,0.000,0.008
17466,-1,3,0.001,0.000,0.001
17467,-1,0,0.017,0.000,0.018
17468,-1,0,0.008,0.000,0.008
17469,-1,1,0.009,0.000,0.009
17470,-1,0,0.002,0.000,0.002
17471,-1,0,0.002,0.000,0.003
17472,-1,0,0.001,0.000,0.001
17473,-1,1,0.001,0.000,0.001
17474,-1,1,0.001,0.000,0.001
17475,-1,0,0.006,0.000,0.006
17476,-1,0,0.000,0.000,0.001
17477,-1,0,0.002,0.000,0.002
17478,-1,0,0.000,0.000,0.000
17479,-1,2,0.001,0.000,0.001
17480,-1,0,0.004,0.000,0.004
17481,-1,0,0.003,0.000,0.003
17482,-1,0,0.000,0.000,0.000
17483,-1,0,0.001,0.000,0.001
17484,-1,0,0.007,0.000,0.007
17485,-1,0,0.001,0.000,0.001
17486,-1,0,0.001,0.000,0.001
17487,-1,0,0.028,0.000,0.028
17488,-1,0,0.002,0.000,0.003
17489,-1,0,0.010,0.000,0.010
17490,-1,0,0.001,0.000,0.001
17491,-1,0,0.001,0.000,0.001
17492,-1,0,0.002,0.000,0.002
17493,-1,0,0.002,0.000,0.003
17494,-1,0,0.003,0.000,0.003
17495,-1,2,0.001,0.000,0.001
17496,-1,0,0.000,0.000,0.000
17497,-1,0,0.001,0.000,0.001
17498,-1,0,0.001,0.000,0.001
17499,-1,1,0.001,0.000,0.001
17500,-1,10,1.238,0.000,1.238
17501,-1,0,0.008,0.000,0.008
17502,-1,0,0.008,0.000,0.008
17503,-1,0,0.000,0.000,0.000
17504,-1,0,0.067,0.000,0.067
17505,-1,1,0.001,0.000,0.001
17506,-1,0,0.001,0.000,0.001
17507,-1,0,0.013,0.000,0.013
17508,-1,0,0.002,0.000,0.002
17509,-1,0,0.002,0.000,0.002
17510,-1,2,0.739,0.000,0.740
17511,-1,0,0.000,0.000,0.001
17512,-1,0,0.001,0.000,0.001
17513,-1,0,0.008,0.000,0.008
17514,-1,23,0.003,0.000,0.003
17515,-1,30,0.004,0.000,0.004
17516,-1,0,0.264,0.000,0.264
17517,-1,23,0.004,0.000,0.005
17518,-1,0,0.002,0.000,0.002
17519,-1,0,0.003,0.000,0.003
17520,-1,0,0.000,0.000,0.001
17521,-1,0,0.151,0.000,0.151
17522,-1,2,0.001,0.000,0.002
17523,-1,0,0.002,0.000,0.002
17524,-1,0,0.001,0.000,0.001
17525,-1,0,0.002,0.000,0.003
17526,-1,0,0.012,0.000,0.012
17527,-1,0,0.001,0.000,0.001
17528,-1,0,0.008,0.000,0.008
17529,-1,0,0.001,0.000,0.001
17530,-1,0,0.001,0.000,0.001
17531,-1,0,0.001,0.000,0.001
17532,-1,289,0.041,0.000,0.041
17533,-1,0,0.004,0.000,0.004
17534,-1,1,0.001,0.000,0.001
17535,-1,0,0.001,0.000,0.001
17536,-1,0,0.002,0.000,0.002
17537,-1,0,0.025,0.000,0.025
17538,-1,0,0.000,0.000,0.000
17539,-1,0,0.010,0.000,0.010
17540,-1,0,0.002,0.000,0.002
17541,-1,0,0.003,0.000,0.003
17542,-1,0,0.001,0.000,0.002
17543,-1,0,0.002,0.000,0.002
17544,-1,0,0.006,0.000,0.006
17545,-1,0,0.001,0.000,0.001
17546,-1,0,0.001,0.000,0.001
17547,-1,0,0.000,0.000,0.001
17548,-1,0,0.011,0.000,0.011
17549,-1,0,0.004,0.000,0.004
17550,-1,0,0.001,0.000,0.001
17551,-1,0,0.001,0.000,0.001
17552,-1,0,0.006,0.000,0.006
17553,-1,0,0.034,0.000,0.034
17554,-1,0,0.003,0.000,0.003
17555,-1,0,0.010,0.000,0.010
17556,-1,0,0.007,0.000,0.007
17557,-1,0,0.001,0.000,0.001
17558,-1,0,0.002,0.000,0.002
17559,-1,0,0.002,0.000,0.002
17560,-1,0,0.000,0.000,0.000
17561,-1,0,0.005,0.000,0.005
17562,-1,0,0.001,0.000,0.001
17563,-1,0,0.002,0.000,0.002
17564,-1,0,0.004,0.000,0.004
17565,-1,0,0.100,0.000,0.100
17566,-1,0,0.001,0.000,0.001
17567,-1,0,0.000,0.000,0.001
17568,-1,0,0.002,0.000,0.002
17569,-1,0,0.001,0.000,0.001
17570,-1,0,0.001,0.000,0.001
17571,-1,0,0.004,0.000,0.004
17572,-1,0,0.001,0.000,0.001
17573,-1,1,0.001,0.000,0.001
17574,-1,2,0.001,0.000,0.001
17575,-1,0,0.002,0.000,0.002
17576,-1,0,0.000,0.000,0.000
17577,-1,0,0.003,0.000,0.003
17578,-1,0,0.001,0.000,0.001
17579,-1,1,0.061,0.000,0.061
17580,-1,0,0.002,0.000,0.002
17581,-1,5,0.746,0.000,0.746
17582,-1,5,0.001,0.000,0.002
17583,-1,0,0.004,0.000,0.004
17584,-1,2,0.001,0.000,0.001
17585,-1,0,0.001,0.000,0.001
17586,-1,0,0.003,0.000,0.003
17587,-1,0,0.008,0.000,0.008
17588,-1,1,0.001,0.000,0.001
17589,-1,4,0.001,0.000,0.001
17590,-1,0,0.003,0.000,0.003
17591,-1,0,0.004,0.000,0.004
17592,-1,0,0.001,0.000,0.002
17593,-1,0,0.005,0.000,0.005
17594,-1,0,0.005,0.000,0.005
17595,-1,0,0.033,0.000,0.033
17596,-1,0,0.002,0.000,0.003
17597,-1,0,0.001,0.000,0.001
17598,-1,0,0.000,0.000,0.001
17599,-1,0,0.002,0.000,0.002
17600,-1,0,0.016,0.000,0.016
17601,-1,0,0.000,0.000,0.000
17602,-1,0,0.003,0.000,0.003
17603,-1,0,0.008,0.000,0.008
17604,-1,0,0.001,0.000,0.001
17605,-1,0,0.009,0.000,0.009
17606,-1,0,0.005,0.000,0.005
17607,-1,0,0.001,0.000,0.001
17608,-1,0,0.002,0.000,0.002
17609,-1,3,0.001,0.000,0.001
17610,-1,0,0.000,0.000,0.000
17611,-1,0,0.005,0.000,0.005
17612,-1,0,0.000,0.000,0.000
17613,-1,0,0.002,0.000,0.002
17614,-1,1,0.048,0.000,0.048
17615,-1,0,0.000,0.000,0.000
17616,-1,2,0.001,0.000,0.001
17617,-1,0,0.001,0.000,0.001
17618,-1,0,0.007,0.000,0.007
17619,-1,0,0.001,0.000,0.001
17620,-1,2,0.001,0.000,0.001
17621,-1,0,0.001,0.000,0.001
17622,-1,0,0.001,0.000,0.001
17623,-1,0,0.143,0.000,0.144
17624,-1,0,0.000,0.000,0.001
17625,-1,0,0.001,0.000,0.001
17626,-1,0,0.002,0.000,0.002
17627,-1,0,0.000,0.000,0.000
17628,-1,0,0.003,0.000,0.003
17629,-1,0,0.001,0.000,0.001
17630,-1,0,0.000,0.000,0.000
17631,-1,0,0.001,0.000,0.001
17632,-1,0,0.001,0.000,0.001
17633,-1,0,0.001,0.000,0.001
17634,-1,0,0.008,0.000,0.008
17635,-1,0,0.001,0.000,0.001
17636,-1,4,0.001,0.000,0.001
17637,-1,1,0.066,0.000,0.066
17638,-1,0,0.011,0.000,0.011
17639,-1,0,0.002,0.000,0.002
17640,-1,0,0.002,0.000,0.002
17641,-1,0,0.030,0.000,0.030
17642,-1,1,0.001,0.000,0.001
17643,-1,0,0.006,0.000,0.006
17644,-1,0,0.007,0.000,0.007
17645,-1,0,0.007,0.000,0.007
17646,-1,22,0.004,0.000,0.004
17647,-1,0,0.000,0.000,0.000
17648,-1,0,0.000,0.000,0.000
17649,-1,1,0.001,0.000,0.001
17650,-1,0,0.001,0.000,0.001
17651,-1,0,0.001,0.000,0.001
17652,-1,1,0.086,0.000,0.086
17653,-1,0,0.047,0.000,0.047
17654,-1,0,0.000,0.000,0.001
17655,-1,0,0.000,0.000,0.000
17656,-1,0,0.000,0.000,0.001
17657,-1,0,0.000,0.000,0.001
17658,-1,0,0.006,0.000,0.006
17659,-1,0,0.082,0.000,0.082
17660,-1,0,0.000,0.000,0.000
17661,-1,0,0.000,0.000,0.001
17662,-1,0,0.003,0.000,0.003
17663,-1,0,0.000,0.000,0.001
17664,-1,0,0.001,0.000,0.001
17665,-1,0,0.002,0.000,0.002
17666,-1,0,0.000,0.000,0.001
17667,-1,0,0.002,0.000,0.002
17668,-1,0,0.001,0.000,0.001
17669,-1,0,0.012,0.000,0.012
17670,-1,0,0.001,0.000,0.001
17671,-1,0,0.026,0.000,0.026
17672,-1,0,0.007,0.000,0.007
17673,-1,0,0.001,0.000,0.001
17674,-1,4,0.002,0.000,0.002
17675,-1,0,0.007,0.000,0.007
17676,-1,0,0.008,0.000,0.008
17677,-1,3,0.001,0.000,0.001
17678,-1,0,0.000,0.000,0.000
17679,-1,0,0.000,0.000,0.001
17680,-1,0,0.007,0.000,0.007
17681,-1,0,0.011,0.000,0.011
17682,-1,0,0.002,0.000,0.002
17683,-1,0,0.002,0.000,0.002
17684,-1,0,0.007,0.000,0.007
17685,-1,0,0.002,0.000,0.002
17686,-1,0,0.007,0.000,0.007
17687,-1,0,0.004,0.000,0.005
17688,-1,0,0.005,0.000,0.005
17689,-1,10,1.395,0.000,1.395
17690,-1,0,0.001,0.000,0.001
17691,-1,3,0.001,0.000,0.001
17692,-1,0,0.009,0.000,0.009
17693,-1,1,0.016,0.000,0.017
17694,-1,0,0.001,0.000,0.001
17695,-1,0,0.010,0.000,0.010
17696,-1,3,0.435,0.000,0.436
17697,-1,0,0.005,0.000,0.005
17698,-1,0,0.001,0.000,0.001
17699,-1,0,0.001,0.000,0.001
17700,-1,0,0.076,0.000,0.077
17701,-1,0,0.002,0.000,0.002
17702,-1,0,0.002,0.000,0.002
17703,-1,34,0.005,0.000,0.005
17704,-1,0,0.057,0.000,0.057
17705,-1,0,0.001,0.000,0.001
17706,-1,0,0.003,0.000,0.003
17707,-1,0,0.001,0.000,0.001
17708,-1,0,0.001,0.000,0.001
17709,-1,0,0.003,0.000,0.003
17710,-1,0,0.008,0.000,0.009
17711,-1,0,0.029,0.000,0.029
17712,-1,0,0.001,0.000,0.001
17713,-1,0,0.003,0.000,0.003
17714,-1,0,0.006,0.000,0.006
17715,-1,0,0.002,0.000,0.002
17716,-1,0,0.012,0.000,0.012
17717,-1,0,0.000,0.000,0.001
17718,-1,0,0.001,0.000,0.001
17719,-1,0,0.008,0.000,0.008
17720,-1,0,0.002,0.000,0.002
17721,-1,0,0.002,0.000,0.002
17722,-1,0,0.007,0.000,0.008
17723,-1,0,0.014,0.000,0.014
17724,-1,0,0.002,0.000,0.002
17725,-1,0,0.001,0.000,0.001
17726,-1,0,0.000,0.000,0.001
17727,-1,0,0.011,0.000,0.011
17728,-1,0,0.001,0.000,0.001
17729,-1,0,0.064,0.000,0.064
17730,-1,0,0.149,0.000,0.149
17731,-1,34,0.007,0.000,0.007
17732,-1,0,0.003,0.000,0.003
17733,-1,0,0.011,0.000,0.011
17734,-1,0,0.013,0.000,0.013
17735,-1,0,0.007,0.000,0.007
17736,-1,0,0.001,0.000,0.002
17737,-1,0,0.004,0.000,0.004
17738,-1,0,0.001,0.000,0.001
17739,-1,0,0.003,0.000,0.003
17740,-1,0,0.003,0.000,0.003
17741,-1,5,0.895,0.000,0.895
17742,-1,0,0.001,0.000,0.001
17743,-1,0,0.001,0.000,0.001
17744,-1,1,0.014,0.000,0.014
17745,-1,0,0.001,0.000,0.001
17746,-1,0,0.005,0.000,0.005
17747,-1,0,0.011,0.000,0.011
17748,-1,0,0.000,0.000,0.001
17749,-1,0,0.332,0.000,0.332
17750,-1,0,0.015,0.000,0.015
17751,-1,0,0.000,0.000,0.000
17752,-1,0,0.001,0.000,0.001
17753,-1,0,0.003,0.000,0.003
17754,-1,0,0.019,0.000,0.019
17755,-1,0,0.003,0.000,0.003
17756,-1,0,0.000,0.000,0.000
17757,-1,0,0.007,0.000,0.007
17758,-1,0,0.002,0.000,0.002
17759,-1,0,0.003,0.000,0.003
17760,-1,0,0.013,0.000,0.013
17761,-1,0,0.001,0.000,0.002
17762,-1,0,0.002,0.000,0.003
17763,-1,1,0.367,0.000,0.367
17764,-1,0,0.001,0.000,0.001
17765,-1,0,0.011,0.000,0.011
17766,-1,1,0.001,0.000,0.001
17767,-1,0,0.001,0.000,0.001
17768,-1,0,0.000,0.000,0.000
17769,-1,0,0.003,0.000,0.003
17770,-1,0,0.008,0.000,0.008
17771,-1,0,0.004,0.000,0.004
17772,-1,0,0.001,0.000,0.001
17773,-1,0,0.012,0.000,0.012
17774,-1,0,0.090,0.000,0.090
17775,-1,0,0.008,0.000,0.008
17776,-1,0,0.003,0.000,0.003
17777,-1,0,0.000,0.000,0.000
17778,-1,0,0.002,0.000,0.002
17779,-1,7,0.002,0.000,0.002
17780,-1,0,0.031,0.000,0.031
17781,-1,0,0.000,0.000,0.001
17782,-1,0,0.013,0.000,0.013
17783,-1,0,0.007,0.000,0.007
17784,-1,0,0.000,0.000,0.001
17785,-1,1,0.089,0.000,0.089
17786,-1,0,0.001,0.000,0.001
17787,-1,0,0.001,0.000,0.001
17788,-1,0,0.004,0.000,0.004
17789,-1,4,0.002,0.000,0.002
17790,-1,0,0.001,0.000,0.001
17791,-1,0,0.004,0.000,0.004
17792,-1,2,0.001,0.000,0.001
17793,-1,0,0.000,0.000,0.000
17794,-1,0,0.000,0.000,0.000
17795,-1,0,0.001,0.000,0.001
17796,-1,0,0.007,0.000,0.007
17797,-1,1,0.000,0.000,0.000
17798,-1,0,0.005,0.000,0.005
17799,-1,0,0.000,0.000,0.000
17800,-1,0,0.000,0.000,0.000
17801,-1,0,0.001,0.000,0.001
17802,-1,0,0.000,0.000,0.000
17803,-1,0,0.000,0.000,0.001
17804,-1,16,0.003,0.000,0.003
17805,-1,0,0.000,0.000,0.001
17806,-1,1,0.010,0.000,0.010
17807,-1,7,0.002,0.000,0.002
17808,-1,0,0.007,0.000,0.007
17809,-1,0,0.003,0.000,0.003
17810,-1,0,0.003,0.000,0.003
17811,-1,0,0.001,0.000,0.001
17812,-1,0,0.007,0.000,0.007
17813,-1,0,0.004,0.000,0.004
17814,-1,0,0.045,0.000,0.045
17815,-1,0,0.002,0.000,0.002
17816,-1,1,0.263,0.000,0.263
17817,-1,0,0.000,0.000,0.001
17818,-1,0,0.398,0.000,0.398
17819,-1,0,0.006,0.000,0.006
17820,-1,0,0.004,0.000,0.004
17821,-1,0,0.017,0.000,0.017
17822,-1,0,0.009,0.000,0.009
17823,-1,0,0.001,0.000,0.001
17824,-1,0,0.008,0.000,0.009
17825,-1,0,0.001,0.000,0.001
17826,-1,0,0.037,0.000,0.037
17827,-1,0,0.008,0.000,0.008
17828,-1,1,0.001,0.000,0.001
17829,-1,0,0.001,0.000,0.001
17830,-1,0,0.045,0.000,0.045
17831,-1,0,0.019,0.000,0.019
17832,-1,0,0.012,0.000,0.012
17833,-1,0,0.001,0.000,0.001
17834,-1,0,0.002,0.000,0.002
17835,-1,1,0.001,0.000,0.001
17836,-1,4,0.002,0.000,0.002
17837,-1,0,0.000,0.000,0.000
17838,-1,0,0.026,0.000,0.026
17839,-1,0,0.165,0.000,0.165
17840,-1,0,0.001,0.000,0.001
17841,-1,15,0.004,0.000,0.004
17842,-1,0,0.001,0.000,0.002
17843,-1,0,0.014,0.000,0.014
17844,-1,0,0.000,0.000,0.000
17845,-1,1,0.516,0.000,0.516
17846,-1,0,0.001,0.000,0.001
17847,-1,0,0.010,0.000,0.010
17848,-1,2,0.001,0.000,0.001
17849,-1,0,0.001,0.000,0.001
17850,-1,0,0.004,0.000,0.004
17851,-1,0,0.329,0.000,0.329
17852,-1,0,0.002,0.000,0.002
17853,-1,0,0.018,0.000,0.018
17854,-1,0,0.001,0.000,0.001
17855,-1,0,0.000,0.000,0.000
17856,-1,0,0.313,0.000,0.313
17857,-1,0,0.001,0.000,0.001
17858,-1,0,0.007,0.000,0.007
17859,-1,0,0.000,0.000,0.001
17860,-1,0,0.001,0.000,0.001
17861,-1,0,0.001,0.000,0.001
17862,-1,0,0.010,0.000,0.010
17863,-1,0,0.001,0.000,0.001
17864,-1,0,0.002,0.000,0.002
17865,-1,0,0.001,0.000,0.001
17866,-1,0,0.000,0.000,0.001
17867,-1,0,0.001,0.000,0.001
17868,-1,27,0.004,0.000,0.004
17869,-1,0,0.002,0.000,0.002
17870,-1,0,0.078,0.000,0.078
17871,-1,0,0.009,0.000,0.009
17872,-1,0,0.003,0.000,0.003
17873,-1,0,0.000,0.000,0.000
17874,-1,0,0.001,0.000,0.001
17875,-1,0,0.014,0.000,0.014
17876,-1,0,0.001,0.000,0.001
17877,-1,0,0.039,0.000,0.039
17878,-1,0,0.002,0.000,0.002
17879,-1,0,0.021,0.000,0.021
17880,-1,0,0.002,0.000,0.002
17881,-1,0,0.009,0.000,0.009
17882,-1,0,0.002,0.000,0.003
17883,-1,0,0.001,0.000,0.001
17884,-1,0,0.004,0.000,0.004
17885,-1,24,0.004,0.000,0.004
17886,-1,0,0.001,0.000,0.001
17887,-1,0,0.008,0.000,0.008
17888,-1,4,0.002,0.000,0.002
17889,-1,0,0.123,0.000,0.123
17890,-1,0,0.002,0.000,0.002
17891,-1,0,0.002,0.000,0.002
17892,-1,0,0.027,0.000,0.027
17893,-1,0,0.012,0.000,0.012
17894,-1,0,0.005,0.000,0.006
17895,-1,0,0.001,0.000,0.001
17896,-1,0,0.001,0.000,0.001
17897,-1,5,0.928,0.000,0.928
17898,-1,0,0.145,0.000,0.145
17899,-1,0,0.005,0.000,0.006
17900,-1,0,0.017,0.000,0.017
17901,-1,0,0.001,0.000,0.001
17902,-1,0,0.001,0.000,0.001
17903,-1,0,0.009,0.000,0.009
17904,-1,0,0.004,0.000,0.004
17905,-1,0,0.011,0.000,0.011
17906,-1,1,0.001,0.000,0.001
17907,-1,0,0.003,0.000,0.003
17908,-1,0,0.002,0.000,0.002
17909,-1,0,0.037,0.000,0.037
17910,-1,0,0.001,0.000,0.001
17911,-1,0,0.004,0.000,0.005
17912,-1,0,0.008,0.000,0.008
17913,-1,0,0.001,0.000,0.001
17914,-1,0,0.003,0.000,0.003
17915,-1,2,0.001,0.000,0.001
17916,-1,6,0.001,0.000,0.002
17917,-1,0,0.011,0.000,0.011
17918,-1,1,0.055,0.000,0.055
17919,-1,0,0.001,0.000,0.001
17920,-1,0,0.013,0.000,0.013
17921,-1,0,0.001,0.000,0.001
17922,-1,0,0.002,0.000,0.002
17923,-1,0,0.001,0.000,0.001
17924,-1,0,0.014,0.000,0.014
17925,-1,0,0.029,0.000,0.029
17926,-1,0,0.000,0.000,0.001
17927,-1,0,0.002,0.000,0.002
17928,-1,0,0.016,0.000,0.017
17929,-1,0,0.003,0.000,0.003
17930,-1,2,0.001,0.000,0.001
17931,-1,0,0.017,0.000,0.017
17932,-1,0,0.009,0.000,0.009
17933,-1,0,0.005,0.000,0.005
17934,-1,6,0.002,0.000,0.002
17935,-1,36,0.006,0.000,0.006
17936,-1,0,0.002,0.000,0.002
17937,-1,0,0.003,0.000,0.003
17938,-1,4,0.536,0.000,0.536
17939,-1,22,0.004,0.000,0.004
17940,-1,0,0.009,0.000,0.009
17941,-1,0,0.002,0.000,0.002
17942,-1,0,0.002,0.000,0.002
17943,-1,0,0.001,0.000,0.001
17944,-1,0,0.001,0.000,0.001
17945,-1,0,0.001,0.000,0.001
17946,-1,0,0.001,0.000,0.001
17947,-1,0,0.001,0.000,0.001
17948,-1,3,0.001,0.000,0.001
17949,-1,0,0.001,0.000,0.001
17950,-1,0,0.002,0.000,0.003
17951,-1,0,0.000,0.000,0.001
17952,-1,0,0.000,0.000,0.000
17953,-1,0,0.001,0.000,0.001
17954,-1,0,0.002,0.000,0.002
17955,-1,0,0.022,0.000,0.023
17956,-1,0,0.063,0.000,0.063
17957,-1,2,0.880,0.000,0.881
17958,-1,0,0.001,0.000,0.001
17959,-1,0,0.006,0.000,0.006
17960,-1,0,0.057,0.000,0.057
17961,-1,0,0.001,0.000,0.001
17962,-1,0,0.009,0.000,0.009
17963,-1,0,0.000,0.000,0.000
17964,-1,0,0.001,0.000,0.001
17965,-1,0,0.000,0.000,0.000
17966,-1,0,0.009,0.000,0.009
17967,-1,0,0.001,0.000,0.001
17968,-1,0,0.000,0.000,0.000
17969,-1,0,0.003,0.000,0.003
17970,-1,2,0.001,0.000,0.001
17971,-1,5,0.002,0.000,0.002
17972,-1,0,0.012,0.000,0.012
17973,-1,0,0.009,0.000,0.009
17974,-1,0,0.055,0.000,0.056
17975,-1,0,0.002,0.000,0.002
17976,-1,0,0.008,0.000,0.008
17977,-1,0,0.029,0.000,0.029
17978,-1,0,0.000,0.000,0.000
17979,-1,0,0.001,0.000,0.001
17980,-1,0,0.001,0.000,0.001
17981,-1,27,0.004,0.000,0.004
17982,-1,11,0.002,0.000,0.003
17983,-1,0,0.002,0.000,0.002
17984,-1,0,0.001,0.000,0.001
17985,-1,0,0.000,0.000,0.000
17986,-1,1,0.001,0.000,0.001
17987,-1,0,0.413,0.000,0.414
17988,-1,0,0.001,0.000,0.001
17989,-1,0,0.467,0.000,0.467
17990,-1,5,0.003,0.000,0.003
17991,-1,0,0.003,0.000,0.003
17992,-1,0,0.021,0.000,0.021
17993,-1,0,0.339,0.000,0.339
17994,-1,0,0.003,0.000,0.003
17995,-1,4,0.002,0.000,0.002
17996,-1,1,0.001,0.000,0.001
17997,-1,0,0.001,0.000,0.001
17998,-1,0,0.147,0.000,0.147
17999,-1,0,0.000,0.000,0.001
18000,-1,0,0.007,0.000,0.007
18001,-1,2,0.001,0.000,0.001
18002,-1,0,0.001,0.000,0.001
18003,-1,0,0.001,0.000,0.001
18004,-1,0,0.011,0.000,0.011
18005,-1,0,0.003,0.000,0.003
18006,-1,0,0.001,0.000,0.001
18007,-1,0,0.007,0.000,0.007
18008,-1,0,0.023,0.000,0.024
18009,-1,0,0.002,0.000,0.002
18010,-1,3,0.001,0.000,0.001
18011,-1,0,0.003,0.000,0.003
18012,-1,3,0.001,0.000,0.001
18013,-1,0,0.001,0.000,0.001
18014,-1,0,0.000,0.000,0.001
18015,-1,0,0.009,0.000,0.009
18016,-1,0,0.004,0.000,0.004
18017,-1,0,0.000,0.000,0.001
18018,-1,1,0.454,0.000,0.454
18019,-1,0,0.001,0.000,0.001
18020,-1,0,0.001,0.000,0.001
18021,-1,0,0.001,0.000,0.001
18022,-1,0,0.003,0.000,0.003
18023,-1,0,0.003,0.000,0.003
18024,-1,2,0.001,0.000,0.001
18025,-1,0,0.008,0.000,0.008
18026,-1,3,0.002,0.000,0.002
18027,-1,0,0.001,0.000,0.001
18028,-1,0,0.001,0.000,0.001
18029,-1,0,0.009,0.000,0.009
18030,-1,0,0.002,0.000,0.002
18031,-1,0,0.001,0.000,0.001
18032,-1,0,0.004,0.000,0.004
18033,-1,0,0.003,0.000,0.003
18034,-1,0,0.004,0.000,0.005
18035,-1,0,0.001,0.000,0.001
18036,-1,0,0.000,0.000,0.000
18037,-1,0,0.001,0.000,0.001
18038,-1,0,0.015,0.000,0.016
18039,-1,0,0.006,0.000,0.006
18040,-1,0,0.007,0.000,0.007
18041,-1,0,0.001,0.000,0.001
18042,-1,2,0.317,0.000,0.318
18043,-1,0,0.003,0.000,0.003
18044,-1,0,0.002,0.000,0.002
18045,-1,2,0.215,0.000,0.215
18046,-1,1,0.001,0.000,0.001
18047,-1,0,0.014,0.000,0.014
18048,-1,0,0.003,0.000,0.003
18049,-1,0,0.077,0.000,0.077
18050,-1,0,0.009,0.000,0.009
18051,-1,0,0.001,0.000,0.001
18052,-1,0,0.007,0.000,0.007
18053,-1,1,0.001,0.000,0.001
18054,-1,0,0.001,0.000,0.001
18055,-1,0,0.171,0.000,0.171
18056,-1,0,0.002,0.000,0.002
18057,-1,0,0.009,0.000,0.009
18058,-1,10,1.510,0.000,1.511
18059,-1,0,0.040,0.000,0.040
18060,-1,0,0.006,0.000,0.006
18061,-1,0,0.001,0.000,0.001
18062,-1,0,0.040,0.000,0.040
18063,-1,0,0.003,0.000,0.003
18064,-1,1,0.001,0.000,0.001
18065,-1,0,0.003,0.000,0.003
18066,-1,0,0.003,0.000,0.003
18067,-1,0,0.003,0.000,0.003
18068,-1,0,0.006,0.000,0.006
18069,-1,0,0.002,0.000,0.002
18070,-1,0,0.002,0.000,0.002
18071,-1,0,0.001,0.000,0.001
18072,-1,0,0.002,0.000,0.002
18073,-1,0,0.003,0.000,0.003
18074,-1,0,0.006,0.000,0.006
18075,-1,0,0.004,0.000,0.004
18076,-1,0,0.009,0.000,0.009
18077,-1,1,0.001,0.000,0.001
18078,-1,1,0.001,0.000,0.001
18079,-1,0,0.001,0.000,0.001
18080,-1,0,0.001,0.000,0.001
18081,-1,0,0.000,0.000,0.001
18082,-1,0,0.001,0.000,0.001
18083,-1,0,0.012,0.000,0.012
18084,-1,2,0.883,0.000,0.883
18085,-1,0,0.001,0.000,0.001
18086,-1,46,0.010,0.000,0.010
18087,-1,0,0.000,0.000,0.001
18088,-1,0,0.001,0.000,0.001
18089,-1,0,0.002,0.000,0.002
18090,-1,0,0.001,0.000,0.001
18091,-1,0,0.069,0.000,0.069
18092,-1,0,0.001,0.000,0.001
18093,-1,0,0.003,0.000,0.003
18094,-1,1,0.328,0.000,0.328
18095,-1,0,0.005,0.000,0.005
18096,-1,0,0.001,0.000,0.001
18097,-1,0,0.001,0.000,0.001
18098,-1,0,0.012,0.000,0.012
18099,-1,0,0.001,0.000,0.001
18100,-1,0,0.229,0.000,0.229
18101,-1,0,0.001,0.000,0.001
18102,-1,1,0.001,0.000,0.001
18103,-1,0,0.016,0.000,0.016
18104,-1,0,0.002,0.000,0.002
18105,-1,0,0.001,0.000,0.001
18106,-1,0,0.001,0.000,0.001
18107,-1,0,0.001,0.000,0.001
18108,-1,0,0.050,0.000,0.050
18109,-1,0,0.014,0.000,0.014
18110,-1,0,0.005,0.000,0.005
18111,-1,0,0.000,0.000,0.000
18112,-1,0,0.016,0.000,0.016
18113,-1,0,0.001,0.000,0.001
18114,-1,0,0.011,0.000,0.011
18115,-1,0,0.001,0.000,0.001
18116,-1,4,0.002,0.000,0.002
18117,-1,0,0.052,0.000,0.052
18118,-1,0,0.001,0.000,0.001
18119,-1,0,0.001,0.000,0.001
18120,-1,3,0.007,0.000,0.007
18121,-1,0,0.001,0.000,0.001
18122,-1,1,0.039,0.000,0.039
18123,-1,5,0.002,0.000,0.002
18124,-1,0,0.004,0.000,0.004
18125,-1,0,0.171,0.000,0.172
18126,-1,10,2.089,0.000,2.090
18127,-1,0,0.007,0.000,0.008
18128,-1,0,0.001,0.000,0.001
18129,-1,0,0.005,0.000,0.005
18130,-1,0,0.001,0.000,0.001
18131,-1,0,0.046,0.000,0.046
18132,-1,0,0.001,0.000,0.001
18133,-1,0,0.003,0.000,0.003
18134,-1,0,0.001,0.000,0.001
18135,-1,0,0.004,0.000,0.004
18136,-1,0,0.014,0.000,0.014
18137,-1,1,0.011,0.000,0.011
18138,-1,0,0.082,0.000,0.082
18139,-1,0,0.009,0.000,0.009
18140,-1,0,0.007,0.000,0.007
18141,-1,0,0.077,0.000,0.077
18142,-1,0,0.004,0.000,0.004
18143,-1,0,0.056,0.000,0.057
18144,-1,0,0.170,0.000,0.170
18145,-1,5,1.010,0.000,1.010
18146,-1,0,0.001,0.000,0.001
18147,-1,0,0.005,0.000,0.005
18148,-1,0,0.003,0.000,0.004
18149,-1,0,0.001,0.000,0.001
18150,-1,0,0.000,0.000,0.001
18151,-1,0,0.003,0.000,0.003
18152,-1,0,0.007,0.000,0.007
18153,-1,0,0.006,0.000,0.006
18154,-1,0,0.039,0.000,0.039
18155,-1,0,0.001,0.000,0.001
18156,-1,0,0.002,0.000,0.002
18157,-1,1,0.001,0.000,0.001
18158,-1,0,0.000,0.000,0.000
18159,-1,0,0.001,0.000,0.001
18160,-1,28,0.004,0.000,0.004
18161,-1,0,0.009,0.000,0.009
18162,-1,0,0.008,0.000,0.008
18163,-1,0,0.002,0.000,0.002
18164,-1,0,0.077,0.000,0.077
18165,-1,5,0.002,0.000,0.002
18166,-1,0,0.003,0.000,0.003
18167,-1,0,0.002,0.000,0.002
18168,-1,4,0.001,0.000,0.001
18169,-1,0,0.002,0.000,0.002
18170,-1,0,0.003,0.000,0.003
18171,-1,0,0.001,0.000,0.001
18172,-1,0,0.001,0.000,0.001
18173,-1,0,0.001,0.000,0.001
18174,-1,0,0.001,0.000,0.001
18175,-1,0,0.010,0.000,0.010
18176,-1,0,0.004,0.000,0.004
18177,-1,0,0.000,0.000,0.001
18178,-1,1,0.121,0.000,0.121
18179,-1,0,0.001,0.000,0.001
18180,-1,0,0.029,0.000,0.029
18181,-1,0,0.004,0.000,0.004
18182,-1,1,0.028,0.000,0.028
18183,-1,1,0.001,0.000,0.001
18184,-1,0,0.003,0.000,0.003
18185,-1,0,0.003,0.000,0.003
18186,-1,0,0.012,0.000,0.012
18187,-1,0,0.004,0.000,0.004
18188,-1,0,0.000,0.000,0.001
18189,-1,0,0.003,0.000,0.003
18190,-1,0,0.011,0.000,0.011
18191,-1,0,0.001,0.000,0.001
18192,-1,0,0.001,0.000,0.001
18193,-1,0,0.006,0.000,0.006
18194,-1,0,0.001,0.000,0.001
18195,-1,0,0.001,0.000,0.001
18196,-1,0,0.002,0.000,0.002
18197,-1,1,0.238,0.000,0.238
18198,-1,0,0.000,0.000,0.001
18199,-1,0,0.000,0.000,0.001
18200,-1,0,0.001,0.000,0.002
18201,-1,0,0.003,0.000,0.003
18202,-1,1,0.001,0.000,0.001
18203,-1,0,0.001,0.000,0.001
18204,-1,0,0.001,0.000,0.001
18205,-1,0,0.001,0.000,0.001
18206,-1,0,0.002,0.000,0.002
18207,-1,0,0.003,0.000,0.003
18208,-1,0,0.000,0.000,0.000
18209,-1,0,0.052,0.000,0.052
18210,-1,0,0.001,0.000,0.002
18211,-1,0,0.001,0.000,0.001
18212,-1,0,0.001,0.000,0.001
18213,-1,11,0.002,0.000,0.003
18214,-1,26,0.004,0.000,0.004
18215,-1,0,0.001,0.000,0.001
18216,-1,1,0.005,0.000,0.005
18217,-1,0,0.004,0.000,0.004
18218,-1,0,0.000,0.000,0.000
18219,-1,0,0.001,0.000,0.001
18220,-1,4,0.002,0.000,0.002
18221,-1,1,0.094,0.000,0.094
18222,-1,0,0.008,0.000,0.008
18223,-1,0,0.003,0.000,0.003
18224,-1,7,0.002,0.000,0.002
18225,-1,23,0.005,0.000,0.005
18226,-1,0,0.004,0.000,0.004
18227,-1,0,0.001,0.000,0.001
18228,-1,0,0.001,0.000,0.001
18229,-1,0,0.000,0.000,0.000
18230,-1,0,0.006,0.000,0.006
18231,-1,0,0.003,0.000,0.003
18232,-1,0,0.001,0.000,0.001
18233,-1,0,0.010,0.000,0.010
18234,-1,0,0.002,0.000,0.002
18235,-1,0,0.002,0.000,0.002
18236,-1,0,0.001,0.000,0.001
18237,-1,2,0.001,0.000,0.001
18238,-1,2,0.007,0.000,0.007
18239,-1,0,0.037,0.000,0.037
18240,-1,0,0.000,0.000,0.000
18241,-1,0,0.033,0.000,0.033
18242,-1,0,0.004,0.000,0.004
18243,-1,0,0.008,0.000,0.008
18244,-1,0,0.008,0.000,0.008
18245,-1,0,0.001,0.000,0.001
18246,-1,0,0.004,0.000,0.004
18247,-1,10,0.002,0.000,0.003
18248,-1,0,0.003,0.000,0.003
18249,-1,0,0.001,0.000,0.001
18250,-1,0,0.002,0.000,0.002
18251,-1,0,0.002,0.000,0.003
18252,-1,1,0.001,0.000,0.001
18253,-1,2,0.001,0.000,0.002
18254,-1,0,0.000,0.000,0.001
18255,-1,0,0.005,0.000,0.005
18256,-1,6,0.002,0.000,0.003
18257,-1,0,0.001,0.000,0.001
18258,-1,0,0.001,0.000,0.001
18259,-1,0,0.001,0.000,0.001
18260,-1,0,0.009,0.000,0.009
18261,-1,0,0.003,0.000,0.003
18262,-1,0,0.003,0.000,0.003
18263,-1,0,0.001,0.000,0.001
18264,-1,0,0.008,0.000,0.009
18265,-1,0,0.002,0.000,0.002
18266,-1,0,0.001,0.000,0.001
18267,-1,0,0.003,0.000,0.003
18268,-1,0,0.001,0.000,0.001
18269,-1,0,0.011,0.000,0.012
18270,-1,0,0.002,0.000,0.002
18271,-1,0,0.002,0.000,0.002
18272,-1,1,0.103,0.000,0.103
18273,-1,0,0.009,0.000,0.009
18274,-1,0,0.001,0.000,0.001
18275,-1,0,0.005,0.000,0.005
18276,-1,0,0.002,0.000,0.002
18277,-1,0,0.002,0.000,0.002
18278,-1,0,0.016,0.000,0.016
18279,-1,0,0.008,0.000,0.009
18280,-1,1,0.205,0.000,0.205
18281,-1,0,0.041,0.000,0.041
18282,-1,0,0.001,0.000,0.001
18283,-1,0,0.004,0.000,0.004
18284,-1,0,0.001,0.000,0.001
18285,-1,0,0.001,0.000,0.001
18286,-1,0,0.003,0.000,0.003
18287,-1,0,0.001,0.000,0.001
18288,-1,0,0.009,0.000,0.009
18289,-1,0,0.002,0.000,0.002
18290,-1,0,0.000,0.000,0.000
18291,-1,0,0.003,0.000,0.003
18292,-1,0,0.007,0.000,0.007
18293,-1,32,0.007,0.000,0.008
18294,-1,0,0.079,0.000,0.079
18295,-1,0,0.036,0.000,0.037
18296,-1,0,0.004,0.000,0.004
18297,-1,0,0.003,0.000,0.003
18298,-1,0,0.001,0.000,0.001
18299,-1,0,0.009,0.000,0.009
18300,-1,5,0.002,0.000,0.002
18301,-1,0,0.002,0.000,0.002
18302,-1,0,0.007,0.000,0.007
18303,-1,0,0.001,0.000,0.001
18304,-1,0,0.006,0.000,0.006
18305,-1,0,0.002,0.000,0.002
18306,-1,0,0.012,0.000,0.012
18307,-1,0,0.005,0.000,0.005
18308,-1,0,0.009,0.000,0.009
18309,-1,0,0.001,0.000,0.001
18310,-1,0,0.004,0.000,0.004
18311,-1,0,0.005,0.000,0.005
18312,-1,0,0.003,0.000,0.003
18313,-1,0,0.003,0.000,0.003
18314,-1,0,0.018,0.000,0.018
18315,-1,0,0.000,0.000,0.000
18316,-1,2,0.001,0.000,0.001
18317,-1,0,0.001,0.000,0.001
18318,-1,0,0.009,0.000,0.010
18319,-1,0,0.003,0.000,0.003
18320,-1,0,0.000,0.000,0.001
18321,-1,0,0.007,0.000,0.007
18322,-1,0,0.000,0.000,0.001
18323,-1,0,0.001,0.000,0.001
18324,-1,0,0.002,0.000,0.002
18325,-1,0,0.001,0.000,0.001
18326,-1,0,0.001,0.000,0.001
18327,-1,0,0.002,0.000,0.002
18328,-1,0,0.001,0.000,0.001
18329,-1,0,0.001,0.000,0.001
18330,-1,0,0.068,0.000,0.068
18331,-1,0,0.001,0.000,0.001
18332,-1,0,0.012,0.000,0.012
18333,-1,1,0.100,0.000,0.100
18334,-1,10,1.509,0.000,1.510
18335,-1,0,0.001,0.000,0.001
18336,-1,3,0.408,0.000,0.408
18337,-1,0,0.009,0.000,0.009
18338,-1,0,0.036,0.000,0.036
18339,-1,0,0.005,0.000,0.005
18340,-1,1,0.001,0.000,0.001
18341,-1,0,0.009,0.000,0.009
18342,-1,0,0.038,0.000,0.038
18343,-1,0,0.000,0.000,0.001
18344,-1,0,0.000,0.000,0.000
18345,-1,0,0.001,0.000,0.001
18346,-1,0,0.001,0.000,0.001
18347,-1,0,0.001,0.000,0.001
18348,-1,0,0.001,0.000,0.001
18349,-1,0,0.001,0.000,0.001
18350,-1,0,0.001,0.000,0.001
18351,-1,0,0.003,0.000,0.003
18352,-1,0,0.011,0.000,0.011
18353,-1,0,0.008,0.000,0.008
18354,-1,0,0.008,0.000,0.008
18355,-1,0,0.008,0.000,0.008
18356,-1,1,0.015,0.000,0.015
18357,-1,0,0.000,0.000,0.001
18358,-1,0,0.000,0.000,0.001
18359,-1,0,0.001,0.000,0.001
18360,-1,0,0.003,0.000,0.003
18361,-1,0,0.001,0.000,0.001
18362,-1,0,0.001,0.000,0.001
18363,-1,0,0.005,0.000,0.005
18364,-1,0,0.009,0.000,0.009
18365,-1,0,0.003,0.000,0.003
18366,-1,0,0.000,0.000,0.001
18367,-1,0,0.001,0.000,0.001
18368,-1,0,0.002,0.000,0.002
18369,-1,0,0.001,0.000,0.001
18370,-1,0,0.003,0.000,0.004
18371,-1,1,0.001,0.000,0.001
18372,-1,0,0.001,0.000,0.001
18373,-1,0,0.001,0.000,0.001
18374,-1,1,0.001,0.000,0.001
18375,-1,0,0.004,0.000,0.004
18376,-1,0,0.006,0.000,0.006
18377,-1,3,0.002,0.000,0.002
18378,-1,0,0.000,0.000,0.001
18379,-1,0,0.001,0.000,0.001
18380,-1,0,0.001,0.000,0.001
18381,-1,0,0.006,0.000,0.006
18382,-1,34,0.006,0.000,0.006
18383,-1,0,0.061,0.000,0.061
18384,-1,0,0.005,0.000,0.005
18385,-1,0,0.004,0.000,0.004
18386,-1,0,0.001,0.000,0.001
18387,-1,1,0.001,0.000,0.001
18388,-1,0,0.005,0.000,0.005
18389,-1,0,0.022,0.000,0.022
18390,-1,0,0.000,0.000,0.001
18391,-1,2,0.001,0.000,0.001
18392,-1,0,0.021,0.000,0.021
18393,-1,0,0.002,0.000,0.002
18394,-1,1,0.019,0.000,0.019
18395,-1,1,0.001,0.000,0.001
18396,-1,0,0.007,0.000,0.007
18397,-1,0,0.003,0.000,0.003
18398,-1,0,0.001,0.000,0.001
18399,-1,0,0.001,0.000,0.001
18400,-1,1,0.084,0.000,0.084
18401,-1,0,0.005,0.000,0.006
18402,-1,0,0.001,0.000,0.001
18403,-1,0,0.025,0.000,0.025
18404,-1,2,0.001,0.000,0.001
18405,-1,0,0.003,0.000,0.003
18406,-1,0,0.001,0.000,0.001
18407,-1,1,0.010,0.000,0.010
18408,-1,0,0.001,0.000,0.001
18409,-1,0,0.005,0.000,0.005
18410,-1,1,0.001,0.000,0.001
18411,-1,0,0.004,0.000,0.005
18412,-1,0,0.006,0.000,0.006
18413,-1,0,0.002,0.000,0.003
18414,-1,1,0.201,0.000,0.201
18415,-1,0,0.001,0.000,0.001
18416,-1,0,0.001,0.000,0.001
18417,-1,0,0.010,0.000,0.010
18418,-1,0,0.001,0.000,0.001
18419,-1,0,0.001,0.000,0.001
18420,-1,0,0.001,0.000,0.001
18421,-1,0,0.002,0.000,0.003
18422,-1,5,0.899,0.000,0.900
18423,-1,19,0.003,0.000,0.003
18424,-1,0,0.002,0.000,0.002
18425,-1,0,0.002,0.000,0.002
18426,-1,0,0.001,0.000,0.001
18427,-1,0,0.120,0.000,0.120
18428,-1,0,0.002,0.000,0.002
18429,-1,0,0.001,0.000,0.001
18430,-1,0,0.005,0.000,0.005
18431,-1,5,0.921,0.000,0.921
18432,-1,0,0.004,0.000,0.004
18433,-1,0,0.004,0.000,0.004
18434,-1,0,0.001,0.000,0.001
18435,-1,0,0.001,0.000,0.001
18436,-1,0,0.004,0.000,0.004
18437,-1,0,0.000,0.000,0.001
18438,-1,0,0.001,0.000,0.001
18439,-1,0,0.003,0.000,0.003
18440,-1,0,0.001,0.000,0.001
18441,-1,1,0.001,0.000,0.001
18442,-1,0,0.001,0.000,0.002
18443,-1,0,0.003,0.000,0.003
18444,-1,0,0.011,0.000,0.011
18445,-1,0,0.004,0.000,0.004
18446,-1,0,0.001,0.000,0.001
18447,-1,0,0.003,0.000,0.003
18448,-1,0,0.066,0.000,0.066
18449,-1,0,0.001,0.000,0.001
18450,-1,0,0.009,0.000,0.009
18451,-1,2,0.001,0.000,0.001
18452,-1,3,0.001,0.000,0.001
18453,-1,0,0.001,0.000,0.001
18454,-1,0,0.008,0.000,0.008
18455,-1,0,0.003,0.000,0.003
18456,-1,0,0.000,0.000,0.000
18457,-1,0,0.002,0.000,0.002
18458,-1,0,0.003,0.000,0.003
18459,-1,2,0.001,0.000,0.001
18460,-1,0,0.001,0.000,0.001
18461,-1,0,0.004,0.000,0.004
18462,-1,0,0.002,0.000,0.002
18463,-1,5,0.002,0.000,0.002
18464,-1,0,0.005,0.000,0.005
18465,-1,0,0.006,0.000,0.006
18466,-1,0,0.001,0.000,0.001
18467,-1,0,0.000,0.000,0.000
18468,-1,0,0.001,0.000,0.001
18469,-1,0,0.001,0.000,0.001
18470,-1,0,0.001,0.000,0.001
18471,-1,0,0.003,0.000,0.003
18472,-1,0,0.001,0.000,0.001
18473,-1,4,0.002,0.000,0.002
18474,-1,0,0.002,0.000,0.003
18475,-1,0,0.001,0.000,0.001
18476,-1,1,0.054,0.000,0.054
18477,-1,2,0.001,0.000,0.001
18478,-1,0,0.001,0.000,0.001
18479,-1,0,0.004,0.000,0.004
18480,-1,0,0.009,0.000,0.009
18481,-1,0,0.008,0.000,0.008
18482,-1,0,0.013,0.000,0.013
18483,-1,3,0.001,0.000,0.001
18484,-1,5,0.001,0.000,0.001
18485,-1,1,0.007,0.000,0.007
18486,-1,0,0.001,0.000,0.001
18487,-1,0,0.001,0.000,0.001
18488,-1,0,0.002,0.000,0.002
18489,-1,0,0.001,0.000,0.001
18490,-1,0,0.001,0.000,0.001
18491,-1,1,0.474,0.000,0.474
18492,-1,1,0.008,0.000,0.008
18493,-1,1,0.011,0.000,0.012
18494,-1,0,0.001,0.000,0.001
18495,-1,0,0.001,0.000,0.001
18496,-1,0,0.001,0.000,0.001
18497,-1,0,0.007,0.000,0.007
18498,-1,0,0.006,0.000,0.006
18499,-1,0,0.009,0.000,0.009
18500,-1,0,0.006,0.000,0.006
18501,-1,0,0.006,0.000,0.006
18502,-1,0,0.004,0.000,0.004
18503,-1,0,0.009,0.000,0.010
18504,-1,0,0.011,0.000,0.011
18505,-1,0,0.001,0.000,0.001
18506,-1,0,0.001,0.000,0.001
18507,-1,2,0.001,0.000,0.001
18508,-1,0,0.001,0.000,0.001
18509,-1,49,0.006,0.000,0.006
18510,-1,0,0.000,0.000,0.000
18511,-1,0,0.001,0.000,0.001
18512,-1,0,0.028,0.000,0.028
18513,-1,0,0.003,0.000,0.003
18514,-1,0,0.002,0.000,0.002
18515,-1,1,0.001,0.000,0.001
18516,-1,0,0.000,0.000,0.000
18517,-1,0,0.001,0.000,0.001
18518,-1,0,0.002,0.000,0.002
18519,-1,0,0.000,0.000,0.000
18520,-1,0,0.001,0.000,0.001
18521,-1,0,0.086,0.000,0.086
18522,-1,0,0.004,0.000,0.004
18523,-1,0,0.002,0.000,0.002
18524,-1,0,0.010,0.000,0.010
18525,-1,0,0.004,0.000,0.004
18526,-1,0,0.015,0.000,0.015
18527,-1,0,0.002,0.000,0.002
18528,-1,0,0.007,0.000,0.007
18529,-1,0,0.001,0.000,0.001
18530,-1,0,0.001,0.000,0.001
18531,-1,0,0.167,0.000,0.167
18532,-1,0,0.002,0.000,0.002
18533,-1,0,0.001,0.000,0.001
18534,-1,0,0.008,0.000,0.008
18535,-1,0,0.002,0.000,0.002
18536,-1,0,0.001,0.000,0.001
18537,-1,0,0.090,0.000,0.090
18538,-1,0,0.000,0.000,0.000
18539,-1,0,0.003,0.000,0.003
18540,-1,0,0.000,0.000,0.000
18541,-1,0,0.001,0.000,0.001
18542,-1,0,0.001,0.000,0.001
18543,-1,0,0.001,0.000,0.001
18544,-1,0,0.005,0.000,0.005
18545,-1,0,0.013,0.000,0.013
18546,-1,1,0.034,0.000,0.034
18547,-1,3,0.001,0.000,0.001
18548,-1,0,0.003,0.000,0.003
18549,-1,0,0.002,0.000,0.002
18550,-1,0,0.002,0.000,0.002
18551,-1,0,0.003,0.000,0.003
18552,-1,0,0.002,0.000,0.002
18553,-1,0,0.000,0.000,0.000
18554,-1,0,0.001,0.000,0.001
18555,-1,0,0.004,0.000,0.004
18556,-1,1,0.001,0.000,0.001
18557,-1,0,0.001,0.000,0.001
18558,-1,0,0.001,0.000,0.001
18559,-1,0,0.000,0.000,0.000
18560,-1,3,0.001,0.000,0.001
18561,-1,0,0.002,0.000,0.002
18562,-1,0,0.005,0.000,0.005
18563,-1,0,0.048,0.000,0.048
18564,-1,2,0.001,0.000,0.001
18565,-1,0,0.003,0.000,0.003
18566,-1,0,0.002,0.000,0.002
18567,-1,0,0.003,0.000,0.003
18568,-1,0,0.000,0.000,0.000
18569,-1,1,0.427,0.000,0.427
18570,-1,0,0.015,0.000,0.015
18571,-1,0,0.009,0.000,0.009
18572,-1,0,0.021,0.000,0.021
18573,-1,0,0.000,0.000,0.001
18574,-1,0,0.003,0.000,0.003
18575,-1,3,0.002,0.000,0.002
18576,-1,0,0.001,0.000,0.001
18577,-1,0,0.005,0.000,0.005
18578,-1,0,0.010,0.000,0.011
18579,-1,0,0.010,0.000,0.010
18580,-1,0,0.001,0.000,0.001
18581,-1,2,0.970,0.000,0.970
18582,-1,0,0.009,0.000,0.009
18583,-1,0,0.003,0.000,0.003
18584,-1,0,0.001,0.000,0.001
18585,-1,0,0.001,0.000,0.001
18586,-1,0,0.001,0.000,0.001
18587,-1,0,0.094,0.000,0.094
18588,-1,0,0.000,0.000,0.001
18589,-1,0,0.000,0.000,0.000
18590,-1,0,0.060,0.000,0.061
18591,-1,0,0.009,0.000,0.009
18592,-1,0,0.009,0.000,0.009
18593,-1,0,0.013,0.000,0.013
18594,-1,0,0.001,0.000,0.001
18595,-1,0,0.003,0.000,0.003
18596,-1,0,0.003,0.000,0.003
18597,-1,4,0.529,0.000,0.529
18598,-1,1,0.011,0.000,0.011
18599,-1,0,0.013,0.000,0.013
18600,-1,0,0.001,0.000,0.001
18601,-1,0,0.001,0.000,0.001
18602,-1,0,0.009,0.000,0.010
18603,-1,0,0.003,0.000,0.003
18604,-1,1,0.013,0.000,0.013
18605,-1,0,0.000,0.000,0.001
18606,-1,0,0.003,0.000,0.003
18607,-1,3,0.002,0.000,0.002
18608,-1,0,0.009,0.000,0.009
18609,-1,0,0.001,0.000,0.001
18610,-1,0,0.001,0.000,0.001
18611,-1,0,0.008,0.000,0.008
18612,-1,0,0.001,0.000,0.001
18613,-1,0,0.018,0.000,0.018
18614,-1,2,0.001,0.000,0.001
18615,-1,0,0.002,0.000,0.002
18616,-1,0,0.000,0.000,0.001
18617,-1,0,0.002,0.000,0.002
18618,-1,0,0.007,0.000,0.007
18619,-1,0,0.001,0.000,0.001
18620,-1,2,0.001,0.000,0.001
18621,-1,0,0.003,0.000,0.003
18622,-1,0,0.001,0.000,0.001
18623,-1,0,0.017,0.000,0.017
18624,-1,0,0.003,0.000,0.003
18625,-1,1,0.002,0.000,0.002
18626,-1,0,0.002,0.000,0.002
18627,-1,0,0.001,0.000,0.001
18628,-1,0,0.001,0.000,0.001
18629,-1,0,0.001,0.000,0.001
18630,-1,0,0.001,0.000,0.001
18631,-1,0,0.034,0.000,0.034
18632,-1,0,0.001,0.000,0.001
18633,-1,0,0.009,0.000,0.009
18634,-1,2,0.001,0.000,0.001
18635,-1,4,0.001,0.000,0.001
18636,-1,4,0.006,0.000,0.006
18637,-1,10,1.712,0.000,1.712
18638,-1,0,0.006,0.000,0.006
18639,-1,1,0.174,0.000,0.174
18640,-1,0,0.072,0.000,0.072
18641,-1,0,0.001,0.000,0.001
18642,-1,3,0.002,0.000,0.002
18643,-1,0,0.001,0.000,0.001
18644,-1,0,0.003,0.000,0.003
18645,-1,0,0.063,0.000,0.064
18646,-1,0,0.000,0.000,0.000
18647,-1,0,0.008,0.000,0.008
18648,-1,0,0.002,0.000,0.003
18649,-1,0,0.003,0.000,0.003
18650,-1,0,0.008,0.000,0.008
18651,-1,0,0.001,0.000,0.001
18652,-1,0,0.000,0.000,0.001
18653,-1,0,0.010,0.000,0.010
18654,-1,0,0.008,0.000,0.008
18655,-1,0,0.001,0.000,0.001
18656,-1,0,0.001,0.000,0.001
18657,-1,0,0.010,0.000,0.010
18658,-1,0,0.003,0.000,0.003
18659,-1,0,0.004,0.000,0.004
18660,-1,0,0.392,0.000,0.392
18661,-1,0,0.364,0.000,0.364
18662,-1,0,0.003,0.000,0.003
18663,-1,0,0.003,0.000,0.003
18664,-1,0,0.007,0.000,0.007
18665,-1,0,0.011,0.000,0.011
18666,-1,0,0.001,0.000,0.001
18667,-1,0,0.010,0.000,0.010
18668,-1,0,0.000,0.000,0.000
18669,-1,0,0.008,0.000,0.009
18670,-1,0,0.001,0.000,0.001
18671,-1,0,0.001,0.000,0.001
18672,-1,0,0.001,0.000,0.001
18673,-1,0,0.000,0.000,0.001
18674,-1,3,0.001,0.000,0.001
18675,-1,32,0.004,0.000,0.004
18676,-1,0,0.036,0.000,0.037
18677,-1,0,0.002,0.000,0.002
18678,-1,0,0.003,0.000,0.003
18679,-1,0,0.003,0.000,0.003
18680,-1,0,0.001,0.000,0.001
18681,-1,0,0.001,0.000,0.001
18682,-1,1,0.100,0.000,0.101
18683,-1,0,0.054,0.000,0.054
18684,-1,0,0.006,0.000,0.006
18685,-1,0,0.001,0.000,0.001
18686,-1,0,0.001,0.000,0.001
18687,-1,0,0.003,0.000,0.003
18688,-1,0,0.014,0.000,0.014
18689,-1,0,0.027,0.000,0.027
18690,-1,1,0.015,0.000,0.015
18691,-1,0,0.013,0.000,0.013
18692,-1,0,0.001,0.000,0.001
18693,-1,0,0.007,0.000,0.007
18694,-1,2,0.001,0.000,0.001
18695,-1,0,0.001,0.000,0.001
18696,-1,0,0.053,0.000,0.053
18697,-1,0,0.022,0.000,0.023
18698,-1,0,0.001,0.000,0.001
18699,-1,0,0.017,0.000,0.017
18700,-1,0,0.001,0.000,0.001
18701,-1,0,0.001,0.000,0.001
18702,-1,0,0.002,0.000,0.002
18703,-1,0,0.006,0.000,0.006
18704,-1,0,0.011,0.000,0.011
18705,-1,0,0.001,0.000,0.001
18706,-1,0,0.001,0.000,0.001
18707,-1,0,0.000,0.000,0.001
18708,-1,1,0.009,0.000,0.009
18709,-1,0,0.004,0.000,0.004
18710,-1,0,0.001,0.000,0.001
18711,-1,0,0.000,0.000,0.001
18712,-1,0,0.000,0.000,0.000
18713,-1,0,0.001,0.000,0.001
18714,-1,0,0.001,0.000,0.001
18715,-1,0,0.000,0.000,0.000
18716,-1,0,0.003,0.000,0.003
18717,-1,0,0.001,0.000,0.001
18718,-1,0,0.000,0.000,0.001
18719,-1,1,0.001,0.000,0.001
18720,-1,0,0.007,0.000,0.008
18721,-1,0,0.003,0.000,0.003
18722,-1,0,0.002,0.000,0.002
18723,-1,0,0.001,0.000,0.001
18724,-1,0,0.002,0.000,0.002
18725,-1,0,0.000,0.000,0.000
18726,-1,0,0.000,0.000,0.000
18727,-1,0,0.001,0.000,0.001
18728,-1,0,0.006,0.000,0.006
18729,-1,0,0.007,0.000,0.007
18730,-1,2,0.001,0.000,0.001
18731,-1,0,0.003,0.000,0.003
18732,-1,5,0.001,0.000,0.002
18733,-1,1,0.063,0.000,0.063
18734,-1,0,0.001,0.000,0.001
18735,-1,0,0.006,0.000,0.006
18736,-1,0,0.001,0.000,0.001
18737,-1,0,0.003,0.000,0.003
18738,-1,0,0.001,0.000,0.001
18739,-1,0,0.002,0.000,0.002
18740,-1,0,0.003,0.000,0.003
18741,-1,0,0.009,0.000,0.009
18742,-1,0,0.010,0.000,0.010
18743,-1,0,0.001,0.000,0.001
18744,-1,0,0.001,0.000,0.001
18745,-1,0,0.003,0.000,0.003
18746,-1,0,0.004,0.000,0.004
18747,-1,0,0.000,0.000,0.000
18748,-1,0,0.007,0.000,0.007
18749,-1,0,0.000,0.000,0.000
18750,-1,0,0.000,0.000,0.000
18751,-1,0,0.001,0.000,0.001
18752,-1,0,0.001,0.000,0.001
18753,-1,0,0.011,0.000,0.011
18754,-1,0,0.014,0.000,0.014
18755,-1,0,0.002,0.000,0.002
18756,-1,0,0.007,0.000,0.007
18757,-1,0,0.003,0.000,0.003
18758,-1,0,0.002,0.000,0.002
18759,-1,0,0.000,0.000,0.000
18760,-1,2,0.001,0.000,0.001
18761,-1,0,0.003,0.000,0.003
18762,-1,1,0.001,0.000,0.001
18763,-1,0,0.000,0.000,0.000
18764,-1,0,0.001,0.000,0.001
18765,-1,0,0.007,0.000,0.007
18766,-1,0,0.003,0.000,0.003
18767,-1,0,0.005,0.000,0.005
18768,-1,0,0.012,0.000,0.012
18769,-1,0,0.007,0.000,0.007
18770,-1,0,0.001,0.000,0.001
18771,-1,0,0.032,0.000,0.032
18772,-1,1,0.001,0.000,0.001
18773,-1,0,0.004,0.000,0.004
18774,-1,0,0.001,0.000,0.001
18775,-1,0,0.001,0.000,0.001
18776,-1,0,0.001,0.000,0.001
18777,-1,0,0.009,0.000,0.009
18778,-1,0,0.000,0.000,0.001
18779,-1,2,0.001,0.000,0.001
18780,-1,0,0.002,0.000,0.002
18781,-1,0,0.002,0.000,0.002
18782,-1,0,0.007,0.000,0.007
18783,-1,0,0.000,0.000,0.000
18784,-1,0,0.017,0.000,0.017
18785,-1,0,0.007,0.000,0.007
18786,-1,2,0.001,0.000,0.001
18787,-1,0,0.002,0.000,0.002
18788,-1,0,0.001,0.000,0.001
18789,-1,0,0.001,0.000,0.001
18790,-1,0,0.000,0.000,0.001
18791,-1,0,0.001,0.000,0.001
18792,-1,0,0.003,0.000,0.003
18793,-1,0,0.002,0.000,0.002
18794,-1,0,0.000,0.000,0.001
18795,-1,0,0.001,0.000,0.001
18796,-1,0,0.012,0.000,0.013
18797,-1,0,0.001,0.000,0.001
18798,-1,0,0.001,0.000,0.001
18799,-1,0,0.000,0.000,0.000
18800,-1,0,0.001,0.000,0.001
18801,-1,1,0.001,0.000,0.001
18802,-1,0,0.008,0.000,0.008
18803,-1,0,0.000,0.000,0.001
18804,-1,0,0.003,0.000,0.003
18805,-1,0,0.000,0.000,0.001
18806,-1,0,0.001,0.000,0.001
18807,-1,1,0.382,0.000,0.382
18808,-1,0,0.009,0.000,0.009
18809,-1,0,0.001,0.000,0.001
18810,-1,0,0.001,0.000,0.001
18811,-1,0,0.014,0.000,0.014
18812,-1,0,0.002,0.000,0.002
18813,-1,0,0.011,0.000,0.011
18814,-1,0,0.001,0.000,0.001
18815,-1,0,0.003,0.000,0.003
18816,-1,4,0.002,0.000,0.002
18817,-1,5,0.908,0.000,0.908
18818,-1,0,0.007,0.000,0.008
18819,-1,0,0.001,0.000,0.001
18820,-1,0,0.107,0.000,0.107
18821,-1,0,0.001,0.000,0.001
18822,-1,0,0.005,0.000,0.005
18823,-1,0,0.001,0.000,0.001
18824,-1,0,0.001,0.000,0.001
18825,-1,0,0.152,0.000,0.152
18826,-1,0,0.003,0.000,0.003
18827,-1,0,0.009,0.000,0.009
18828,-1,0,0.000,0.000,0.000
18829,-1,0,0.000,0.000,0.000
18830,-1,0,0.003,0.000,0.004
18831,-1,2,0.001,0.000,0.001
18832,-1,0,0.003,0.000,0.003
18833,-1,7,0.003,0.000,0.003
18834,-1,0,0.002,0.000,0.002
18835,-1,0,0.011,0.000,0.011
18836,-1,0,0.004,0.000,0.004
18837,-1,0,0.001,0.000,0.001
18838,-1,0,0.014,0.000,0.014
18839,-1,0,0.004,0.000,0.004
18840,-1,0,0.000,0.000,0.001
18841,-1,0,0.085,0.000,0.085
18842,-1,9,0.003,0.000,0.003
18843,-1,0,0.000,0.000,0.000
18844,-1,0,0.002,0.000,0.002
18845,-1,0,0.000,0.000,0.000
18846,-1,0,0.009,0.000,0.010
18847,-1,0,0.001,0.000,0.001
18848,-1,0,0.010,0.000,0.010
18849,-1,0,0.003,0.000,0.003
18850,-1,0,0.001,0.000,0.001
18851,-1,0,0.001,0.000,0.001
18852,-1,0,0.009,0.000,0.009
18853,-1,0,0.003,0.000,0.003
18854,-1,0,0.003,0.000,0.003
18855,-1,0,0.001,0.000,0.001
18856,-1,0,0.004,0.000,0.004
18857,-1,0,0.004,0.000,0.004
18858,-1,1,0.517,0.000,0.518
18859,-1,0,0.001,0.000,0.001
18860,-1,0,0.010,0.000,0.010
18861,-1,0,0.001,0.000,0.001
18862,-1,5,0.002,0.000,0.002
18863,-1,1,0.001,0.000,0.001
18864,-1,0,0.020,0.000,0.020
18865,-1,0,0.015,0.000,0.015
18866,-1,0,0.001,0.000,0.001
18867,-1,0,0.011,0.000,0.011
18868,-1,0,0.003,0.000,0.003
18869,-1,0,0.000,0.000,0.001
18870,-1,0,0.004,0.000,0.004
18871,-1,0,0.000,0.000,0.000
18872,-1,0,0.001,0.000,0.001
18873,-1,0,0.001,0.000,0.001
18874,-1,0,0.008,0.000,0.008
18875,-1,0,0.015,0.000,0.015
18876,-1,0,0.000,0.000,0.000
18877,-1,1,0.001,0.000,0.001
18878,-1,0,0.005,0.000,0.005
18879,-1,0,0.001,0.000,0.001
18880,-1,0,0.003,0.000,0.003
18881,-1,0,0.001,0.000,0.001
18882,-1,3,0.433,0.000,0.434
18883,-1,0,0.001,0.000,0.001
18884,-1,0,0.009,0.000,0.009
18885,-1,0,0.001,0.000,0.001
18886,-1,0,0.001,0.000,0.001
18887,-1,0,0.016,0.000,0.016
18888,-1,3,0.001,0.000,0.001
18889,-1,0,0.013,0.000,0.013
18890,-1,0,0.088,0.000,0.088
18891,-1,0,0.001,0.000,0.001
18892,-1,0,0.002,0.000,0.002
18893,-1,0,0.000,0.000,0.000
18894,-1,0,0.003,0.000,0.003
18895,-1,0,0.003,0.000,0.003
18896,-1,0,0.010,0.000,0.010
18897,-1,0,0.077,0.000,0.077
18898,-1,0,0.001,0.000,0.001
18899,-1,0,0.003,0.000,0.003
18900,-1,0,0.001,0.000,0.001
18901,-1,0,0.000,0.000,0.000
18902,-1,0,0.001,0.000,0.001
18903,-1,0,0.001,0.000,0.001
18904,-1,0,0.000,0.000,0.000
18905,-1,0,0.003,0.000,0.003
18906,-1,1,0.068,0.000,0.068
18907,-1,0,0.014,0.000,0.014
18908,-1,0,0.000,0.000,0.001
18909,-1,0,0.002,0.000,0.002
18910,-1,0,0.002,0.000,0.002
18911,-1,0,0.012,0.000,0.012
18912,-1,7,0.001,0.000,0.002
18913,-1,0,0.004,0.000,0.004
18914,-1,0,0.000,0.000,0.001
18915,-1,0,0.000,0.000,0.001
18916,-1,0,0.002,0.000,0.002
18917,-1,0,0.002,0.000,0.002
18918,-1,0,0.058,0.000,0.058
18919,-1,0,0.000,0.000,0.001
18920,-1,0,0.012,0.000,0.012
18921,-1,0,0.001,0.000,0.001
18922,-1,0,0.011,0.000,0.011
18923,-1,0,0.000,0.000,0.000
18924,-1,0,0.001,0.000,0.001
18925,-1,0,0.002,0.000,0.002
18926,-1,0,0.001,0.000,0.001
18927,-1,1,0.011,0.000,0.011
18928,-1,0,0.001,0.000,0.001
18929,-1,0,0.008,0.000,0.008
18930,-1,0,0.004,0.000,0.004
18931,-1,0,0.001,0.000,0.001
18932,-1,0,0.002,0.000,0.002
18933,-1,0,0.013,0.000,0.013
18934,-1,0,0.000,0.000,0.000
18935,-1,0,0.004,0.000,0.004
18936,-1,0,0.001,0.000,0.001
18937,-1,0,0.003,0.000,0.003
18938,-1,0,0.002,0.000,0.003
18939,-1,0,0.004,0.000,0.004
18940,-1,0,0.012,0.000,0.013
18941,-1,0,0.001,0.000,0.001
18942,-1,0,0.002,0.000,0.003
18943,-1,0,0.007,0.000,0.007
18944,-1,10,1.287,0.000,1.287
18945,-1,0,0.001,0.000,0.001
18946,-1,0,0.008,0.000,0.008
18947,-1,0,0.006,0.000,0.007
18948,-1,2,0.001,0.000,0.001
18949,-1,0,0.008,0.000,0.008
18950,-1,0,0.001,0.000,0.001
18951,-1,0,0.001,0.000,0.001
18952,-1,0,0.197,0.000,0.197
18953,-1,8,0.002,0.000,0.002
18954,-1,0,0.007,0.000,0.007
18955,-1,0,0.047,0.000,0.047
18956,-1,0,0.045,0.000,0.045
18957,-1,0,0.001,0.000,0.001
18958,-1,0,0.001,0.000,0.001
18959,-1,0,0.012,0.000,0.012
18960,-1,0,0.000,0.000,0.000
18961,-1,0,0.007,0.000,0.007
18962,-1,0,0.007,0.000,0.008
18963,-1,0,0.007,0.000,0.007
18964,-1,0,0.002,0.000,0.002
18965,-1,0,0.008,0.000,0.008
18966,-1,0,0.001,0.000,0.001
18967,-1,0,0.001,0.000,0.001
18968,-1,0,0.003,0.000,0.003
18969,-1,0,0.001,0.000,0.001
18970,-1,0,0.001,0.000,0.001
18971,-1,0,0.001,0.000,0.001
18972,-1,0,0.017,0.000,0.017
18973,-1,0,0.001,0.000,0.001
18974,-1,1,0.001,0.000,0.001
18975,-1,0,0.002,0.000,0.002
18976,-1,0,0.001,0.000,0.001
18977,-1,0,0.010,0.000,0.010
18978,-1,0,0.001,0.000,0.001
18979,-1,0,0.001,0.000,0.001
18980,-1,0,0.004,0.000,0.004
18981,-1,2,0.001,0.000,0.001
18982,-1,0,0.001,0.000,0.001
18983,-1,0,0.025,0.000,0.025
18984,-1,0,0.001,0.000,0.001
18985,-1,0,0.004,0.000,0.004
18986,-1,2,0.001,0.000,0.001
18987,-1,0,0.002,0.000,0.002
18988,-1,0,0.006,0.000,0.007
18989,-1,0,0.002,0.000,0.002
18990,-1,0,0.005,0.000,0.005
18991,-1,0,0.003,0.000,0.004
18992,-1,0,0.001,0.000,0.001
18993,-1,2,0.237,0.000,0.237
18994,-1,0,0.003,0.000,0.003
18995,-1,0,0.001,0.000,0.001
18996,-1,0,0.000,0.000,0.000
18997,-1,0,0.001,0.000,0.001
18998,-1,0,0.001,0.000,0.001
18999,-1,0,0.010,0.000,0.010
19000,-1,0,0.001,0.000,0.001
19001,-1,0,0.001,0.000,0.001
19002,-1,0,0.000,0.000,0.000
19003,-1,0,0.002,0.000,0.002
19004,-1,23,0.004,0.000,0.004
19005,-1,0,0.001,0.000,0.001
19006,-1,0,0.005,0.000,0.005
19007,-1,0,0.004,0.000,0.004
19008,-1,0,0.002,0.000,0.002
19009,-1,0,0.000,0.000,0.000
19010,-1,0,0.001,0.000,0.001
19011,-1,1,0.001,0.000,0.001
19012,-1,0,0.001,0.000,0.001
19013,-1,0,0.007,0.000,0.007
19014,-1,0,0.002,0.000,0.002
19015,-1,0,0.002,0.000,0.002
19016,-1,0,0.003,0.000,0.003
19017,-1,0,0.000,0.000,0.001
19018,-1,5,0.001,0.000,0.001
19019,-1,3,0.001,0.000,0.001
19020,-1,2,0.060,0.000,0.060
19021,-1,0,0.003,0.000,0.003
19022,-1,42,0.008,0.000,0.008
19023,-1,0,0.000,0.000,0.001
19024,-1,0,0.002,0.000,0.002
19025,-1,1,0.156,0.000,0.156
19026,-1,0,0.007,0.000,0.007
19027,-1,1,0.001,0.000,0.001
19028,-1,0,0.000,0.000,0.000
19029,-1,0,0.002,0.000,0.002
19030,-1,0,0.003,0.000,0.003
19031,-1,9,0.002,0.000,0.002
19032,-1,0,0.000,0.000,0.000
19033,-1,0,0.004,0.000,0.004
19034,-1,0,0.009,0.000,0.009
19035,-1,0,0.080,0.000,0.080
19036,-1,0,0.003,0.000,0.003
19037,-1,0,0.049,0.000,0.049
19038,-1,0,0.000,0.000,0.001
19039,-1,0,0.000,0.000,0.000
19040,-1,1,0.011,0.000,0.011
19041,-1,0,0.003,0.000,0.003
19042,-1,0,0.001,0.000,0.001
19043,-1,0,0.001,0.000,0.001
19044,-1,0,0.001,0.000,0.001
19045,-1,0,0.000,0.000,0.001
19046,-1,0,0.003,0.000,0.003
19047,-1,0,0.001,0.000,0.001
19048,-1,0,0.001,0.000,0.001
19049,-1,0,0.005,0.000,0.005
19050,-1,0,0.000,0.000,0.001
19051,-1,0,0.001,0.000,0.002
19052,-1,4,0.002,0.000,0.002
19053,-1,0,0.001,0.000,0.001
19054,-1,0,0.207,0.000,0.207
19055,-1,0,0.001,0.000,0.001
19056,-1,0,0.003,0.000,0.003
19057,-1,0,0.038,0.000,0.038
19058,-1,0,0.009,0.000,0.009
19059,-1,0,0.000,0.000,0.000
19060,-1,1,0.001,0.000,0.001
19061,-1,0,0.001,0.000,0.001
19062,-1,0,0.034,0.000,0.034
19063,-1,3,0.001,0.000,0.002
19064,-1,1,0.167,0.000,0.167
19065,-1,0,0.008,0.000,0.008
19066,-1,0,0.007,0.000,0.007
19067,-1,0,0.001,0.000,0.001
19068,-1,0,0.001,0.000,0.001
19069,-1,0,0.050,0.000,0.050
19070,-1,0,0.008,0.000,0.008
19071,-1,0,0.000,0.000,0.000
19072,-1,0,0.000,0.000,0.000
19073,-1,0,0.235,0.000,0.235
19074,-1,0,0.001,0.000,0.001
19075,-1,2,0.001,0.000,0.001
19076,-1,0,0.003,0.000,0.003
19077,-1,0,0.000,0.000,0.001
19078,-1,0,0.008,0.000,0.008
19079,-1,0,0.001,0.000,0.001
19080,-1,0,0.013,0.000,0.013
19081,-1,5,0.782,0.000,0.782
19082,-1,0,0.003,0.000,0.003
19083,-1,0,0.001,0.000,0.001
19084,-1,2,0.001,0.000,0.001
19085,-1,0,0.070,0.000,0.070
19086,-1,1,0.001,0.000,0.001
19087,-1,0,0.012,0.000,0.012
19088,-1,0,0.248,0.000,0.248
19089,-1,5,0.002,0.000,0.002
19090,-1,0,0.064,0.000,0.064
19091,-1,0,0.005,0.000,0.005
19092,-1,5,0.002,0.000,0.002
19093,-1,0,0.127,0.000,0.127
19094,-1,8,0.002,0.000,0.003
19095,-1,0,0.000,0.000,0.001
19096,-1,0,0.002,0.000,0.002
19097,-1,0,0.001,0.000,0.001
19098,-1,0,0.133,0.000,0.133
19099,-1,5,0.803,0.000,0.803
19100,-1,0,0.010,0.000,0.010
19101,-1,0,0.004,0.000,0.004
19102,-1,0,0.001,0.000,0.002
19103,-1,0,0.001,0.000,0.001
19104,-1,0,0.001,0.000,0.001
19105,-1,0,0.106,0.000,0.106
19106,-1,0,0.004,0.000,0.004
19107,-1,0,0.007,0.000,0.007
19108,-1,0,0.001,0.000,0.001
19109,-1,0,0.003,0.000,0.003
19110,-1,0,0.001,0.000,0.001
19111,-1,0,0.017,0.000,0.017
19112,-1,0,0.008,0.000,0.008
19113,-1,0,0.000,0.000,0.000
19114,-1,0,0.003,0.000,0.003
19115,-1,0,0.000,0.000,0.000
19116,-1,0,0.000,0.000,0.001
19117,-1,0,0.003,0.000,0.003
19118,-1,0,0.005,0.000,0.005
19119,-1,0,0.003,0.000,0.003
19120,-1,0,0.001,0.000,0.001
19121,-1,0,0.008,0.000,0.008
19122,-1,0,0.001,0.000,0.001
19123,-1,0,0.094,0.000,0.094
19124,-1,0,0.000,0.000,0.000
19125,-1,0,0.001,0.000,0.001
19126,-1,0,0.004,0.000,0.004
19127,-1,0,0.001,0.000,0.001
19128,-1,0,0.002,0.000,0.002
19129,-1,0,0.003,0.000,0.003
19130,-1,0,0.010,0.000,0.010
19131,-1,0,0.007,0.000,0.007
19132,-1,0,0.057,0.000,0.057
19133,-1,2,0.001,0.000,0.001
19134,-1,0,0.080,0.000,0.080
19135,-1,0,0.007,0.000,0.007
19136,-1,10,1.306,0.000,1.306
19137,-1,2,0.001,0.000,0.001
19138,-1,1,0.048,0.000,0.048
19139,-1,0,0.001,0.000,0.001
19140,-1,0,0.012,0.000,0.012
19141,-1,0,0.001,0.000,0.001
19142,-1,0,0.002,0.000,0.002
19143,-1,0,0.011,0.000,0.011
19144,-1,0,0.056,0.000,0.056
19145,-1,0,0.011,0.000,0.011
19146,-1,0,0.001,0.000,0.001
19147,-1,0,0.001,0.000,0.001
19148,-1,0,0.001,0.000,0.001
19149,-1,0,0.001,0.000,0.001
19150,-1,0,0.001,0.000,0.001
19151,-1,0,0.002,0.000,0.002
19152,-1,0,0.008,0.000,0.008
19153,-1,0,0.003,0.000,0.003
19154,-1,0,0.000,0.000,0.001
19155,-1,0,0.073,0.000,0.073
19156,-1,0,0.175,0.000,0.175
19157,-1,1,0.446,0.000,0.446
19158,-1,0,0.005,0.000,0.005
19159,-1,0,0.013,0.000,0.013
19160,-1,0,0.005,0.000,0.005
19161,-1,0,0.005,0.000,0.005
19162,-1,0,0.004,0.000,0.004
19163,-1,2,0.006,0.000,0.007
19164,-1,0,0.000,0.000,0.000
19165,-1,0,0.009,0.000,0.009
19166,-1,5,0.002,0.000,0.002
19167,-1,0,0.001,0.000,0.001
19168,-1,0,0.001,0.000,0.001
19169,-1,0,0.016,0.000,0.016
19170,-1,0,0.063,0.000,0.063
19171,-1,0,0.003,0.000,0.003
19172,-1,1,0.189,0.000,0.189
19173,-1,0,0.001,0.000,0.001
19174,-1,0,0.009,0.000,0.009
19175,-1,0,0.003,0.000,0.003
19176,-1,0,0.000,0.000,0.000
19177,-1,0,0.001,0.000,0.001
19178,-1,0,0.002,0.000,0.002
19179,-1,0,0.014,0.000,0.014
19180,-1,0,0.014,0.000,0.014
19181,-1,0,0.001,0.000,0.001
19182,-1,4,0.002,0.000,0.002
19183,-1,1,0.001,0.000,0.001
19184,-1,0,0.004,0.000,0.004
19185,-1,0,0.001,0.000,0.001
19186,-1,0,0.001,0.000,0.001
19187,-1,1,0.114,0.000,0.114
19188,-1,0,0.009,0.000,0.009
19189,-1,0,0.003,0.000,0.003
19190,-1,1,0.001,0.000,0.001
19191,-1,1,0.166,0.000,0.166
19192,-1,2,0.001,0.000,0.001
19193,-1,0,0.009,0.000,0.009
19194,-1,0,0.002,0.000,0.002
19195,-1,0,0.011,0.000,0.011
19196,-1,0,0.035,0.000,0.035
19197,-1,0,0.000,0.000,0.000
19198,-1,4,0.001,0.000,0.001
19199,-1,2,0.001,0.000,0.001
19200,-1,0,0.001,0.000,0.001
19201,-1,0,0.005,0.000,0.006
19202,-1,1,0.001,0.000,0.001
19203,-1,0,0.000,0.000,0.000
19204,-1,0,0.004,0.000,0.004
19205,-1,0,0.008,0.000,0.008
19206,-1,10,1.324,0.000,1.324
19207,-1,0,0.003,0.000,0.003
19208,-1,28,0.004,0.000,0.004
19209,-1,0,0.006,0.000,0.006
19210,-1,0,0.000,0.000,0.000
19211,-1,1,0.166,0.000,0.166
19212,-1,0,0.001,0.000,0.001
19213,-1,0,0.005,0.000,0.005
19214,-1,0,0.331,0.000,0.331
19215,-1,0,0.001,0.000,0.001
19216,-1,0,0.001,0.000,0.001
19217,-1,26,0.004,0.000,0.004
19218,-1,0,0.021,0.000,0.021
19219,-1,0,0.001,0.000,0.001
19220,-1,0,0.033,0.000,0.033
19221,-1,0,0.001,0.000,0.001
19222,-1,0,0.007,0.000,0.007
19223,-1,34,0.006,0.000,0.006
19224,-1,0,0.000,0.000,0.000
19225,-1,0,0.001,0.000,0.001
19226,-1,0,0.007,0.000,0.007
19227,-1,0,0.003,0.000,0.003
19228,-1,0,0.007,0.000,0.007
19229,-1,0,0.002,0.000,0.003
19230,-1,0,0.007,0.000,0.007
19231,-1,0,0.014,0.000,0.014
19232,-1,0,0.002,0.000,0.002
19233,-1,10,1.169,0.000,1.169
19234,-1,0,0.014,0.000,0.014
19235,-1,0,0.052,0.000,0.052
19236,-1,0,0.003,0.000,0.003
19237,-1,0,0.001,0.000,0.001
19238,-1,0,0.000,0.000,0.001
19239,-1,0,0.001,0.000,0.001
19240,-1,0,0.004,0.000,0.004
19241,-1,0,0.000,0.000,0.001
19242,-1,0,0.001,0.000,0.001
19243,-1,0,0.001,0.000,0.001
19244,-1,0,0.000,0.000,0.000
19245,-1,3,0.001,0.000,0.001
19246,-1,0,0.001,0.000,0.001
19247,-1,0,0.002,0.000,0.002
19248,-1,0,0.002,0.000,0.002
19249,-1,1,0.055,0.000,0.055
19250,-1,0,0.000,0.000,0.000
19251,-1,0,0.002,0.000,0.002
19252,-1,0,0.000,0.000,0.001
19253,-1,0,0.001,0.000,0.001
19254,-1,0,0.006,0.000,0.006
19255,-1,0,0.003,0.000,0.003
19256,-1,0,0.000,0.000,0.000
19257,-1,0,0.000,0.000,0.000
19258,-1,0,0.000,0.000,0.001
19259,-1,0,0.058,0.000,0.058
19260,-1,4,0.001,0.000,0.001
19261,-1,0,0.010,0.000,0.010
19262,-1,0,0.000,0.000,0.000
19263,-1,0,0.005,0.000,0.005
19264,-1,10,1.348,0.000,1.348
19265,-1,0,0.002,0.000,0.002
19266,-1,0,0.001,0.000,0.001
19267,-1,1,0.010,0.000,0.010
19268,-1,0,0.001,0.000,0.001
19269,-1,0,0.001,0.000,0.001
19270,-1,0,0.002,0.000,0.003
19271,-1,5,0.905,0.000,0.905
19272,-1,5,0.002,0.000,0.002
19273,-1,0,0.004,0.000,0.004
19274,-1,0,0.017,0.000,0.018
19275,-1,0,0.039,0.000,0.039
19276,-1,0,0.008,0.000,0.008
19277,-1,2,0.001,0.000,0.001
19278,-1,2,0.001,0.000,0.001
19279,-1,0,0.012,0.000,0.012
19280,-1,0,0.004,0.000,0.004
19281,-1,0,0.001,0.000,0.001
19282,-1,0,0.001,0.000,0.001
19283,-1,0,0.017,0.000,0.017
19284,-1,0,0.001,0.000,0.001
19285,-1,0,0.003,0.000,0.003
19286,-1,0,0.003,0.000,0.003
19287,-1,0,0.012,0.000,0.012
19288,-1,1,0.001,0.000,0.001
19289,-1,0,0.000,0.000,0.000
19290,-1,0,0.087,0.000,0.087
19291,-1,0,0.004,0.000,0.004
19292,-1,0,0.007,0.000,0.007
19293,-1,0,0.003,0.000,0.003
19294,-1,0,0.001,0.000,0.001
19295,-1,0,0.001,0.000,0.001
19296,-1,0,0.008,0.000,0.008
19297,-1,0,0.004,0.000,0.004
19298,-1,0,0.001,0.000,0.001
19299,-1,0,0.002,0.000,0.002
19300,-1,0,0.003,0.000,0.003
19301,-1,0,0.001,0.000,0.001
19302,-1,3,0.001,0.000,0.001
19303,-1,0,0.001,0.000,0.001
19304,-1,0,0.001,0.000,0.001
19305,-1,0,0.001,0.000,0.002
19306,-1,0,0.003,0.000,0.003
19307,-1,0,0.016,0.000,0.016
19308,-1,0,0.000,0.000,0.001
19309,-1,0,0.000,0.000,0.001
19310,-1,1,0.001,0.000,0.001
19311,-1,0,0.035,0.000,0.035
19312,-1,1,0.374,0.000,0.374
19313,-1,3,0.001,0.000,0.001
19314,-1,0,0.000,0.000,0.000
19315,-1,0,0.001,0.000,0.001
19316,-1,4,0.002,0.000,0.002
19317,-1,0,0.001,0.000,0.001
19318,-1,0,0.000,0.000,0.000
19319,-1,0,0.001,0.000,0.001
19320,-1,0,0.014,0.000,0.014
19321,-1,0,0.048,0.000,0.048
19322,-1,0,0.004,0.000,0.004
19323,-1,0,0.006,0.000,0.006
19324,-1,0,0.004,0.000,0.004
19325,-1,3,0.001,0.000,0.001
19326,-1,0,0.000,0.000,0.001
19327,-1,0,0.002,0.000,0.002
19328,-1,0,0.002,0.000,0.003
19329,-1,0,0.000,0.000,0.000
19330,-1,2,0.001,0.000,0.001
19331,-1,0,0.001,0.000,0.001
19332,-1,3,0.001,0.000,0.001
19333,-1,0,0.001,0.000,0.001
19334,-1,0,0.002,0.000,0.002
19335,-1,0,0.008,0.000,0.008
19336,-1,0,0.002,0.000,0.002
19337,-1,0,0.000,0.000,0.001
19338,-1,0,0.007,0.000,0.007
19339,-1,0,0.001,0.000,0.001
19340,-1,10,1.402,0.000,1.402
19341,-1,0,0.001,0.000,0.001
19342,-1,0,0.008,0.000,0.008
19343,-1,1,0.001,0.000,0.001
19344,-1,0,0.001,0.000,0.001
19345,-1,0,0.001,0.000,0.001
19346,-1,0,0.001,0.000,0.001
19347,-1,24,0.006,0.000,0.006
19348,-1,0,0.018,0.000,0.018
19349,-1,0,0.001,0.000,0.001
19350,-1,0,0.001,0.000,0.001
19351,-1,10,1.394,0.000,1.394
19352,-1,2,0.812,0.000,0.812
19353,-1,0,0.038,0.000,0.038
19354,-1,0,0.001,0.000,0.001
19355,-1,0,0.001,0.000,0.001
19356,-1,0,0.001,0.000,0.001
19357,-1,0,0.001,0.000,0.001
19358,-1,0,0.003,0.000,0.003
19359,-1,0,0.002,0.000,0.002
19360,-1,0,0.001,0.000,0.001
19361,-1,0,0.001,0.000,0.001
19362,-1,0,0.007,0.000,0.007
19363,-1,0,0.000,0.000,0.000
19364,-1,0,0.014,0.000,0.014
19365,-1,0,0.003,0.000,0.003
19366,-1,0,0.007,0.000,0.007
19367,-1,0,0.006,0.000,0.006
19368,-1,0,0.001,0.000,0.001
19369,-1,0,0.003,0.000,0.003
19370,-1,0,0.003,0.000,0.003
19371,-1,0,0.002,0.000,0.002
19372,-1,0,0.004,0.000,0.004
19373,-1,0,0.001,0.000,0.001
19374,-1,0,0.000,0.000,0.000
19375,-1,0,0.004,0.000,0.004
19376,-1,0,0.001,0.000,0.001
19377,-1,0,0.008,0.000,0.008
19378,-1,0,0.001,0.000,0.001
19379,-1,0,0.000,0.000,0.001
19380,-1,0,0.004,0.000,0.004
19381,-1,0,0.011,0.000,0.011
19382,-1,0,0.001,0.000,0.001
19383,-1,0,0.002,0.000,0.002
19384,-1,0,0.001,0.000,0.001
19385,-1,0,0.001,0.000,0.001
19386,-1,0,0.003,0.000,0.003
19387,-1,10,0.002,0.000,0.002
19388,-1,0,0.000,0.000,0.001
19389,-1,0,0.001,0.000,0.001
19390,-1,2,0.002,0.000,0.002
19391,-1,0,0.004,0.000,0.004
19392,-1,3,0.002,0.000,0.002
19393,-1,0,0.058,0.000,0.058
19394,-1,0,0.001,0.000,0.001
19395,-1,0,0.000,0.000,0.001
19396,-1,5,0.002,0.000,0.002
19397,-1,1,0.085,0.000,0.085
19398,-1,0,0.004,0.000,0.004
19399,-1,0,0.001,0.000,0.001
19400,-1,0,0.001,0.000,0.001
19401,-1,0,0.003,0.000,0.004
19402,-1,0,0.001,0.000,0.001
19403,-1,0,0.012,0.000,0.012
19404,-1,1,0.001,0.000,0.001
19405,-1,0,0.010,0.000,0.010
19406,-1,0,0.000,0.000,0.001
19407,-1,0,0.001,0.000,0.001
19408,-1,0,0.003,0.000,0.003
19409,-1,0,0.002,0.000,0.002
19410,-1,0,0.010,0.000,0.010
19411,-1,0,0.001,0.000,0.001
19412,-1,1,0.165,0.000,0.165
19413,-1,0,0.001,0.000,0.001
19414,-1,0,0.000,0.000,0.001
19415,-1,0,0.004,0.000,0.004
19416,-1,0,0.003,0.000,0.003
19417,-1,0,0.001,0.000,0.001
19418,-1,0,0.000,0.000,0.000
19419,-1,5,0.863,0.000,0.863
19420,-1,0,0.020,0.000,0.021
19421,-1,0,0.000,0.000,0.000
19422,-1,0,0.003,0.000,0.003
19423,-1,2,0.085,0.000,0.085
19424,-1,0,0.001,0.000,0.001
19425,-1,0,0.015,0.000,0.015
19426,-1,0,0.000,0.000,0.001
19427,-1,0,0.009,0.000,0.009
19428,-1,46,0.009,0.000,0.009
19429,-1,0,0.003,0.000,0.003
19430,-1,0,0.001,0.000,0.001
19431,-1,0,0.002,0.000,0.003
19432,-1,0,0.008,0.000,0.008
19433,-1,0,0.000,0.000,0.000
19434,-1,0,0.011,0.000,0.011
19435,-1,1,0.010,0.000,0.010
19436,-1,0,0.011,0.000,0.012
19437,-1,28,0.004,0.000,0.004
19438,-1,0,0.000,0.000,0.001
19439,-1,0,0.012,0.000,0.012
19440,-1,0,0.149,0.000,0.149
19441,-1,0,0.001,0.000,0.001
19442,-1,0,0.003,0.000,0.003
19443,-1,29,0.006,0.000,0.006
19444,-1,7,0.002,0.000,0.002
19445,-1,0,0.011,0.000,0.011
19446,-1,2,0.001,0.000,0.001
19447,-1,2,0.253,0.000,0.253
19448,-1,0,0.006,0.000,0.006
19449,-1,0,0.006,0.000,0.006
19450,-1,0,0.002,0.000,0.002
19451,-1,24,0.003,0.000,0.003
19452,-1,8,0.002,0.000,0.002
19453,-1,0,0.000,0.000,0.000
19454,-1,0,0.043,0.000,0.043
19455,-1,0,0.000,0.000,0.001
19456,-1,0,0.002,0.000,0.002
19457,-1,1,0.072,0.000,0.072
19458,-1,0,0.008,0.000,0.008
19459,-1,0,0.004,0.000,0.004
19460,-1,0,0.032,0.000,0.032
19461,-1,0,0.000,0.000,0.000
19462,-1,0,0.001,0.000,0.001
19463,-1,5,0.001,0.000,0.001
19464,-1,0,0.001,0.000,0.001
19465,-1,0,0.006,0.000,0.006
19466,-1,5,0.002,0.000,0.002
19467,-1,8,0.002,0.000,0.002
19468,-1,0,0.001,0.000,0.001
19469,-1,0,0.001,0.000,0.001
19470,-1,0,0.001,0.000,0.001
19471,-1,0,0.000,0.000,0.000
19472,-1,0,0.005,0.000,0.005
19473,-1,0,0.336,0.000,0.336
19474,-1,0,0.001,0.000,0.001
19475,-1,0,0.009,0.000,0.009
19476,-1,2,0.072,0.000,0.072
19477,-1,0,0.002,0.000,0.002
19478,-1,0,0.001,0.000,0.001
19479,-1,0,0.009,0.000,0.009
19480,-1,0,0.000,0.000,0.001
19481,-1,3,0.001,0.000,0.001
19482,-1,0,0.001,0.000,0.001
19483,-1,0,0.001,0.000,0.001
19484,-1,0,0.021,0.000,0.021
19485,-1,0,0.000,0.000,0.000
19486,-1,0,0.001,0.000,0.001
19487,-1,0,0.002,0.000,0.002
19488,-1,0,0.002,0.000,0.003
19489,-1,1,0.097,0.000,0.097
19490,-1,0,0.000,0.000,0.001
19491,-1,3,0.001,0.000,0.001
19492,-1,0,0.010,0.000,0.010
19493,-1,0,0.006,0.000,0.006
19494,-1,0,0.003,0.000,0.003
19495,-1,0,0.007,0.000,0.007
19496,-1,10,1.583,0.000,1.583
19497,-1,0,0.004,0.000,0.004
19498,-1,0,0.003,0.000,0.003
19499,-1,0,0.014,0.000,0.014
19500,-1,0,0.002,0.000,0.002
19501,-1,0,0.005,0.000,0.005
19502,-1,0,0.010,0.000,0.010
19503,-1,0,0.000,0.000,0.000
19504,-1,3,0.002,0.000,0.002
19505,-1,0,0.043,0.000,0.043
19506,-1,0,0.003,0.000,0.003
19507,-1,0,0.003,0.000,0.003
19508,-1,0,0.004,0.000,0.004
19509,-1,0,0.003,0.000,0.003
19510,-1,0,0.001,0.000,0.001
19511,-1,1,0.102,0.000,0.102
19512,-1,0,0.001,0.000,0.001
19513,-1,0,0.000,0.000,0.000
19514,-1,0,0.019,0.000,0.019
19515,-1,5,0.002,0.000,0.002
19516,-1,0,0.002,0.000,0.002
19517,-1,0,0.001,0.000,0.001
19518,-1,0,0.083,0.000,0.083
19519,-1,0,0.001,0.000,0.001
19520,-1,0,0.001,0.000,0.001
19521,-1,0,0.002,0.000,0.002
19522,-1,0,0.001,0.000,0.001
19523,-1,23,0.004,0.000,0.004
19524,-1,0,0.001,0.000,0.001
19525,-1,0,0.000,0.000,0.000
19526,-1,0,0.005,0.000,0.005
19527,-1,0,0.008,0.000,0.009
19528,-1,0,0.022,0.000,0.022
19529,-1,0,0.001,0.000,0.001
19530,-1,24,0.004,0.000,0.004
19531,-1,0,0.008,0.000,0.008
19532,-1,0,0.005,0.000,0.005
19533,-1,0,0.028,0.000,0.028
19534,-1,0,0.006,0.000,0.006
19535,-1,0,0.011,0.000,0.011
19536,-1,0,0.013,0.000,0.013
19537,-1,0,0.001,0.000,0.001
19538,-1,5,0.960,0.000,0.960
19539,-1,0,0.009,0.000,0.010
19540,-1,0,0.000,0.000,0.000
19541,-1,0,0.001,0.000,0.001
19542,-1,0,0.012,0.000,0.012
19543,-1,0,0.001,0.000,0.001
19544,-1,0,0.002,0.000,0.002
19545,-1,0,0.001,0.000,0.001
19546,-1,0,0.001,0.000,0.001
19547,-1,0,0.055,0.000,0.055
19548,-1,0,0.002,0.000,0.002
19549,-1,0,0.003,0.000,0.003
19550,-1,0,0.004,0.000,0.004
19551,-1,0,0.007,0.000,0.007
19552,-1,0,0.001,0.000,0.001
19553,-1,0,0.000,0.000,0.000
19554,-1,4,0.002,0.000,0.002
19555,-1,0,0.008,0.000,0.008
19556,-1,0,0.002,0.000,0.002
19557,-1,0,0.001,0.000,0.001
19558,-1,0,0.001,0.000,0.001
19559,-1,0,0.014,0.000,0.014
19560,-1,0,0.003,0.000,0.003
19561,-1,0,0.003,0.000,0.003
19562,-1,0,0.001,0.000,0.001
19563,-1,0,0.008,0.000,0.008
19564,-1,0,0.001,0.000,0.001
19565,-1,3,0.001,0.000,0.001
19566,-1,0,0.142,0.000,0.142
19567,-1,0,0.001,0.000,0.001
19568,-1,0,0.043,0.000,0.043
19569,-1,0,0.012,0.000,0.012
19570,-1,0,0.003,0.000,0.003
19571,-1,0,0.306,0.000,0.306
19572,-1,0,0.106,0.000,0.106
19573,-1,0,0.010,0.000,0.010
19574,-1,0,0.001,0.000,0.001
19575,-1,0,0.010,0.000,0.010
19576,-1,0,0.002,0.000,0.002
19577,-1,0,0.007,0.000,0.007
19578,-1,0,0.004,0.000,0.004
19579,-1,0,0.033,0.000,0.033
19580,-1,1,0.156,0.000,0.156
19581,-1,0,0.001,0.000,0.001
19582,-1,0,0.006,0.000,0.006
19583,-1,0,0.009,0.000,0.009
19584,-1,0,0.001,0.000,0.001
19585,-1,0,0.004,0.000,0.004
19586,-1,0,0.001,0.000,0.001
19587,-1,0,0.001,0.000,0.001
19588,-1,0,0.002,0.000,0.002
19589,-1,0,0.000,0.000,0.000
19590,-1,0,0.003,0.000,0.003
19591,-1,0,0.001,0.000,0.001
19592,-1,0,0.010,0.000,0.010
19593,-1,0,0.009,0.000,0.009
19594,-1,0,0.001,0.000,0.001
19595,-1,0,0.007,0.000,0.007
19596,-1,0,0.002,0.000,0.002
19597,-1,0,0.003,0.000,0.003
19598,-1,0,0.001,0.000,0.001
19599,-1,0,0.009,0.000,0.009
19600,-1,0,0.001,0.000,0.001
19601,-1,2,0.001,0.000,0.001
19602,-1,0,0.000,0.000,0.001
19603,-1,0,0.005,0.000,0.005
19604,-1,0,0.003,0.000,0.003
19605,-1,0,0.037,0.000,0.037
19606,-1,0,0.024,0.000,0.024
19607,-1,0,0.001,0.000,0.001
19608,-1,0,0.001,0.000,0.001
19609,-1,0,0.002,0.000,0.002
19610,-1,0,0.001,0.000,0.001
19611,-1,0,0.004,0.000,0.004
19612,-1,0,0.001,0.000,0.001
19613,-1,0,0.001,0.000,0.001
19614,-1,0,0.005,0.000,0.005
19615,-1,32,0.006,0.000,0.006
19616,-1,0,0.001,0.000,0.001
19617,-1,0,0.079,0.000,0.080
19618,-1,0,0.020,0.000,0.020
19619,-1,0,0.002,0.000,0.002
19620,-1,0,0.010,0.000,0.010
19621,-1,0,0.001,0.000,0.001
19622,-1,0,0.000,0.000,0.001
19623,-1,0,0.003,0.000,0.003
19624,-1,0,0.030,0.000,0.030
19625,-1,0,0.011,0.000,0.011
19626,-1,4,0.002,0.000,0.002
19627,-1,0,0.023,0.000,0.024
19628,-1,0,0.002,0.000,0.002
19629,-1,2,0.933,0.000,0.933
19630,-1,0,0.001,0.000,0.001
19631,-1,0,0.473,0.000,0.473
19632,-1,0,0.001,0.000,0.001
19633,-1,0,0.001,0.000,0.001
19634,-1,0,0.001,0.000,0.001
19635,-1,4,0.002,0.000,0.002
19636,-1,0,0.001,0.000,0.001
19637,-1,0,0.006,0.000,0.006
19638,-1,0,0.001,0.000,0.001
19639,-1,0,0.002,0.000,0.002
19640,-1,0,0.004,0.000,0.005
19641,-1,1,0.535,0.000,0.535
19642,-1,0,0.007,0.000,0.007
19643,-1,0,0.001,0.000,0.001
19644,-1,0,0.001,0.000,0.001
19645,-1,0,0.000,0.000,0.000
19646,-1,0,0.013,0.000,0.013
19647,-1,0,0.000,0.000,0.000
19648,-1,0,0.015,0.000,0.015
19649,-1,2,0.001,0.000,0.001
19650,-1,0,0.001,0.000,0.001
19651,-1,0,0.001,0.000,0.001
19652,-1,0,0.000,0.000,0.000
19653,-1,0,0.005,0.000,0.006
19654,-1,4,0.002,0.000,0.002
19655,-1,0,0.000,0.000,0.001
19656,-1,0,0.000,0.000,0.001
19657,-1,2,0.001,0.000,0.001
19658,-1,0,0.012,0.000,0.012
19659,-1,0,0.107,0.000,0.107
19660,-1,0,0.001,0.000,0.001
19661,-1,0,0.001,0.000,0.001
19662,-1,0,0.001,0.000,0.001
19663,-1,0,0.004,0.000,0.004
19664,-1,0,0.008,0.000,0.008
19665,-1,0,0.012,0.000,0.012
19666,-1,0,0.001,0.000,0.001
19667,-1,0,0.002,0.000,0.002
19668,-1,0,0.000,0.000,0.000
19669,-1,0,0.001,0.000,0.001
19670,-1,0,0.005,0.000,0.005
19671,-1,0,0.001,0.000,0.001
19672,-1,0,0.001,0.000,0.001
19673,-1,1,0.010,0.000,0.010
19674,-1,0,0.001,0.000,0.001
19675,-1,0,0.016,0.000,0.016
19676,-1,0,0.008,0.000,0.008
19677,-1,0,0.027,0.000,0.027
19678,-1,0,0.057,0.000,0.057
19679,-1,0,0.001,0.000,0.001
19680,-1,0,0.001,0.000,0.001
19681,-1,0,0.003,0.000,0.003
19682,-1,3,0.002,0.000,0.002
19683,-1,0,0.014,0.000,0.014
19684,-1,5,0.001,0.000,0.001
19685,-1,0,0.001,0.000,0.001
19686,-1,0,0.008,0.000,0.008
19687,-1,0,0.006,0.000,0.006
19688,-1,0,0.000,0.000,0.000
19689,-1,0,0.020,0.000,0.020
19690,-1,0,0.001,0.000,0.001
19691,-1,0,0.009,0.000,0.009
19692,-1,0,0.001,0.000,0.001
19693,-1,0,0.008,0.000,0.008
19694,-1,0,0.002,0.000,0.002
19695,-1,0,0.003,0.000,0.003
19696,-1,0,0.005,0.000,0.005
19697,-1,0,0.005,0.000,0.005
19698,-1,1,0.453,0.000,0.453
19699,-1,0,0.001,0.000,0.001
19700,-1,0,0.001,0.000,0.001
19701,-1,0,0.001,0.000,0.001
19702,-1,3,0.002,0.000,0.002
19703,-1,0,0.001,0.000,0.001
19704,-1,0,0.007,0.000,0.007
19705,-1,0,0.007,0.000,0.007
19706,-1,0,0.002,0.000,0.003
19707,-1,0,0.008,0.000,0.008
19708,-1,0,0.127,0.000,0.127
19709,-1,0,0.034,0.000,0.034
19710,-1,0,0.001,0.000,0.001
19711,-1,0,0.003,0.000,0.003
19712,-1,0,0.007,0.000,0.007
19713,-1,0,0.001,0.000,0.001
19714,-1,0,0.014,0.000,0.014
19715,-1,1,0.001,0.000,0.001
19716,-1,0,0.007,0.000,0.007
19717,-1,0,0.012,0.000,0.012
19718,-1,0,0.033,0.000,0.033
19719,-1,1,0.408,0.000,0.408
19720,-1,0,0.011,0.000,0.011
19721,-1,0,0.002,0.000,0.002
19722,-1,0,0.004,0.000,0.004
19723,-1,0,0.020,0.000,0.020
19724,-1,0,0.002,0.000,0.002
19725,-1,10,0.002,0.000,0.002
19726,-1,0,0.003,0.000,0.003
19727,-1,10,1.306,0.000,1.306
19728,-1,0,0.003,0.000,0.003
19729,-1,2,0.190,0.000,0.190
19730,-1,0,0.014,0.000,0.014
19731,-1,6,0.002,0.000,0.002
19732,-1,0,0.007,0.000,0.007
19733,-1,0,0.002,0.000,0.002
19734,-1,0,0.001,0.000,0.001
19735,-1,0,0.008,0.000,0.008
19736,-1,0,0.011,0.000,0.011
19737,-1,0,0.007,0.000,0.007
19738,-1,0,0.002,0.000,0.002
19739,-1,0,0.008,0.000,0.008
19740,-1,0,0.000,0.000,0.000
19741,-1,0,0.263,0.000,0.263
19742,-1,0,0.001,0.000,0.001
19743,-1,0,0.002,0.000,0.002
19744,-1,0,0.004,0.000,0.004
19745,-1,4,0.002,0.000,0.002
19746,-1,1,0.015,0.000,0.015
19747,-1,0,0.004,0.000,0.004
19748,-1,0,0.002,0.000,0.002
19749,-1,0,0.000,0.000,0.000
19750,-1,0,0.001,0.000,0.001
19751,-1,0,0.004,0.000,0.004
19752,-1,0,0.004,0.000,0.005
19753,-1,2,0.001,0.000,0.001
19754,-1,0,0.011,0.000,0.011
19755,-1,0,0.011,0.000,0.011
19756,-1,0,0.001,0.000,0.001
19757,-1,0,0.001,0.000,0.001
19758,-1,1,0.001,0.000,0.001
19759,-1,5,0.002,0.000,0.002
19760,-1,0,0.003,0.000,0.003
19761,-1,0,0.001,0.000,0.001
19762,-1,0,0.005,0.000,0.005
19763,-1,0,0.001,0.000,0.001
19764,-1,0,0.001,0.000,0.001
19765,-1,0,0.002,0.000,0.002
19766,-1,1,0.001,0.000,0.001
19767,-1,0,0.009,0.000,0.009
19768,-1,0,0.010,0.000,0.010
19769,-1,2,0.001,0.000,0.001
19770,-1,0,0.000,0.000,0.000
19771,-1,0,0.002,0.000,0.002
19772,-1,0,0.001,0.000,0.001
19773,-1,0,0.002,0.000,0.003
19774,-1,0,0.001,0.000,0.001
19775,-1,1,0.001,0.000,0.001
19776,-1,0,0.001,0.000,0.001
19777,-1,0,0.010,0.000,0.010
19778,-1,0,0.001,0.000,0.002
19779,-1,0,0.049,0.000,0.049
19780,-1,0,0.027,0.000,0.027
19781,-1,0,0.004,0.000,0.004
19782,-1,0,0.108,0.000,0.108
19783,-1,0,0.000,0.000,0.000
19784,-1,0,0.002,0.000,0.002
19785,-1,0,0.003,0.000,0.003
19786,-1,4,0.001,0.000,0.001
19787,-1,0,0.002,0.000,0.002
19788,-1,0,0.004,0.000,0.004
19789,-1,0,0.007,0.000,0.007
19790,-1,10,1.182,0.000,1.182
19791,-1,0,0.001,0.000,0.001
19792,-1,0,0.004,0.000,0.004
19793,-1,0,0.004,0.000,0.004
19794,-1,0,0.001,0.000,0.001
19795,-1,0,0.014,0.000,0.014
19796,-1,0,0.000,0.000,0.001
19797,-1,10,1.465,0.000,1.465
19798,-1,1,0.051,0.000,0.051
19799,-1,0,0.000,0.000,0.000
19800,-1,0,0.004,0.000,0.004
19801,-1,0,0.000,0.000,0.000
19802,-1,0,0.001,0.000,0.001
19803,-1,0,0.005,0.000,0.005
19804,-1,0,0.002,0.000,0.002
19805,-1,1,0.011,0.000,0.011
19806,-1,0,0.001,0.000,0.001
19807,-1,2,0.958,0.001,0.959
19808,-1,0,0.007,0.000,0.008
19809,-1,0,0.002,0.000,0.002
19810,-1,0,0.001,0.000,0.001
19811,-1,0,0.013,0.000,0.014
19812,-1,0,0.004,0.000,0.004
19813,-1,0,0.018,0.000,0.018
19814,-1,0,0.001,0.000,0.001
19815,-1,1,0.001,0.000,0.001
19816,-1,0,0.001,0.000,0.001
19817,-1,0,0.011,0.000,0.011
19818,-1,1,0.129,0.000,0.129
19819,-1,3,0.002,0.000,0.002
19820,-1,0,0.002,0.000,0.003
19821,-1,0,0.019,0.000,0.020
19822,-1,0,0.001,0.000,0.001
19823,-1,0,0.063,0.000,0.063
19824,-1,0,0.003,0.000,0.003
19825,-1,0,0.001,0.000,0.001
19826,-1,0,0.001,0.000,0.001
19827,-1,0,0.006,0.000,0.007
19828,-1,0,0.001,0.000,0.001
19829,-1,0,0.085,0.000,0.085
19830,-1,0,0.001,0.000,0.001
19831,-1,5,0.003,0.000,0.003
19832,-1,0,0.001,0.000,0.001
19833,-1,0,0.010,0.000,0.010
19834,-1,0,0.009,0.000,0.009
19835,-1,0,0.004,0.000,0.004
19836,-1,0,0.015,0.000,0.015
19837,-1,0,0.001,0.000,0.001
19838,-1,0,0.001,0.000,0.001
19839,-1,0,0.001,0.000,0.001
19840,-1,0,0.001,0.000,0.001
19841,-1,0,0.001,0.000,0.001
19842,-1,0,0.019,0.000,0.019
19843,-1,0,0.004,0.000,0.004
19844,-1,0,0.008,0.000,0.008
19845,-1,1,0.001,0.000,0.001
19846,-1,0,0.001,0.000,0.001
19847,-1,0,0.002,0.000,0.002
19848,-1,0,0.001,0.000,0.001
19849,-1,0,0.001,0.000,0.001
19850,-1,2,0.001,0.000,0.001
19851,-1,1,0.013,0.000,0.013
19852,-1,0,0.011,0.000,0.011
19853,-1,0,0.001,0.000,0.001
19854,-1,0,0.001,0.000,0.001
19855,-1,0,0.000,0.000,0.001
19856,-1,2,0.002,0.000,0.002
19857,-1,0,0.001,0.000,0.001
19858,-1,0,0.025,0.000,0.026
19859,-1,0,0.019,0.000,0.020
19860,-1,0,0.013,0.000,0.013
19861,-1,0,0.003,0.000,0.003
19862,-1,0,0.003,0.000,0.003
19863,-1,0,0.001,0.000,0.001
19864,-1,0,0.001,0.000,0.001
19865,-1,0,0.001,0.000,0.001
19866,-1,0,0.014,0.000,0.014
19867,-1,0,0.012,0.000,0.012
19868,-1,0,0.001,0.000,0.001
19869,-1,0,0.005,0.000,0.005
19870,-1,0,0.010,0.000,0.011
19871,-1,0,0.001,0.000,0.001
19872,-1,1,0.001,0.000,0.001
19873,-1,0,0.004,0.000,0.004
19874,-1,0,0.014,0.000,0.014
19875,-1,0,0.001,0.000,0.001
19876,-1,0,0.003,0.000,0.003
19877,-1,0,0.005,0.000,0.005
19878,-1,0,0.001,0.000,0.001
19879,-1,0,0.012,0.000,0.012
19880,-1,4,0.842,0.000,0.843
19881,-1,0,0.019,0.000,0.019
19882,-1,0,0.154,0.000,0.154
19883,-1,0,0.006,0.000,0.006
19884,-1,0,0.001,0.000,0.001
19885,-1,1,0.001,0.000,0.001
19886,-1,2,1.482,0.001,1.482
19887,-1,0,0.001,0.000,0.001
19888,-1,0,0.001,0.000,0.001
19889,-1,0,0.001,0.000,0.001
19890,-1,0,0.016,0.000,0.016
19891,-1,0,0.004,0.000,0.004
19892,-1,0,0.004,0.000,0.004
19893,-1,1,0.034,0.000,0.034
19894,-1,0,0.006,0.000,0.006
19895,-1,0,0.001,0.000,0.001
19896,-1,0,0.001,0.000,0.001
19897,-1,0,0.016,0.000,0.016
19898,-1,0,0.003,0.000,0.003
19899,-1,0,0.008,0.000,0.008
19900,-1,0,0.004,0.000,0.005
19901,-1,0,0.015,0.000,0.015
19902,-1,0,0.001,0.000,0.001
19903,-1,0,0.001,0.000,0.001
19904,-1,0,0.024,0.000,0.024
19905,-1,0,0.014,0.000,0.014
19906,-1,0,0.001,0.000,0.001
19907,-1,3,0.002,0.000,0.002
19908,-1,0,0.009,0.000,0.009
19909,-1,0,0.001,0.000,0.001
19910,-1,0,0.001,0.000,0.001
19911,-1,0,0.021,0.000,0.021
19912,-1,2,0.338,0.000,0.339
19913,-1,0,0.004,0.000,0.004
19914,-1,0,0.026,0.000,0.026
19915,-1,0,0.067,0.000,0.067
19916,-1,3,0.002,0.000,0.002
19917,-1,0,0.001,0.000,0.001
19918,-1,0,0.011,0.000,0.011
19919,-1,0,0.005,0.000,0.005
19920,-1,0,0.001,0.000,0.001
19921,-1,0,0.001,0.000,0.001
19922,-1,0,0.110,0.000,0.110
19923,-1,0,0.006,0.000,0.006
19924,-1,0,0.001,0.000,0.001
19925,-1,0,0.001,0.000,0.001
19926,-1,0,0.003,0.000,0.003
19927,-1,0,0.037,0.000,0.037
19928,-1,0,0.015,0.000,0.015
19929,-1,0,0.001,0.000,0.002
19930,-1,0,0.004,0.000,0.004
19931,-1,1,0.202,0.000,0.202
19932,-1,0,0.043,0.000,0.043
19933,-1,0,0.096,0.000,0.096
19934,-1,10,0.005,0.000,0.005
19935,-1,10,0.004,0.000,0.004
19936,-1,0,0.015,0.000,0.016
19937,-1,0,0.003,0.000,0.003
19938,-1,0,0.001,0.000,0.001
19939,-1,0,0.001,0.000,0.001
19940,-1,0,0.015,0.000,0.015
19941,-1,0,0.001,0.000,0.001
19942,-1,0,0.001,0.000,0.001
19943,-1,0,0.012,0.000,0.012
19944,-1,0,0.001,0.000,0.001
19945,-1,0,0.001,0.000,0.001
19946,-1,0,0.024,0.000,0.024
19947,-1,0,0.019,0.000,0.019
19948,-1,0,0.001,0.000,0.001
19949,-1,0,0.001,0.000,0.001
19950,-1,0,0.001,0.000,0.001
19951,-1,0,0.021,0.000,0.021
19952,-1,0,0.001,0.000,0.001
19953,-1,0,0.094,0.000,0.094
19954,-1,0,0.004,0.000,0.004
19955,-1,0,0.001,0.000,0.001
19956,-1,0,0.001,0.000,0.001
19957,-1,0,0.001,0.000,0.001
19958,-1,0,0.001,0.000,0.001
19959,-1,0,0.001,0.000,0.001
19960,-1,1,0.341,0.000,0.341
19961,-1,0,0.001,0.000,0.001
19962,-1,0,0.001,0.000,0.001
19963,-1,0,0.005,0.000,0.005
19964,-1,0,0.008,0.000,0.009
19965,-1,0,0.015,0.000,0.015
19966,-1,1,0.390,0.000,0.390
19967,-1,17,0.006,0.000,0.006
19968,-1,3,0.002,0.000,0.003
19969,-1,0,0.004,0.000,0.004
19970,-1,1,0.017,0.000,0.017
19971,-1,0,0.085,0.000,0.085
19972,-1,0,0.024,0.000,0.024
19973,-1,0,0.001,0.000,0.001
19974,-1,0,0.001,0.000,0.001
19975,-1,0,0.468,0.000,0.468
19976,-1,0,0.003,0.000,0.004
19977,-1,0,0.103,0.000,0.103
19978,-1,0,0.004,0.000,0.004
19979,-1,0,0.014,0.000,0.014
19980,-1,0,0.020,0.000,0.020
19981,-1,0,0.008,0.000,0.008
19982,-1,0,0.001,0.000,0.001
19983,-1,0,0.005,0.000,0.005
19984,-1,0,0.001,0.000,0.001
19985,-1,10,2.663,0.001,2.664
19986,-1,0,0.163,0.000,0.163
19987,-1,0,0.006,0.000,0.006
19988,-1,0,0.009,0.000,0.009
19989,-1,0,0.028,0.000,0.028
19990,-1,0,0.002,0.000,0.002
19991,-1,0,0.001,0.000,0.001
19992,-1,0,0.001,0.000,0.001
19993,-1,0,0.001,0.000,0.001
19994,-1,1,0.001,0.000,0.002
19995,-1,0,0.001,0.000,0.001
19996,-1,0,0.797,0.000,0.797
19997,-1,0,0.206,0.000,0.206
19998,-1,0,0.173,0.000,0.174
19999,-1,1,0.002,0.000,0.002
20000,-1,3,0.003,0.000,0.003
20001,-1,0,0.001,0.000,0.001
20002,-1,0,0.031,0.000,0.031
20003,-1,0,0.001,0.000,0.001
20004,-1,0,0.001,0.000,0.001
20005,-1,0,0.028,0.000,0.028
20006,-1,0,0.001,0.000,0.001
20007,-1,1,0.002,0.000,0.002
20008,-1,0,0.002,0.000,0.002
20009,-1,0,0.001,0.000,0.001
20010,-1,0,0.007,0.000,0.007
20011,-1,0,0.056,0.000,0.056
20012,-1,5,0.003,0.000,0.003
20013,-1,0,0.001,0.000,0.001
20014,-1,0,0.001,0.000,0.001
20015,-1,0,0.001,0.000,0.001
20016,-1,0,0.024,0.000,0.024
20017,-1,0,0.001,0.000,0.001
20018,-1,0,0.012,0.000,0.013
20019,-1,0,0.001,0.000,0.001
20020,-1,0,0.004,0.000,0.004
20021,-1,0,0.002,0.000,0.003
20022,-1,1,0.002,0.000,0.002
20023,-1,0,0.001,0.000,0.001
20024,-1,0,0.001,0.000,0.001
20025,-1,0,0.003,0.000,0.003
20026,-1,0,0.007,0.000,0.007
20027,-1,0,0.006,0.000,0.006
20028,-1,0,0.006,0.000,0.006
20029,-1,0,0.001,0.000,0.001
20030,-1,0,0.010,0.000,0.011
20031,-1,2,0.002,0.000,0.002
20032,-1,0,0.025,0.000,0.025
20033,-1,0,0.001,0.000,0.001
20034,-1,0,0.001,0.000,0.001
20035,-1,0,0.005,0.000,0.005
20036,-1,6,0.002,0.000,0.002
20037,-1,0,0.014,0.000,0.014
20038,-1,0,0.003,0.000,0.003
20039,-1,4,0.002,0.000,0.002
20040,-1,0,0.005,0.000,0.005
20041,-1,0,0.004,0.000,0.004
20042,-1,0,0.001,0.000,0.001
20043,-1,0,0.003,0.000,0.003
20044,-1,0,0.017,0.000,0.017
20045,-1,0,0.028,0.000,0.028
20046,-1,0,0.002,0.000,0.003
20047,-1,0,0.001,0.000,0.001
20048,-1,1,0.339,0.000,0.339
20049,-1,0,0.004,0.000,0.004
20050,-1,3,0.003,0.000,0.003
20051,-1,0,0.013,0.000,0.013
20052,-1,0,0.001,0.000,0.001
20053,-1,1,0.017,0.000,0.017
20054,-1,4,0.003,0.000,0.003
20055,-1,0,0.002,0.000,0.002
20056,-1,0,0.012,0.000,0.012
20057,-1,0,0.007,0.000,0.007
20058,-1,0,0.004,0.000,0.004
20059,-1,0,0.210,0.000,0.210
20060,-1,0,0.005,0.000,0.005
20061,-1,2,0.002,0.000,0.002
20062,-1,0,0.001,0.000,0.001
20063,-1,3,0.002,0.000,0.002
20064,-1,2,0.002,0.000,0.002
20065,-1,0,0.049,0.000,0.049
20066,-1,0,0.006,0.000,0.006
20067,-1,0,0.001,0.000,0.001
20068,-1,2,0.056,0.000,0.056
20069,-1,0,0.009,0.000,0.009
20070,-1,0,0.013,0.000,0.013
20071,-1,4,0.002,0.000,0.002
20072,-1,0,0.001,0.000,0.001
20073,-1,0,0.014,0.000,0.014
20074,-1,0,0.006,0.000,0.006
20075,-1,0,0.001,0.000,0.001
20076,-1,1,0.649,0.000,0.649
20077,-1,1,0.034,0.000,0.034
20078,-1,0,0.004,0.000,0.004
20079,-1,0,0.125,0.000,0.125
20080,-1,0,0.001,0.000,0.001
20081,-1,0,0.052,0.000,0.052
20082,-1,0,0.230,0.000,0.230
20083,-1,0,0.012,0.000,0.012
20084,-1,1,0.001,0.000,0.002
20085,-1,0,0.001,0.000,0.001
20086,-1,0,0.001,0.000,0.001
20087,-1,0,0.034,0.000,0.034
20088,-1,0,0.001,0.000,0.001
20089,-1,0,0.019,0.000,0.019
20090,-1,1,0.001,0.000,0.001
20091,-1,0,0.001,0.000,0.001
20092,-1,0,0.000,0.000,0.000
20093,-1,0,0.014,0.000,0.014
20094,-1,0,0.620,0.000,0.620
20095,-1,1,0.002,0.000,0.002
20096,-1,1,0.015,0.000,0.015
20097,-1,0,0.001,0.000,0.001
20098,-1,0,0.001,0.000,0.001
20099,-1,0,0.047,0.004,0.050
20100,-1,3,0.003,0.000,0.003
20101,-1,0,0.006,0.000,0.006
20102,-1,1,0.467,0.000,0.467
20103,-1,0,0.006,0.000,0.006
20104,-1,0,0.001,0.000,0.001
20105,-1,0,0.001,0.000,0.001
20106,-1,0,0.001,0.000,0.001
20107,-1,0,0.005,0.000,0.005
20108,-1,0,0.009,0.000,0.009
20109,-1,0,0.001,0.000,0.001
20110,-1,2,1.435,0.001,1.436
20111,-1,0,0.002,0.000,0.002
20112,-1,0,0.018,0.000,0.018
20113,-1,0,0.021,0.000,0.021
20114,-1,0,0.001,0.000,0.001
20115,-1,0,0.004,0.000,0.004
20116,-1,0,0.022,0.000,0.022
20117,-1,0,0.001,0.000,0.001
20118,-1,10,0.006,0.000,0.006
20119,-1,0,0.008,0.000,0.009
20120,-1,4,0.003,0.000,0.003
20121,-1,0,0.003,0.000,0.004
20122,-1,0,0.006,0.000,0.006
20123,-1,0,0.001,0.000,0.001
20124,-1,0,0.025,0.000,0.025
20125,-1,0,0.016,0.000,0.016
20126,-1,0,0.001,0.000,0.001
20127,-1,0,0.007,0.000,0.007
20128,-1,0,0.019,0.000,0.020
20129,-1,0,0.109,0.000,0.109
20130,-1,0,0.016,0.000,0.016
20131,-1,0,0.002,0.000,0.003
20132,-1,0,0.005,0.000,0.005
20133,-1,0,0.001,0.000,0.001
20134,-1,0,0.001,0.000,0.001
20135,-1,0,0.013,0.000,0.013
20136,-1,3,0.002,0.000,0.002
20137,-1,0,0.006,0.000,0.006
20138,-1,0,0.001,0.000,0.001
20139,-1,0,0.261,0.000,0.261
20140,-1,0,0.001,0.000,0.001
20141,-1,0,0.004,0.000,0.004
20142,-1,0,0.008,0.000,0.008
20143,-1,0,0.274,0.000,0.275
20144,-1,2,0.003,0.000,0.003
20145,-1,10,2.812,0.001,2.813
20146,-1,0,0.002,0.000,0.002
20147,-1,0,0.001,0.000,0.001
20148,-1,31,0.016,0.000,0.016
20149,-1,25,0.030,0.000,0.030
20150,-1,32,0.015,0.000,0.015
20151,-1,0,0.007,0.000,0.007
20152,-1,0,0.001,0.000,0.001
20153,-1,0,0.066,0.000,0.066
20154,-1,0,0.066,0.000,0.066
20155,-1,0,0.004,0.000,0.004
20156,-1,0,0.005,0.000,0.005
20157,-1,0,0.001,0.000,0.001
20158,-1,0,0.006,0.000,0.006
20159,-1,0,0.015,0.000,0.016
20160,-1,0,0.001,0.000,0.001
20161,-1,0,0.007,0.000,0.007
20162,-1,0,0.007,0.000,0.007
20163,-1,3,0.003,0.000,0.003
20164,-1,1,0.033,0.000,0.033
20165,-1,26,0.013,0.000,0.014
20166,-1,0,0.001,0.000,0.001
20167,-1,9,0.005,0.000,0.005
20168,-1,0,0.001,0.000,0.002
20169,-1,0,0.001,0.000,0.001
20170,-1,0,0.029,0.000,0.029
20171,-1,0,0.001,0.000,0.001
20172,-1,0,0.003,0.000,0.003
20173,-1,0,0.001,0.000,0.001
20174,-1,1,0.184,0.000,0.184
20175,-1,0,0.005,0.000,0.005
20176,-1,0,0.001,0.000,0.001
20177,-1,0,0.004,0.000,0.004
20178,-1,0,0.375,0.000,0.375
20179,-1,0,0.006,0.000,0.006
20180,-1,9,0.005,0.000,0.005
20181,-1,0,0.001,0.000,0.001
20182,-1,1,0.002,0.000,0.002
20183,-1,2,0.399,0.000,0.399
20184,-1,10,1.594,0.000,1.594
20185,-1,0,0.001,0.000,0.001
20186,-1,0,0.006,0.000,0.006
20187,-1,0,0.001,0.000,0.001
20188,-1,0,0.004,0.000,0.004
20189,-1,0,0.003,0.000,0.003
20190,-1,0,0.001,0.000,0.001
20191,-1,0,0.001,0.000,0.001
20192,-1,0,0.003,0.000,0.003
20193,-1,0,0.001,0.000,0.001
20194,-1,10,1.409,0.000,1.409
20195,-1,0,0.377,0.000,0.377
20196,-1,0,0.023,0.000,0.023
20197,-1,0,0.004,0.000,0.004
20198,-1,0,0.001,0.000,0.001
20199,-1,0,0.002,0.000,0.002
20200,-1,7,0.003,0.000,0.003
20201,-1,0,0.001,0.000,0.001
20202,-1,0,0.003,0.000,0.003
20203,-1,0,0.001,0.000,0.001
20204,-1,0,0.141,0.000,0.141
20205,-1,1,0.001,0.000,0.001
20206,-1,0,0.001,0.000,0.001
20207,-1,0,0.009,0.000,0.009
20208,-1,0,0.002,0.000,0.002
20209,-1,0,0.001,0.000,0.001
20210,-1,0,0.038,0.000,0.038
20211,-1,0,0.001,0.000,0.001
20212,-1,0,0.001,0.000,0.001
20213,-1,0,0.006,0.000,0.006
20214,-1,0,0.008,0.000,0.008
20215,-1,0,0.001,0.000,0.001
20216,-1,2,0.835,0.000,0.835
20217,-1,0,0.004,0.000,0.004
20218,-1,0,0.018,0.000,0.018
20219,-1,0,0.013,0.000,0.013
20220,-1,0,0.001,0.000,0.001
20221,-1,0,0.001,0.000,0.001
20222,-1,0,0.010,0.000,0.010
20223,-1,0,0.016,0.000,0.016
20224,-1,0,0.005,0.000,0.005
20225,-1,0,0.001,0.000,0.001
20226,-1,4,0.003,0.000,0.003
20227,-1,0,0.001,0.000,0.001
20228,-1,1,0.014,0.000,0.014
20229,-1,0,0.010,0.000,0.010
20230,-1,0,0.056,0.000,0.056
20231,-1,0,0.001,0.000,0.001
20232,-1,2,0.001,0.000,0.001
20233,-1,5,0.982,0.000,0.982
20234,-1,0,0.006,0.000,0.006
20235,-1,0,0.005,0.000,0.005
20236,-1,0,0.015,0.000,0.015
20237,-1,6,0.003,0.000,0.003
20238,-1,5,1.064,0.000,1.065
20239,-1,0,0.001,0.000,0.001
20240,-1,0,0.513,0.000,0.513
20241,-1,0,0.001,0.000,0.001
20242,-1,0,0.139,0.000,0.140
20243,-1,0,0.001,0.000,0.001
20244,-1,0,0.001,0.000,0.001
20245,-1,0,0.001,0.000,0.001
20246,-1,2,0.002,0.000,0.002
20247,-1,0,0.001,0.000,0.001
20248,-1,0,0.001,0.000,0.001
20249,-1,0,0.001,0.000,0.001
20250,-1,0,0.042,0.000,0.042
20251,-1,0,0.001,0.000,0.001
20252,-1,0,0.006,0.000,0.006
20253,-1,5,0.886,0.000,0.886
20254,-1,0,0.003,0.000,0.003
20255,-1,0,0.001,0.000,0.001
20256,-1,0,0.001,0.000,0.001
20257,-1,5,0.002,0.000,0.002
20258,-1,0,0.006,0.000,0.006
20259,-1,0,0.006,0.000,0.006
20260,-1,0,0.010,0.000,0.010
20261,-1,0,0.004,0.000,0.004
20262,-1,0,0.001,0.000,0.001
20263,-1,7,0.002,0.000,0.002
20264,-1,0,0.008,0.000,0.008
20265,-1,0,0.001,0.000,0.001
20266,-1,1,0.001,0.000,0.001
20267,-1,0,0.003,0.000,0.003
20268,-1,0,0.004,0.000,0.004
20269,-1,0,0.036,0.000,0.036
20270,-1,0,0.001,0.000,0.001
20271,-1,0,0.004,0.000,0.004
20272,-1,0,0.001,0.000,0.001
20273,-1,0,0.001,0.000,0.001
20274,-1,1,0.001,0.000,0.001
20275,-1,0,0.003,0.000,0.003
20276,-1,1,0.001,0.000,0.001
20277,-1,0,0.001,0.000,0.001
20278,-1,0,0.003,0.000,0.003
20279,-1,0,0.001,0.000,0.001
20280,-1,0,0.006,0.000,0.006
20281,-1,0,0.001,0.000,0.001
20282,-1,0,0.033,0.000,0.033
20283,-1,0,0.000,0.000,0.001
20284,-1,0,0.004,0.000,0.004
20285,-1,0,0.001,0.000,0.001
20286,-1,0,0.001,0.000,0.001
20287,-1,28,0.005,0.000,0.005
20288,-1,0,0.001,0.000,0.001
20289,-1,0,0.024,0.000,0.024
20290,-1,0,0.001,0.000,0.001
20291,-1,0,0.031,0.000,0.032
20292,-1,0,0.003,0.000,0.003
20293,-1,0,0.001,0.000,0.001
20294,-1,0,0.060,0.000,0.060
20295,-1,0,0.002,0.000,0.002
20296,-1,1,0.013,0.000,0.013
20297,-1,0,0.001,0.000,0.001
20298,-1,0,0.033,0.000,0.033
20299,-1,0,0.004,0.000,0.004
20300,-1,0,0.000,0.000,0.000
20301,-1,0,0.006,0.000,0.006
20302,-1,0,0.001,0.000,0.001
20303,-1,1,0.001,0.000,0.001
20304,-1,4,0.002,0.000,0.002
20305,-1,1,0.016,0.000,0.016
20306,-1,0,0.002,0.000,0.002
20307,-1,0,0.012,0.000,0.012
20308,-1,0,0.001,0.000,0.001
20309,-1,0,0.001,0.000,0.001
20310,-1,0,0.001,0.000,0.001
20311,-1,0,0.007,0.000,0.007
20312,-1,0,0.008,0.000,0.008
20313,-1,0,0.004,0.000,0.004
20314,-1,10,0.003,0.000,0.003
20315,-1,0,0.056,0.000,0.056
20316,-1,0,0.006,0.000,0.006
20317,-1,0,0.007,0.000,0.007
20318,-1,0,0.002,0.000,0.003
20319,-1,0,0.001,0.000,0.001
20320,-1,0,0.004,0.000,0.004
20321,-1,0,0.001,0.000,0.002
20322,-1,2,0.001,0.000,0.001
20323,-1,1,0.001,0.000,0.001
20324,-1,0,0.001,0.000,0.001
20325,-1,0,0.001,0.000,0.001
20326,-1,0,0.003,0.000,0.003
20327,-1,4,0.002,0.000,0.002
20328,-1,0,0.001,0.000,0.001
20329,-1,0,0.002,0.000,0.002
20330,-1,0,0.008,0.000,0.008
20331,-1,0,0.001,0.000,0.001
20332,-1,0,0.006,0.000,0.006
20333,-1,3,0.041,0.000,0.041
20334,-1,0,0.001,0.000,0.001
20335,-1,0,0.004,0.000,0.004
20336,-1,0,0.001,0.000,0.001
20337,-1,0,0.001,0.000,0.001
20338,-1,0,0.001,0.000,0.001
20339,-1,0,0.014,0.000,0.014
20340,-1,0,0.003,0.000,0.003
20341,-1,0,0.007,0.000,0.007
20342,-1,0,0.006,0.000,0.007
20343,-1,0,0.003,0.000,0.004
20344,-1,0,0.001,0.000,0.001
20345,-1,0,0.179,0.000,0.179
20346,-1,1,0.046,0.000,0.046
20347,-1,0,0.002,0.000,0.002
20348,-1,0,0.006,0.000,0.007
20349,-1,7,0.003,0.000,0.003
20350,-1,0,0.024,0.000,0.024
20351,-1,0,0.001,0.000,0.001
20352,-1,0,0.004,0.000,0.004
20353,-1,0,0.040,0.000,0.040
20354,-1,0,0.003,0.000,0.004
20355,-1,1,0.148,0.000,0.148
20356,-1,0,0.003,0.000,0.003
20357,-1,0,0.001,0.000,0.001
20358,-1,0,0.001,0.000,0.001
20359,-1,0,0.001,0.000,0.001
20360,-1,0,0.024,0.000,0.024
20361,-1,0,0.002,0.000,0.002
20362,-1,0,0.004,0.000,0.004
20363,-1,0,0.004,0.000,0.004
20364,-1,0,0.004,0.000,0.004
20365,-1,1,0.001,0.000,0.001
20366,-1,0,0.001,0.000,0.001
20367,-1,2,0.002,0.000,0.002
20368,-1,0,0.010,0.000,0.010
20369,-1,0,0.005,0.000,0.005
20370,-1,4,0.002,0.000,0.002
20371,-1,0,0.001,0.000,0.001
20372,-1,0,0.010,0.000,0.010
20373,-1,4,0.002,0.000,0.002
20374,-1,0,0.001,0.000,0.001
20375,-1,0,0.020,0.000,0.021
20376,-1,0,0.001,0.000,0.001
20377,-1,0,0.056,0.000,0.056
20378,-1,0,0.003,0.000,0.003
20379,-1,0,0.009,0.000,0.009
20380,-1,2,0.446,0.000,0.446
20381,-1,0,0.009,0.000,0.009
20382,-1,0,0.005,0.000,0.005
20383,-1,1,0.018,0.000,0.018
20384,-1,1,0.001,0.000,0.001
20385,-1,0,0.001,0.000,0.001
20386,-1,1,0.141,0.000,0.142
20387,-1,0,0.027,0.000,0.027
20388,-1,0,0.013,0.000,0.013
20389,-1,0,0.002,0.000,0.002
20390,-1,2,0.002,0.000,0.002
20391,-1,0,0.001,0.000,0.001
20392,-1,0,0.012,0.000,0.012
20393,-1,0,0.003,0.000,0.003
20394,-1,2,0.097,0.000,0.097
20395,-1,0,0.001,0.000,0.001
20396,-1,33,0.013,0.000,0.013
20397,-1,0,0.001,0.000,0.001
20398,-1,0,0.001,0.000,0.001
20399,-1,0,0.011,0.000,0.011
20400,-1,0,0.002,0.000,0.002
20401,-1,0,0.007,0.000,0.007
20402,-1,0,0.001,0.000,0.001
20403,-1,3,0.002,0.000,0.002
20404,-1,0,0.015,0.000,0.015
20405,-1,0,0.006,0.000,0.006
20406,-1,0,0.004,0.000,0.004
20407,-1,1,0.290,0.000,0.290
20408,-1,0,0.007,0.000,0.007
20409,-1,0,0.001,0.000,0.001
20410,-1,0,0.004,0.000,0.005
20411,-1,0,0.003,0.000,0.003
20412,-1,0,0.041,0.000,0.042
20413,-1,2,0.001,0.000,0.001
20414,-1,10,0.003,0.000,0.003
20415,-1,0,0.001,0.000,0.001
20416,-1,1,0.105,0.000,0.105
20417,-1,0,0.004,0.000,0.004
20418,-1,0,0.000,0.000,0.001
20419,-1,0,0.004,0.000,0.004
20420,-1,0,0.001,0.000,0.001
20421,-1,0,0.000,0.000,0.001
20422,-1,1,0.002,0.000,0.002
20423,-1,0,0.001,0.000,0.001
20424,-1,0,0.001,0.000,0.001
20425,-1,2,0.002,0.000,0.002
20426,-1,0,0.168,0.000,0.168
20427,-1,0,0.001,0.000,0.001
20428,-1,0,0.000,0.000,0.001
20429,-1,0,0.001,0.000,0.001
20430,-1,0,0.001,0.000,0.001
20431,-1,0,0.003,0.000,0.003
20432,-1,2,0.001,0.000,0.001
20433,-1,0,0.004,0.000,0.004
20434,-1,0,0.001,0.000,0.001
20435,-1,0,0.019,0.000,0.019
20436,-1,0,0.001,0.000,0.001
20437,-1,0,0.007,0.000,0.007
20438,-1,0,0.080,0.000,0.080
20439,-1,0,0.003,0.000,0.003
20440,-1,0,0.001,0.000,0.001
20441,-1,1,0.001,0.000,0.001
20442,-1,0,0.001,0.000,0.001
20443,-1,1,0.060,0.000,0.060
20444,-1,2,0.001,0.000,0.001
20445,-1,0,0.009,0.000,0.009
20446,-1,2,0.001,0.000,0.001
20447,-1,0,0.003,0.000,0.004
20448,-1,0,0.001,0.000,0.001
20449,-1,0,0.001,0.000,0.001
20450,-1,9,0.003,0.000,0.003
20451,-1,0,0.010,0.000,0.010
20452,-1,0,0.024,0.000,0.024
20453,-1,0,0.013,0.000,0.014
20454,-1,0,0.014,0.000,0.015
20455,-1,0,0.006,0.000,0.006
20456,-1,4,0.003,0.000,0.003
20457,-1,0,0.001,0.000,0.001
20458,-1,1,0.489,0.000,0.489
20459,-1,0,0.001,0.000,0.001
20460,-1,0,0.014,0.000,0.014
20461,-1,0,0.005,0.000,0.005
20462,-1,5,0.002,0.000,0.002
20463,-1,1,0.001,0.000,0.001
20464,-1,0,0.302,0.000,0.302
20465,-1,0,0.005,0.000,0.005
20466,-1,0,0.001,0.000,0.001
20467,-1,0,0.003,0.000,0.003
20468,-1,0,0.013,0.000,0.013
20469,-1,0,0.002,0.000,0.002
20470,-1,0,0.005,0.000,0.005
20471,-1,0,0.001,0.000,0.001
20472,-1,0,0.005,0.000,0.005
20473,-1,0,0.001,0.000,0.001
20474,-1,0,0.006,0.000,0.006
20475,-1,0,0.001,0.000,0.001
20476,-1,0,0.001,0.000,0.001
20477,-1,0,0.001,0.000,0.001
20478,-1,0,0.005,0.000,0.005
20479,-1,0,0.000,0.000,0.001
20480,-1,0,0.002,0.000,0.002
20481,-1,0,0.000,0.000,0.001
20482,-1,2,0.275,0.000,0.276
20483,-1,0,0.014,0.000,0.014
20484,-1,0,0.005,0.000,0.005
20485,-1,0,0.002,0.000,0.002
20486,-1,0,0.016,0.000,0.016
20487,-1,0,0.001,0.000,0.001
20488,-1,0,0.012,0.000,0.012
20489,-1,11,0.004,0.000,0.004
20490,-1,0,0.001,0.000,0.001
20491,-1,0,0.001,0.000,0.001
20492,-1,0,0.001,0.000,0.001
20493,-1,0,0.053,0.000,0.053
20494,-1,0,0.001,0.000,0.001
20495,-1,0,0.009,0.000,0.009
20496,-1,0,0.004,0.000,0.004
20497,-1,0,0.009,0.000,0.009
20498,-1,0,0.001,0.000,0.001
20499,-1,0,0.005,0.000,0.005
20500,-1,0,0.060,0.000,0.060
20501,-1,0,0.007,0.000,0.007
20502,-1,0,0.001,0.000,0.001
20503,-1,0,0.001,0.000,0.001
20504,-1,0,0.012,0.000,0.012
20505,-1,1,0.001,0.000,0.001
20506,-1,0,0.001,0.000,0.001
20507,-1,0,0.001,0.000,0.001
20508,-1,0,0.008,0.000,0.008
20509,-1,0,0.006,0.000,0.006
20510,-1,0,0.004,0.000,0.004
20511,-1,0,0.001,0.000,0.001
20512,-1,0,0.003,0.000,0.003
20513,-1,0,0.001,0.000,0.001
20514,-1,0,0.003,0.000,0.003
20515,-1,36,0.006,0.000,0.006
20516,-1,0,0.004,0.000,0.004
20517,-1,0,0.009,0.000,0.009
20518,-1,0,0.001,0.000,0.001
20519,-1,0,0.004,0.000,0.004
20520,-1,0,0.001,0.000,0.001
20521,-1,4,0.002,0.000,0.002
20522,-1,1,0.001,0.000,0.001
20523,-1,0,0.001,0.000,0.001
20524,-1,0,0.001,0.000,0.001
20525,-1,0,0.001,0.000,0.001
20526,-1,0,0.001,0.000,0.001
20527,-1,0,0.004,0.000,0.004
20528,-1,1,0.001,0.000,0.001
20529,-1,0,0.001,0.000,0.001
20530,-1,0,0.003,0.000,0.003
20531,-1,0,0.008,0.000,0.008
20532,-1,0,0.013,0.000,0.013
20533,-1,0,0.014,0.000,0.014
20534,-1,0,0.316,0.000,0.316
20535,-1,0,0.009,0.000,0.009
20536,-1,0,0.004,0.000,0.004
20537,-1,0,0.004,0.000,0.004
20538,-1,0,0.003,0.000,0.003
20539,-1,0,0.005,0.000,0.005
20540,-1,0,0.006,0.000,0.006
20541,-1,0,0.003,0.000,0.003
20542,-1,1,0.233,0.000,0.233
20543,-1,0,0.001,0.000,0.001
20544,-1,2,0.359,0.000,0.359
20545,-1,1,0.001,0.000,0.001
20546,-1,0,0.011,0.000,0.011
20547,-1,0,0.010,0.000,0.010
20548,-1,26,0.006,0.000,0.006
20549,-1,0,0.001,0.000,0.001
20550,-1,0,0.001,0.000,0.001
20551,-1,1,0.014,0.000,0.014
20552,-1,0,0.005,0.000,0.005
20553,-1,0,0.003,0.000,0.003
20554,-1,0,0.004,0.000,0.004
20555,-1,0,0.001,0.000,0.001
20556,-1,0,0.003,0.000,0.003
20557,-1,0,0.003,0.000,0.004
20558,-1,0,0.004,0.000,0.004
20559,-1,0,0.001,0.000,0.001
20560,-1,0,0.001,0.000,0.001
20561,-1,0,0.008,0.000,0.008
20562,-1,0,0.003,0.000,0.003
20563,-1,0,0.021,0.000,0.021
20564,-1,1,0.001,0.000,0.002
20565,-1,0,0.014,0.000,0.014
20566,-1,0,0.009,0.000,0.009
20567,-1,5,0.003,0.000,0.003
20568,-1,0,0.015,0.000,0.015
20569,-1,0,0.010,0.000,0.010
20570,-1,0,0.001,0.000,0.001
20571,-1,0,0.000,0.000,0.000
20572,-1,0,0.001,0.000,0.001
20573,-1,0,0.001,0.000,0.001
20574,-1,0,0.005,0.000,0.005
20575,-1,7,0.003,0.000,0.003
20576,-1,1,0.001,0.000,0.001
20577,-1,0,0.003,0.000,0.004
20578,-1,0,0.005,0.000,0.005
20579,-1,0,0.187,0.000,0.187
20580,-1,0,0.006,0.000,0.006
20581,-1,0,0.098,0.000,0.098
20582,-1,0,0.001,0.000,0.001
20583,-1,0,0.004,0.000,0.004
20584,-1,0,0.001,0.000,0.001
20585,-1,0,0.001,0.000,0.001
20586,-1,0,0.008,0.000,0.008
20587,-1,0,0.004,0.000,0.004
20588,-1,0,0.000,0.000,0.001
20589,-1,0,0.001,0.000,0.001
20590,-1,0,0.001,0.000,0.001
20591,-1,0,0.004,0.000,0.004
20592,-1,0,0.005,0.000,0.005
20593,-1,0,0.003,0.000,0.003
20594,-1,0,0.012,0.000,0.012
20595,-1,10,0.003,0.000,0.003
20596,-1,0,0.004,0.000,0.004
20597,-1,0,0.007,0.000,0.007
20598,-1,0,0.003,0.000,0.003
20599,-1,0,0.021,0.000,0.021
20600,-1,0,0.004,0.000,0.004
20601,-1,0,0.001,0.000,0.001
20602,-1,0,0.005,0.000,0.005
20603,-1,0,0.015,0.000,0.015
20604,-1,0,0.017,0.000,0.017
20605,-1,3,0.002,0.000,0.002
20606,-1,0,0.001,0.000,0.001
20607,-1,3,0.001,0.000,0.002
20608,-1,0,0.010,0.000,0.010
20609,-1,0,0.009,0.000,0.009
20610,-1,0,0.106,0.000,0.107
20611,-1,0,0.003,0.000,0.003
20612,-1,0,0.000,0.000,0.000
20613,-1,0,0.001,0.000,0.001
20614,-1,0,0.001,0.000,0.001
20615,-1,0,0.002,0.000,0.002
20616,-1,1,0.001,0.000,0.001
20617,-1,0,0.004,0.000,0.004
20618,-1,0,0.001,0.000,0.001
20619,-1,0,0.001,0.000,0.001
20620,-1,0,0.012,0.000,0.012
20621,-1,20,0.007,0.000,0.007
20622,-1,0,0.001,0.000,0.001
20623,-1,0,0.001,0.000,0.001
20624,-1,0,0.001,0.000,0.001
20625,-1,0,0.002,0.000,0.002
20626,-1,0,0.001,0.000,0.001
20627,-1,0,0.004,0.000,0.004
20628,-1,1,0.001,0.000,0.001
20629,-1,0,0.006,0.000,0.006
20630,-1,0,0.016,0.000,0.016
20631,-1,0,0.001,0.000,0.001
20632,-1,0,0.001,0.000,0.001
20633,-1,2,0.001,0.000,0.001
20634,-1,1,0.012,0.000,0.012
20635,-1,0,0.005,0.000,0.005
20636,-1,0,0.004,0.000,0.004
20637,-1,0,0.037,0.000,0.037
20638,-1,0,0.000,0.000,0.000
20639,-1,0,0.005,0.000,0.005
20640,-1,0,0.001,0.000,0.001
20641,-1,0,0.001,0.000,0.001
20642,-1,0,0.010,0.000,0.011
20643,-1,0,0.002,0.000,0.002
20644,-1,0,0.005,0.000,0.005
20645,-1,0,0.001,0.000,0.001
20646,-1,0,0.010,0.000,0.010
20647,-1,0,0.004,0.000,0.004
20648,-1,0,0.001,0.000,0.001
20649,-1,0,0.001,0.000,0.001
20650,-1,0,0.007,0.000,0.007
20651,-1,17,0.015,0.000,0.015
20652,-1,0,0.001,0.000,0.001
20653,-1,0,0.002,0.000,0.002
20654,-1,0,0.006,0.000,0.006
20655,-1,0,0.005,0.000,0.005
20656,-1,0,0.007,0.000,0.007
20657,-1,0,0.001,0.000,0.001
20658,-1,3,0.001,0.000,0.002
20659,-1,1,0.061,0.000,0.061
20660,-1,0,0.003,0.000,0.003
20661,-1,0,0.002,0.000,0.003
20662,-1,4,0.001,0.000,0.002
20663,-1,0,0.001,0.000,0.001
20664,-1,0,0.006,0.000,0.006
20665,-1,0,0.003,0.000,0.003
20666,-1,0,0.003,0.000,0.003
20667,-1,0,0.000,0.000,0.000
20668,-1,0,0.009,0.000,0.009
20669,-1,0,0.002,0.000,0.002
20670,-1,0,0.063,0.000,0.063
20671,-1,0,0.000,0.000,0.001
20672,-1,0,0.011,0.000,0.011
20673,-1,0,0.016,0.000,0.016
20674,-1,0,0.004,0.000,0.004
20675,-1,0,0.008,0.000,0.008
20676,-1,23,0.004,0.000,0.004
20677,-1,0,0.005,0.000,0.005
20678,-1,0,0.001,0.000,0.001
20679,-1,0,0.000,0.000,0.001
20680,-1,0,0.001,0.000,0.001
20681,-1,0,0.009,0.000,0.009
20682,-1,1,0.001,0.000,0.002
20683,-1,3,0.002,0.000,0.002
20684,-1,0,0.004,0.000,0.004
20685,-1,1,0.001,0.000,0.001
20686,-1,0,0.001,0.000,0.001
20687,-1,4,0.001,0.000,0.001
20688,-1,0,0.101,0.000,0.102
20689,-1,0,0.001,0.000,0.001
20690,-1,0,0.001,0.000,0.001
20691,-1,3,0.001,0.000,0.001
20692,-1,0,0.004,0.000,0.004
20693,-1,0,0.001,0.000,0.001
20694,-1,0,0.002,0.000,0.002
20695,-1,0,0.001,0.000,0.001
20696,-1,0,0.000,0.000,0.001
20697,-1,0,0.004,0.000,0.004
20698,-1,0,0.001,0.000,0.001
20699,-1,0,0.001,0.000,0.001
20700,-1,0,0.001,0.000,0.001
20701,-1,0,0.001,0.000,0.001
20702,-1,1,0.014,0.000,0.014
20703,-1,0,0.009,0.000,0.009
20704,-1,0,0.001,0.000,0.001
20705,-1,0,0.004,0.000,0.004
20706,-1,0,0.022,0.000,0.022
20707,-1,0,0.001,0.000,0.001
20708,-1,6,0.002,0.000,0.002
20709,-1,0,0.004,0.000,0.004
20710,-1,0,0.006,0.000,0.006
20711,-1,0,0.063,0.000,0.063
20712,-1,0,0.003,0.000,0.003
20713,-1,0,0.009,0.000,0.009
20714,-1,0,0.001,0.000,0.001
20715,-1,0,0.000,0.000,0.001
20716,-1,10,1.696,0.000,1.697
20717,-1,0,0.008,0.000,0.008
20718,-1,0,0.001,0.000,0.001
20719,-1,0,0.002,0.000,0.002
20720,-1,2,0.001,0.000,0.001
20721,-1,0,0.002,0.000,0.002
20722,-1,0,0.015,0.000,0.015
20723,-1,0,0.001,0.000,0.001
20724,-1,0,0.001,0.000,0.001
20725,-1,0,0.046,0.000,0.046
20726,-1,0,0.004,0.000,0.004
20727,-1,0,0.002,0.000,0.002
20728,-1,19,0.004,0.000,0.004
20729,-1,0,0.085,0.000,0.085
20730,-1,0,0.000,0.000,0.001
20731,-1,0,0.001,0.000,0.001
20732,-1,1,0.063,0.000,0.063
20733,-1,0,0.001,0.000,0.001
20734,-1,1,0.001,0.000,0.001
20735,-1,0,0.005,0.000,0.005
20736,-1,0,0.001,0.000,0.001
20737,-1,0,0.002,0.000,0.002
20738,-1,2,0.001,0.000,0.001
20739,-1,0,0.001,0.000,0.001
20740,-1,0,0.000,0.000,0.000
20741,-1,0,0.000,0.000,0.001
20742,-1,0,0.005,0.000,0.005
20743,-1,0,0.043,0.000,0.043
20744,-1,0,0.003,0.000,0.003
20745,-1,0,0.001,0.000,0.001
20746,-1,0,0.000,0.000,0.000
20747,-1,1,0.012,0.000,0.012
20748,-1,0,0.001,0.000,0.001
20749,-1,3,0.002,0.000,0.002
20750,-1,5,0.001,0.000,0.001
20751,-1,1,0.210,0.000,0.210
20752,-1,0,0.004,0.000,0.004
20753,-1,0,0.003,0.000,0.003
20754,-1,0,0.012,0.000,0.012
20755,-1,0,0.001,0.000,0.001
20756,-1,0,0.018,0.000,0.018
20757,-1,0,0.003,0.000,0.003
20758,-1,0,0.018,0.000,0.018
20759,-1,0,0.003,0.000,0.003
20760,-1,0,0.001,0.000,0.001
20761,-1,0,0.001,0.000,0.001
20762,-1,0,0.016,0.000,0.016
20763,-1,0,0.000,0.000,0.000
20764,-1,0,0.015,0.000,0.015
20765,-1,0,0.065,0.000,0.065
20766,-1,1,0.001,0.000,0.001
20767,-1,0,0.001,0.000,0.001
20768,-1,0,0.001,0.000,0.001
20769,-1,0,0.006,0.000,0.006
20770,-1,0,0.004,0.000,0.004
20771,-1,0,0.001,0.000,0.001
20772,-1,0,0.010,0.000,0.010
20773,-1,0,0.002,0.000,0.002
20774,-1,0,0.002,0.000,0.002
20775,-1,5,0.002,0.000,0.002
20776,-1,0,0.001,0.000,0.001
20777,-1,1,0.001,0.000,0.001
20778,-1,0,0.025,0.000,0.025
20779,-1,0,0.005,0.000,0.005
20780,-1,0,0.000,0.000,0.000
20781,-1,0,0.003,0.000,0.003
20782,-1,0,0.001,0.000,0.001
20783,-1,0,0.002,0.000,0.002
20784,-1,0,0.001,0.000,0.001
20785,-1,0,0.001,0.000,0.001
20786,-1,0,0.005,0.000,0.005
20787,-1,0,0.009,0.000,0.009
20788,-1,0,0.005,0.000,0.005
20789,-1,0,0.000,0.000,0.000
20790,-1,0,0.001,0.000,0.001
20791,-1,0,0.001,0.000,0.001
20792,-1,0,0.001,0.000,0.001
20793,-1,0,0.011,0.000,0.011
20794,-1,0,0.001,0.000,0.001
20795,-1,0,0.003,0.000,0.003
20796,-1,0,0.001,0.000,0.001
20797,-1,0,0.005,0.000,0.005
20798,-1,0,0.001,0.000,0.001
20799,-1,0,0.003,0.000,0.003
20800,-1,1,0.001,0.000,0.001
20801,-1,0,0.001,0.000,0.001
20802,-1,17,0.004,0.000,0.004
20803,-1,0,0.005,0.000,0.005
20804,-1,0,0.004,0.000,0.004
20805,-1,1,0.001,0.000,0.001
20806,-1,2,0.001,0.000,0.001
20807,-1,0,0.005,0.000,0.005
20808,-1,5,1.152,0.000,1.152
20809,-1,0,0.012,0.000,0.012
20810,-1,0,0.003,0.000,0.004
20811,-1,0,0.003,0.000,0.003
20812,-1,0,0.007,0.000,0.007
20813,-1,1,0.009,0.000,0.009
20814,-1,0,0.002,0.000,0.002
20815,-1,0,0.001,0.000,0.001
20816,-1,0,0.004,0.000,0.004
20817,-1,0,0.010,0.000,0.010
20818,-1,1,0.001,0.000,0.001
20819,-1,0,0.120,0.000,0.120
20820,-1,0,0.000,0.000,0.001
20821,-1,0,0.000,0.000,0.000
20822,-1,0,0.000,0.000,0.001
20823,-1,0,0.004,0.000,0.004
20824,-1,0,0.001,0.000,0.001
20825,-1,0,0.002,0.000,0.002
20826,-1,0,0.425,0.000,0.425
20827,-1,0,0.001,0.000,0.001
20828,-1,0,0.001,0.000,0.001
20829,-1,2,0.950,0.000,0.950
20830,-1,0,0.021,0.000,0.021
20831,-1,0,0.000,0.000,0.001
20832,-1,0,0.003,0.000,0.003
20833,-1,0,0.002,0.000,0.002
20834,-1,0,0.017,0.000,0.017
20835,-1,0,0.001,0.000,0.001
20836,-1,0,0.001,0.000,0.001
20837,-1,3,0.001,0.000,0.002
20838,-1,0,0.009,0.000,0.009
20839,-1,0,0.001,0.000,0.001
20840,-1,0,0.001,0.000,0.001
20841,-1,0,0.009,0.000,0.010
20842,-1,0,0.001,0.000,0.001
20843,-1,0,0.001,0.000,0.001
20844,-1,0,0.013,0.000,0.013
20845,-1,0,0.110,0.000,0.110
20846,-1,0,0.000,0.000,0.000
20847,-1,1,0.001,0.000,0.001
20848,-1,0,0.007,0.000,0.007
20849,-1,0,0.001,0.000,0.001
20850,-1,1,0.001,0.000,0.001
20851,-1,1,0.285,0.000,0.286
20852,-1,0,0.001,0.000,0.001
20853,-1,0,0.001,0.000,0.001
20854,-1,0,0.003,0.000,0.003
20855,-1,0,0.001,0.000,0.001
20856,-1,0,0.000,0.000,0.001
20857,-1,1,0.450,0.000,0.450
20858,-1,0,0.001,0.000,0.001
20859,-1,0,0.001,0.000,0.001
20860,-1,0,0.001,0.000,0.001
20861,-1,0,0.005,0.000,0.005
20862,-1,0,0.001,0.000,0.001
20863,-1,2,0.304,0.000,0.305
20864,-1,0,0.010,0.000,0.010
20865,-1,0,0.001,0.000,0.001
20866,-1,0,0.001,0.000,0.001
20867,-1,3,0.002,0.000,0.002
20868,-1,0,0.211,0.000,0.211
20869,-1,0,0.001,0.000,0.001
20870,-1,0,0.001,0.000,0.001
20871,-1,0,0.011,0.000,0.011
20872,-1,0,0.001,0.000,0.001
20873,-1,0,0.040,0.000,0.040
20874,-1,35,0.010,0.000,0.010
20875,-1,0,0.059,0.000,0.059
20876,-1,4,0.003,0.000,0.003
20877,-1,0,0.001,0.000,0.001
20878,-1,3,0.002,0.000,0.002
20879,-1,1,0.015,0.000,0.015
20880,-1,2,0.002,0.000,0.002
20881,-1,0,0.001,0.000,0.001
20882,-1,0,0.397,0.000,0.397
20883,-1,0,0.002,0.000,0.002
20884,-1,0,0.001,0.000,0.001
20885,-1,3,0.002,0.000,0.002
20886,-1,2,0.001,0.000,0.002
20887,-1,1,0.622,0.000,0.622
20888,-1,0,0.001,0.000,0.001
20889,-1,1,0.068,0.000,0.068
20890,-1,4,0.579,0.000,0.579
20891,-1,0,0.011,0.000,0.011
20892,-1,0,0.012,0.000,0.012
20893,-1,0,0.004,0.000,0.004
20894,-1,0,0.001,0.000,0.001
20895,-1,4,0.002,0.000,0.002
20896,-1,0,0.011,0.000,0.011
20897,-1,0,0.077,0.000,0.078
20898,-1,0,0.001,0.000,0.001
20899,-1,0,0.120,0.000,0.120
20900,-1,0,0.004,0.000,0.004
20901,-1,0,0.015,0.000,0.015
20902,-1,0,0.003,0.000,0.003
20903,-1,0,0.006,0.000,0.006
20904,-1,7,0.002,0.000,0.003
20905,-1,0,0.001,0.000,0.001
20906,-1,0,0.203,0.000,0.203
20907,-1,0,0.004,0.000,0.004
20908,-1,0,0.001,0.000,0.002
20909,-1,0,0.011,0.000,0.012
20910,-1,0,0.001,0.000,0.001
20911,-1,4,0.003,0.000,0.003
20912,-1,0,0.002,0.000,0.003
20913,-1,0,0.000,0.000,0.001
20914,-1,0,0.002,0.000,0.003
20915,-1,5,1.057,0.000,1.057
20916,-1,0,0.001,0.000,0.001
20917,-1,1,0.010,0.000,0.010
20918,-1,0,0.004,0.000,0.004
20919,-1,0,0.004,0.000,0.004
20920,-1,0,0.003,0.000,0.003
20921,-1,0,0.003,0.000,0.003
20922,-1,0,0.004,0.000,0.004
20923,-1,0,0.001,0.000,0.001
20924,-1,0,0.001,0.000,0.001
20925,-1,6,0.002,0.000,0.002
20926,-1,1,0.001,0.000,0.001
20927,-1,1,0.005,0.000,0.005
20928,-1,2,0.002,0.000,0.002
20929,-1,0,0.002,0.000,0.002
20930,-1,0,0.001,0.000,0.001
20931,-1,0,0.005,0.000,0.005
20932,-1,0,0.002,0.000,0.002
20933,-1,0,0.000,0.000,0.001
20934,-1,0,0.007,0.000,0.007
20935,-1,0,0.003,0.000,0.003
20936,-1,0,0.001,0.000,0.001
20937,-1,36,0.006,0.000,0.006
20938,-1,0,0.012,0.000,0.012
20939,-1,1,0.549,0.000,0.549
20940,-1,0,0.001,0.000,0.001
20941,-1,10,0.003,0.000,0.003
20942,-1,0,0.001,0.000,0.001
20943,-1,16,0.003,0.000,0.003
20944,-1,1,0.317,0.000,0.317
20945,-1,0,0.013,0.000,0.013
20946,-1,0,0.003,0.000,0.003
20947,-1,0,0.022,0.000,0.022
20948,-1,0,0.099,0.000,0.099
20949,-1,0,0.001,0.000,0.001
20950,-1,0,0.001,0.000,0.001
20951,-1,0,0.004,0.000,0.004
20952,-1,0,0.003,0.000,0.003
20953,-1,0,0.009,0.000,0.009
20954,-1,0,0.000,0.000,0.001
20955,-1,0,0.010,0.000,0.010
20956,-1,0,0.001,0.000,0.001
20957,-1,0,0.010,0.000,0.010
20958,-1,0,0.001,0.000,0.001
20959,-1,0,0.004,0.000,0.004
20960,-1,0,0.006,0.000,0.006
20961,-1,0,0.003,0.000,0.003
20962,-1,0,0.288,0.000,0.288
20963,-1,33,0.006,0.000,0.006
20964,-1,0,0.001,0.000,0.001
20965,-1,1,0.001,0.000,0.002
20966,-1,3,0.002,0.000,0.002
20967,-1,0,0.001,0.000,0.001
20968,-1,0,0.011,0.000,0.011
20969,-1,0,0.001,0.000,0.001
20970,-1,0,0.013,0.000,0.013
20971,-1,0,0.026,0.000,0.026
20972,-1,0,0.009,0.000,0.009
20973,-1,4,0.002,0.000,0.002
20974,-1,0,0.003,0.000,0.003
20975,-1,0,0.003,0.000,0.003
20976,-1,1,0.012,0.000,0.012
20977,-1,0,0.025,0.000,0.025
20978,-1,0,0.001,0.000,0.001
20979,-1,0,0.002,0.000,0.002
20980,-1,1,0.001,0.000,0.001
20981,-1,0,0.002,0.000,0.002
20982,-1,0,0.001,0.000,0.001
20983,-1,2,0.295,0.000,0.295
20984,-1,2,0.002,0.000,0.002
20985,-1,0,0.004,0.000,0.004
20986,-1,0,0.001,0.000,0.001
20987,-1,0,0.008,0.000,0.008
20988,-1,0,0.001,0.000,0.001
20989,-1,0,0.000,0.000,0.000
20990,-1,22,0.006,0.000,0.006
20991,-1,0,0.002,0.000,0.002
20992,-1,0,0.002,0.000,0.002
20993,-1,0,0.014,0.000,0.014
20994,-1,0,0.000,0.000,0.001
20995,-1,0,0.001,0.000,0.001
20996,-1,0,0.005,0.000,0.005
20997,-1,0,0.009,0.000,0.009
20998,-1,1,0.090,0.000,0.090
20999,-1,0,0.005,0.000,0.005
21000,-1,0,0.001,0.000,0.001
21001,-1,0,0.014,0.000,0.014
21002,-1,0,0.001,0.000,0.001
21003,-1,0,0.001,0.000,0.001
21004,-1,0,0.001,0.000,0.001
21005,-1,0,0.001,0.000,0.001
21006,-1,0,0.001,0.000,0.001
21007,-1,0,0.011,0.000,0.011
21008,-1,0,0.005,0.000,0.006
21009,-1,1,0.020,0.000,0.021
21010,-1,1,0.001,0.000,0.001
21011,-1,0,0.003,0.000,0.003
21012,-1,0,0.001,0.000,0.001
21013,-1,0,0.002,0.000,0.002
21014,-1,0,0.004,0.000,0.004
21015,-1,0,0.001,0.000,0.001
21016,-1,0,0.001,0.000,0.001
21017,-1,0,0.004,0.000,0.004
21018,-1,0,0.001,0.000,0.001
21019,-1,0,0.000,0.000,0.000
21020,-1,0,0.010,0.000,0.010
21021,-1,0,0.004,0.000,0.004
21022,-1,0,0.003,0.000,0.003
21023,-1,0,0.002,0.000,0.002
21024,-1,0,0.148,0.000,0.148
21025,-1,10,1.653,0.000,1.653
21026,-1,4,0.002,0.000,0.002
21027,-1,0,0.001,0.000,0.001
21028,-1,0,0.011,0.000,0.011
21029,-1,0,0.009,0.000,0.009
21030,-1,0,0.001,0.000,0.001
21031,-1,0,0.001,0.000,0.001
21032,-1,1,0.001,0.000,0.001
21033,-1,5,0.002,0.000,0.002
21034,-1,0,0.001,0.000,0.001
21035,-1,0,0.001,0.000,0.001
21036,-1,34,0.006,0.000,0.007
21037,-1,1,0.001,0.000,0.001
21038,-1,0,0.003,0.000,0.003
21039,-1,0,0.014,0.000,0.014
21040,-1,0,0.001,0.000,0.001
21041,-1,0,0.001,0.000,0.001
21042,-1,0,0.001,0.000,0.001
21043,-1,0,0.001,0.000,0.001
21044,-1,10,2.720,0.001,2.720
21045,-1,0,0.001,0.000,0.001
21046,-1,6,0.002,0.000,0.002
21047,-1,0,0.001,0.000,0.001
21048,-1,0,0.005,0.000,0.006
21049,-1,0,0.011,0.000,0.011
21050,-1,6,0.003,0.000,0.003
21051,-1,1,0.008,0.000,0.008
21052,-1,0,0.004,0.000,0.004
21053,-1,0,0.009,0.000,0.009
21054,-1,0,0.010,0.000,0.010
21055,-1,0,0.001,0.000,0.001
21056,-1,0,0.002,0.000,0.002
21057,-1,0,0.004,0.000,0.004
21058,-1,0,0.001,0.000,0.001
21059,-1,0,0.008,0.000,0.009
21060,-1,0,0.001,0.000,0.001
21061,-1,0,0.024,0.000,0.024
21062,-1,1,0.001,0.000,0.001
21063,-1,0,0.002,0.000,0.002
21064,-1,0,0.003,0.000,0.003
21065,-1,0,0.003,0.000,0.003
21066,-1,4,0.002,0.000,0.002
21067,-1,0,0.001,0.000,0.001
21068,-1,0,0.001,0.000,0.001
21069,-1,0,0.016,0.000,0.016
21070,-1,0,0.003,0.000,0.004
21071,-1,0,0.000,0.000,0.000
21072,-1,0,0.001,0.000,0.001
21073,-1,0,0.009,0.000,0.009
21074,-1,1,0.258,0.000,0.258
21075,-1,0,0.015,0.000,0.015
21076,-1,0,0.000,0.000,0.001
21077,-1,0,0.002,0.000,0.002
21078,-1,0,0.003,0.000,0.003
21079,-1,0,0.001,0.000,0.001
21080,-1,0,0.004,0.000,0.004
21081,-1,0,0.001,0.000,0.001
21082,-1,0,0.004,0.000,0.004
21083,-1,0,0.003,0.000,0.003
21084,-1,0,0.003,0.000,0.003
21085,-1,0,0.008,0.000,0.008
21086,-1,0,0.003,0.000,0.003
21087,-1,0,0.003,0.000,0.003
21088,-1,0,0.002,0.000,0.002
21089,-1,0,0.009,0.000,0.009
21090,-1,0,0.056,0.000,0.056
21091,-1,0,0.003,0.000,0.003
21092,-1,5,0.002,0.000,0.002
21093,-1,2,0.001,0.000,0.001
21094,-1,0,0.002,0.000,0.002
21095,-1,1,0.001,0.000,0.001
21096,-1,0,0.004,0.000,0.004
21097,-1,2,0.001,0.000,0.001
21098,-1,0,0.001,0.000,0.001
21099,-1,0,0.000,0.000,0.001
21100,-1,0,0.085,0.000,0.086
21101,-1,2,0.002,0.000,0.002
21102,-1,0,0.001,0.000,0.001
21103,-1,4,0.567,0.000,0.567
21104,-1,0,0.065,0.000,0.065
21105,-1,28,0.005,0.000,0.005
21106,-1,0,0.005,0.000,0.005
21107,-1,0,0.010,0.000,0.010
21108,-1,1,0.013,0.000,0.013
21109,-1,2,0.002,0.000,0.002
21110,-1,0,0.003,0.000,0.003
21111,-1,0,0.010,0.000,0.010
21112,-1,0,0.001,0.000,0.001
21113,-1,0,0.003,0.000,0.003
21114,-1,0,0.002,0.000,0.002
21115,-1,0,0.001,0.000,0.001
21116,-1,0,0.005,0.000,0.005
21117,-1,32,0.008,0.000,0.009
21118,-1,0,0.009,0.000,0.009
21119,-1,2,0.001,0.000,0.001
21120,-1,0,0.002,0.000,0.002
21121,-1,0,0.001,0.000,0.001
21122,-1,0,0.183,0.000,0.183
21123,-1,0,0.003,0.000,0.003
21124,-1,1,0.015,0.000,0.015
21125,-1,0,0.003,0.000,0.003
21126,-1,0,0.015,0.000,0.015
21127,-1,0,0.001,0.000,0.001
21128,-1,3,0.002,0.000,0.002
21129,-1,0,0.001,0.000,0.001
21130,-1,1,0.001,0.000,0.001
21131,-1,0,0.001,0.000,0.001
21132,-1,0,0.014,0.000,0.014
21133,-1,0,0.001,0.000,0.001
21134,-1,0,0.016,0.000,0.016
21135,-1,0,0.001,0.000,0.001
21136,-1,0,0.001,0.000,0.001
21137,-1,0,0.004,0.000,0.004
21138,-1,0,0.048,0.000,0.049
21139,-1,0,0.000,0.000,0.000
21140,-1,7,0.003,0.000,0.003
21141,-1,0,0.001,0.000,0.001
21142,-1,0,0.003,0.000,0.003
21143,-1,10,1.603,0.000,1.603
21144,-1,0,0.012,0.000,0.012
21145,-1,0,0.003,0.000,0.003
21146,-1,0,0.001,0.000,0.001
21147,-1,0,0.003,0.000,0.003
21148,-1,2,0.255,0.000,0.255
21149,-1,0,0.001,0.000,0.001
21150,-1,0,0.001,0.000,0.001
21151,-1,0,0.198,0.000,0.198
21152,-1,1,0.010,0.000,0.011
21153,-1,0,0.004,0.000,0.004
21154,-1,0,0.009,0.000,0.009
21155,-1,4,0.002,0.000,0.002
21156,-1,2,0.001,0.000,0.001
21157,-1,0,0.001,0.000,0.001
21158,-1,0,0.001,0.000,0.001
21159,-1,0,0.001,0.000,0.001
21160,-1,0,0.014,0.000,0.014
21161,-1,0,0.000,0.000,0.001
21162,-1,3,0.002,0.000,0.002
21163,-1,0,0.001,0.000,0.001
21164,-1,0,0.017,0.000,0.017
21165,-1,0,0.001,0.000,0.001
21166,-1,0,0.016,0.000,0.016
21167,-1,0,0.001,0.000,0.001
21168,-1,0,0.007,0.000,0.007
21169,-1,0,0.008,0.000,0.008
21170,-1,0,0.001,0.000,0.001
21171,-1,0,0.001,0.000,0.001
21172,-1,0,0.004,0.000,0.004
21173,-1,0,0.001,0.000,0.001
21174,-1,0,0.000,0.000,0.001
21175,-1,0,0.001,0.000,0.001
21176,-1,0,0.062,0.000,0.062
21177,-1,0,0.001,0.000,0.001
21178,-1,0,0.002,0.000,0.002
21179,-1,1,0.001,0.000,0.001
21180,-1,0,0.001,0.000,0.001
21181,-1,20,0.005,0.000,0.005
21182,-1,1,0.001,0.000,0.001
21183,-1,1,0.103,0.000,0.103
21184,-1,3,0.002,0.000,0.002
21185,-1,0,0.001,0.000,0.001
21186,-1,0,0.001,0.000,0.001
21187,-1,1,0.040,0.000,0.040
21188,-1,0,0.148,0.000,0.148
21189,-1,5,0.916,0.000,0.916
21190,-1,0,0.001,0.000,0.001
21191,-1,0,0.001,0.000,0.001
21192,-1,1,0.009,0.000,0.009
21193,-1,0,0.001,0.000,0.001
21194,-1,0,0.001,0.000,0.001
21195,-1,0,0.002,0.000,0.002
21196,-1,0,0.001,0.000,0.001
21197,-1,0,0.018,0.000,0.018
21198,-1,0,0.006,0.000,0.006
21199,-1,0,0.011,0.000,0.011
21200,-1,0,0.005,0.000,0.005
21201,-1,0,0.001,0.000,0.001
21202,-1,0,0.001,0.000,0.001
21203,-1,1,0.004,0.000,0.004
21204,-1,0,0.004,0.000,0.004
21205,-1,0,0.005,0.000,0.005
21206,-1,0,0.004,0.000,0.004
21207,-1,0,0.003,0.000,0.003
21208,-1,0,0.003,0.000,0.003
21209,-1,0,0.000,0.000,0.000
21210,-1,2,0.001,0.000,0.001
21211,-1,0,0.001,0.000,0.001
21212,-1,2,0.001,0.000,0.001
21213,-1,0,0.004,0.000,0.004
21214,-1,0,0.146,0.000,0.146
21215,-1,0,0.001,0.000,0.001
21216,-1,1,0.001,0.000,0.001
21217,-1,4,0.002,0.000,0.002
21218,-1,2,0.868,0.000,0.868
21219,-1,0,0.001,0.000,0.001
21220,-1,1,0.018,0.000,0.018
21221,-1,0,0.002,0.000,0.002
21222,-1,0,0.042,0.000,0.042
21223,-1,0,0.001,0.000,0.001
21224,-1,0,0.001,0.000,0.001
21225,-1,0,0.006,0.000,0.006
21226,-1,0,0.014,0.000,0.014
21227,-1,0,0.003,0.000,0.003
21228,-1,0,0.005,0.000,0.005
21229,-1,0,0.009,0.000,0.009
21230,-1,0,0.004,0.000,0.004
21231,-1,0,0.003,0.000,0.003
21232,-1,0,0.003,0.000,0.003
21233,-1,10,1.598,0.000,1.598
21234,-1,0,0.008,0.000,0.008
21235,-1,1,0.001,0.000,0.001
21236,-1,0,0.001,0.000,0.001
21237,-1,0,0.001,0.000,0.001
21238,-1,0,0.002,0.000,0.002
21239,-1,0,0.003,0.000,0.003
21240,-1,0,0.357,0.000,0.357
21241,-1,0,0.001,0.000,0.001
21242,-1,0,0.006,0.000,0.006
21243,-1,0,0.000,0.000,0.001
21244,-1,0,0.008,0.000,0.008
21245,-1,0,0.001,0.000,0.001
21246,-1,0,0.003,0.000,0.004
21247,-1,0,0.001,0.000,0.001
21248,-1,0,0.001,0.000,0.001
21249,-1,0,0.001,0.000,0.001
21250,-1,2,1.083,0.000,1.083
21251,-1,0,0.001,0.000,0.001
21252,-1,3,0.488,0.000,0.488
21253,-1,0,0.125,0.000,0.125
21254,-1,28,0.005,0.000,0.005
21255,-1,0,0.001,0.000,0.001
21256,-1,0,0.007,0.000,0.007
21257,-1,0,0.003,0.000,0.003
21258,-1,0,0.001,0.000,0.001
21259,-1,0,0.001,0.000,0.001
21260,-1,0,0.004,0.000,0.004
21261,-1,0,0.003,0.000,0.003
21262,-1,0,0.001,0.000,0.001
21263,-1,0,0.004,0.000,0.005
21264,-1,0,0.043,0.000,0.043
21265,-1,0,0.001,0.000,0.001
21266,-1,0,0.003,0.000,0.003
21267,-1,0,0.003,0.000,0.003
21268,-1,1,0.001,0.000,0.001
21269,-1,0,0.003,0.000,0.004
21270,-1,1,0.072,0.000,0.072
21271,-1,0,0.001,0.000,0.001
21272,-1,0,0.006,0.000,0.006
21273,-1,1,0.007,0.000,0.007
21274,-1,0,0.323,0.000,0.323
21275,-1,1,0.052,0.000,0.052
21276,-1,0,0.000,0.000,0.000
21277,-1,4,0.002,0.000,0.002
21278,-1,0,0.002,0.000,0.002
21279,-1,0,0.003,0.000,0.003
21280,-1,0,0.001,0.000,0.001
21281,-1,0,0.001,0.000,0.001
21282,-1,0,0.003,0.000,0.003
21283,-1,0,0.002,0.000,0.002
21284,-1,0,0.003,0.000,0.003
21285,-1,0,0.005,0.000,0.005
21286,-1,0,0.010,0.000,0.010
21287,-1,5,0.996,0.000,0.996
21288,-1,0,0.012,0.000,0.013
21289,-1,0,0.014,0.000,0.015
21290,-1,0,0.004,0.000,0.005
21291,-1,0,0.024,0.000,0.024
21292,-1,0,0.003,0.000,0.003
21293,-1,0,0.001,0.000,0.001
21294,-1,0,0.001,0.000,0.001
21295,-1,0,0.001,0.000,0.001
21296,-1,0,0.007,0.000,0.008
21297,-1,0,0.447,0.000,0.447
21298,-1,0,0.005,0.000,0.006
21299,-1,0,0.003,0.000,0.003
21300,-1,0,0.068,0.000,0.068
21301,-1,0,0.001,0.000,0.001
21302,-1,10,1.630,0.000,1.630
21303,-1,0,0.003,0.000,0.003
21304,-1,0,0.004,0.000,0.004
21305,-1,0,0.004,0.000,0.004
21306,-1,0,0.001,0.000,0.001
21307,-1,0,0.043,0.000,0.044
21308,-1,0,0.003,0.000,0.003
21309,-1,0,0.023,0.000,0.023
21310,-1,0,0.004,0.000,0.004
21311,-1,0,0.003,0.000,0.003
21312,-1,4,0.002,0.000,0.002
21313,-1,28,0.004,0.000,0.005
21314,-1,2,0.001,0.000,0.001
21315,-1,0,0.015,0.000,0.015
21316,-1,0,0.001,0.000,0.001
21317,-1,6,0.003,0.000,0.003
21318,-1,0,0.005,0.000,0.005
21319,-1,0,0.008,0.000,0.008
21320,-1,6,0.002,0.000,0.002
21321,-1,0,0.009,0.000,0.009
21322,-1,0,0.001,0.000,0.001
21323,-1,0,0.000,0.000,0.001
21324,-1,1,0.254,0.000,0.254
21325,-1,0,0.001,0.000,0.001
21326,-1,0,0.010,0.000,0.010
21327,-1,0,0.001,0.000,0.001
21328,-1,2,0.001,0.000,0.001
21329,-1,0,0.001,0.000,0.001
21330,-1,0,0.002,0.000,0.002
21331,-1,0,0.004,0.000,0.004
21332,-1,0,0.001,0.000,0.001
21333,-1,0,0.001,0.000,0.001
21334,-1,0,0.001,0.000,0.001
21335,-1,0,0.003,0.000,0.003
21336,-1,0,0.001,0.000,0.001
21337,-1,0,0.063,0.000,0.063
21338,-1,5,0.002,0.000,0.002
21339,-1,0,0.005,0.000,0.005
21340,-1,0,0.002,0.000,0.002
21341,-1,0,0.005,0.000,0.005
21342,-1,5,0.003,0.000,0.003
21343,-1,6,0.003,0.000,0.003
21344,-1,2,0.916,0.000,0.916
21345,-1,0,0.004,0.000,0.004
21346,-1,0,0.000,0.000,0.001
21347,-1,0,0.004,0.000,0.005
21348,-1,0,0.001,0.000,0.001
21349,-1,0,0.010,0.000,0.010
21350,-1,4,0.001,0.000,0.002
21351,-1,0,0.001,0.000,0.001
